market,date,observed_minutes,expected_minutes,coverage
KRW-0G,2026-08-16,13,1440,0.009027777777777777
KRW-1INCH,2026-08-16,0,1440,0.0
KRW-2Z,2026-08-16,21,1440,0.014583333333333334
KRW-A,2026-08-16,6,1440,0.004166666666666667
KRW-AAVE,2026-08-16,8,1440,0.005555555555555556
KRW-AERO,2026-08-16,7,1440,0.004861111111111111
KRW-AGLD,2026-08-16,1,1440,0.0006944444444444445
KRW-AHT,2026-08-16,4,1440,0.002777777777777778
KRW-AI,2026-08-16,2,1440,0.001388888888888889
KRW-AKT,2026-08-16,5,1440,0.003472222222222222
KRW-ALGO,2026-08-16,12,1440,0.008333333333333333
KRW-ALT,2026-08-16,3,1440,0.0020833333333333333
KRW-ANIME,2026-08-16,0,1440,0.0
KRW-ANKR,2026-08-16,0,1440,0.0
KRW-API3,2026-08-16,0,1440,0.0
KRW-APT,2026-08-16,11,1440,0.007638888888888889
KRW-ARB,2026-08-16,19,1440,0.013194444444444444
KRW-ARDR,2026-08-16,5,1440,0.003472222222222222
KRW-ARK,2026-08-16,1,1440,0.0006944444444444445
KRW-ARKM,2026-08-16,2,1440,0.001388888888888889
KRW-ARX,2026-08-16,18,1440,0.0125
KRW-ASTR,2026-08-16,6,1440,0.004166666666666667
KRW-ATH,2026-08-16,20,1440,0.013888888888888888
KRW-ATOM,2026-08-16,14,1440,0.009722222222222222
KRW-AUCTION,2026-08-16,1,1440,0.0006944444444444445
KRW-AVAX,2026-08-16,27,1440,0.01875
KRW-AVNT,2026-08-16,13,1440,0.009027777777777777
KRW-AWE,2026-08-16,7,1440,0.004861111111111111
KRW-AXL,2026-08-16,0,1440,0.0
KRW-AXS,2026-08-16,17,1440,0.011805555555555555
KRW-AZTEC,2026-08-16,1,1440,0.0006944444444444445
KRW-B3,2026-08-16,7,1440,0.004861111111111111
KRW-BABY,2026-08-16,3,1440,0.0020833333333333333
KRW-BARD,2026-08-16,5,1440,0.003472222222222222
KRW-BAT,2026-08-16,10,1440,0.006944444444444444
KRW-BCH,2026-08-16,12,1440,0.008333333333333333
KRW-BEAM,2026-08-16,0,1440,0.0
KRW-BERA,2026-08-16,16,1440,0.011111111111111112
KRW-BFC,2026-08-16,0,1440,0.0
KRW-BIGTIME,2026-08-16,52,1440,0.03611111111111111
KRW-BIO,2026-08-16,2,1440,0.001388888888888889
KRW-BIRB,2026-08-16,4,1440,0.002777777777777778
KRW-BLAST,2026-08-16,6,1440,0.004166666666666667
KRW-BLEND,2026-08-16,7,1440,0.004861111111111111
KRW-BLUR,2026-08-16,1,1440,0.0006944444444444445
KRW-BORA,2026-08-16,8,1440,0.005555555555555556
KRW-BOUNTY,2026-08-16,4,1440,0.002777777777777778
KRW-BREV,2026-08-16,1,1440,0.0006944444444444445
KRW-BSB,2026-08-16,42,1440,0.029166666666666667
KRW-BSV,2026-08-16,20,1440,0.013888888888888888
KRW-BTT,2026-08-16,17,1440,0.011805555555555555
KRW-CAP,2026-08-16,54,1440,0.0375
KRW-CARV,2026-08-16,2,1440,0.001388888888888889
KRW-CBK,2026-08-16,4,1440,0.002777777777777778
KRW-CC,2026-08-16,18,1440,0.0125
KRW-CELO,2026-08-16,8,1440,0.005555555555555556
KRW-CFG,2026-08-16,13,1440,0.009027777777777777
KRW-CFX,2026-08-16,0,1440,0.0
KRW-CHIP,2026-08-16,54,1440,0.0375
KRW-CHZ,2026-08-16,6,1440,0.004166666666666667
KRW-CKB,2026-08-16,4,1440,0.002777777777777778
KRW-COMP,2026-08-16,0,1440,0.0
KRW-COW,2026-08-16,47,1440,0.03263888888888889
KRW-CP,2026-08-16,0,1440,0.0
KRW-CPOOL,2026-08-16,11,1440,0.007638888888888889
KRW-CRO,2026-08-16,2,1440,0.001388888888888889
KRW-CRV,2026-08-16,0,1440,0.0
KRW-CTC,2026-08-16,5,1440,0.003472222222222222
KRW-CVC,2026-08-16,4,1440,0.002777777777777778
KRW-CYBER,2026-08-16,3,1440,0.0020833333333333333
KRW-DATA,2026-08-16,14,1440,0.009722222222222222
KRW-DEEP,2026-08-16,9,1440,0.00625
KRW-DKA,2026-08-16,3,1440,0.0020833333333333333
KRW-DOOD,2026-08-16,8,1440,0.005555555555555556
KRW-DOS,2026-08-16,54,1440,0.0375
KRW-DOT,2026-08-16,6,1440,0.004166666666666667
KRW-DRV,2026-08-16,50,1440,0.034722222222222224
KRW-EDGE,2026-08-16,44,1440,0.030555555555555555
KRW-EGLD,2026-08-16,0,1440,0.0
KRW-ELF,2026-08-16,9,1440,0.00625
KRW-ELSA,2026-08-16,14,1440,0.009722222222222222
KRW-ENA,2026-08-16,4,1440,0.002777777777777778
KRW-ENS,2026-08-16,10,1440,0.006944444444444444
KRW-ENSO,2026-08-16,36,1440,0.025
KRW-ERA,2026-08-16,27,1440,0.01875
KRW-ESP,2026-08-16,13,1440,0.009027777777777777
KRW-ETC,2026-08-16,19,1440,0.013194444444444444
KRW-ETHFI,2026-08-16,28,1440,0.019444444444444445
KRW-EUL,2026-08-16,15,1440,0.010416666666666666
KRW-EURC,2026-08-16,0,1440,0.0
KRW-F,2026-08-16,14,1440,0.009722222222222222
KRW-FCT2,2026-08-16,2,1440,0.001388888888888889
KRW-FF,2026-08-16,5,1440,0.003472222222222222
KRW-FIL,2026-08-16,5,1440,0.003472222222222222
KRW-FLOCK,2026-08-16,6,1440,0.004166666666666667
KRW-FLUID,2026-08-16,4,1440,0.002777777777777778
KRW-FOLD,2026-08-16,0,1440,0.0
KRW-G,2026-08-16,4,1440,0.002777777777777778
KRW-GAME2,2026-08-16,7,1440,0.004861111111111111
KRW-GAS,2026-08-16,6,1440,0.004166666666666667
KRW-GEOD,2026-08-16,44,1440,0.030555555555555555
KRW-GLM,2026-08-16,1,1440,0.0006944444444444445
KRW-GMT,2026-08-16,12,1440,0.008333333333333333
KRW-GRT,2026-08-16,1,1440,0.0006944444444444445
KRW-GRVT,2026-08-16,13,1440,0.009027777777777777
KRW-HBAR,2026-08-16,8,1440,0.005555555555555556
KRW-HIVE,2026-08-16,5,1440,0.003472222222222222
KRW-HOLO,2026-08-16,21,1440,0.014583333333333334
KRW-HOME,2026-08-16,42,1440,0.029166666666666667
KRW-HP,2026-08-16,9,1440,0.00625
KRW-HUNT,2026-08-16,0,1440,0.0
KRW-HYPER,2026-08-16,3,1440,0.0020833333333333333
KRW-ICP,2026-08-16,6,1440,0.004166666666666667
KRW-ICX,2026-08-16,2,1440,0.001388888888888889
KRW-ID,2026-08-16,11,1440,0.007638888888888889
KRW-IMX,2026-08-16,4,1440,0.002777777777777778
KRW-IN,2026-08-16,21,1440,0.014583333333333334
KRW-INJ,2026-08-16,3,1440,0.0020833333333333333
KRW-IO,2026-08-16,4,1440,0.002777777777777778
KRW-IOST,2026-08-16,6,1440,0.004166666666666667
KRW-IOTA,2026-08-16,15,1440,0.010416666666666666
KRW-IQ,2026-08-16,3,1440,0.0020833333333333333
KRW-IRYS,2026-08-16,14,1440,0.009722222222222222
KRW-JPYC,2026-08-16,0,1440,0.0
KRW-JST,2026-08-16,2,1440,0.001388888888888889
KRW-JTO,2026-08-16,15,1440,0.010416666666666666
KRW-JUP,2026-08-16,3,1440,0.0020833333333333333
KRW-KAITO,2026-08-16,50,1440,0.034722222222222224
KRW-KAT,2026-08-16,20,1440,0.013888888888888888
KRW-KAVA,2026-08-16,1,1440,0.0006944444444444445
KRW-KERNEL,2026-08-16,5,1440,0.003472222222222222
KRW-KITE,2026-08-16,2,1440,0.001388888888888889
KRW-KMNO,2026-08-16,2,1440,0.001388888888888889
KRW-KNC,2026-08-16,0,1440,0.0
KRW-LA,2026-08-16,13,1440,0.009027777777777777
KRW-LAYER,2026-08-16,6,1440,0.004166666666666667
KRW-LINEA,2026-08-16,0,1440,0.0
KRW-LINK,2026-08-16,31,1440,0.021527777777777778
KRW-LIT,2026-08-16,0,1440,0.0
KRW-LPT,2026-08-16,1,1440,0.0006944444444444445
KRW-LSK,2026-08-16,22,1440,0.015277777777777777
KRW-MANA,2026-08-16,8,1440,0.005555555555555556
KRW-MANTRA,2026-08-16,8,1440,0.005555555555555556
KRW-MASK,2026-08-16,0,1440,0.0
KRW-MBL,2026-08-16,1,1440,0.0006944444444444445
KRW-ME,2026-08-16,5,1440,0.003472222222222222
KRW-MED,2026-08-16,2,1440,0.001388888888888889
KRW-MEGA,2026-08-16,22,1440,0.015277777777777777
KRW-MET2,2026-08-16,1,1440,0.0006944444444444445
KRW-META,2026-08-16,4,1440,0.002777777777777778
KRW-META2,2026-08-16,12,1440,0.008333333333333333
KRW-MEW,2026-08-16,6,1440,0.004166666666666667
KRW-MINA,2026-08-16,1,1440,0.0006944444444444445
KRW-MIRA,2026-08-16,5,1440,0.003472222222222222
KRW-MLK,2026-08-16,7,1440,0.004861111111111111
KRW-MMT,2026-08-16,41,1440,0.02847222222222222
KRW-MNT,2026-08-16,0,1440,0.0
KRW-MOC,2026-08-16,6,1440,0.004166666666666667
KRW-MOCA,2026-08-16,1,1440,0.0006944444444444445
KRW-MON,2026-08-16,1,1440,0.0006944444444444445
KRW-MOODENG,2026-08-16,1,1440,0.0006944444444444445
KRW-MORPHO,2026-08-16,0,1440,0.0
KRW-MOVE,2026-08-16,34,1440,0.02361111111111111
KRW-MTL,2026-08-16,1,1440,0.0006944444444444445
KRW-MVL,2026-08-16,2,1440,0.001388888888888889
KRW-NCT,2026-08-16,0,1440,0.0
KRW-NEAR,2026-08-16,10,1440,0.006944444444444444
KRW-NEO,2026-08-16,3,1440,0.0020833333333333333
KRW-NEWT,2026-08-16,0,1440,0.0
KRW-NXPC,2026-08-16,6,1440,0.004166666666666667
KRW-O,2026-08-16,30,1440,0.020833333333333332
KRW-ONDO,2026-08-16,46,1440,0.03194444444444444
KRW-ONG,2026-08-16,48,1440,0.03333333333333333
KRW-ONT,2026-08-16,20,1440,0.013888888888888888
KRW-OP,2026-08-16,0,1440,0.0
KRW-OPEN,2026-08-16,6,1440,0.004166666666666667
KRW-OPG,2026-08-16,14,1440,0.009722222222222222
KRW-ORBS,2026-08-16,0,1440,0.0
KRW-ORCA,2026-08-16,3,1440,0.0020833333333333333
KRW-ORDER,2026-08-16,3,1440,0.0020833333333333333
KRW-PENDLE,2026-08-16,3,1440,0.0020833333333333333
KRW-PENGU,2026-08-16,10,1440,0.006944444444444444
KRW-PEPE,2026-08-16,12,1440,0.008333333333333333
KRW-PIEVERSE,2026-08-16,33,1440,0.022916666666666665
KRW-PLUME,2026-08-16,28,1440,0.019444444444444445
KRW-POKT,2026-08-16,9,1440,0.00625
KRW-POL,2026-08-16,7,1440,0.004861111111111111
KRW-POLYX,2026-08-16,10,1440,0.006944444444444444
KRW-POWR,2026-08-16,2,1440,0.001388888888888889
KRW-PRL,2026-08-16,54,1440,0.0375
KRW-PROM,2026-08-16,40,1440,0.027777777777777776
KRW-PROS,2026-08-16,21,1440,0.014583333333333334
KRW-PROVE,2026-08-16,2,1440,0.001388888888888889
KRW-PUMP,2026-08-16,5,1440,0.003472222222222222
KRW-PUNDIX,2026-08-16,5,1440,0.003472222222222222
KRW-PYTH,2026-08-16,29,1440,0.02013888888888889
KRW-PYUSD,2026-08-16,0,1440,0.0
KRW-QKC,2026-08-16,2,1440,0.001388888888888889
KRW-QTUM,2026-08-16,10,1440,0.006944444444444444
KRW-QUID,2026-08-16,26,1440,0.018055555555555554
KRW-RAY,2026-08-16,0,1440,0.0
KRW-RE,2026-08-16,42,1440,0.029166666666666667
KRW-RED,2026-08-16,9,1440,0.00625
KRW-RENDER,2026-08-16,10,1440,0.006944444444444444
KRW-RLUSD,2026-08-16,4,1440,0.002777777777777778
KRW-RVN,2026-08-16,10,1440,0.006944444444444444
KRW-SAFE,2026-08-16,1,1440,0.0006944444444444445
KRW-SAHARA,2026-08-16,18,1440,0.0125
KRW-SAND,2026-08-16,13,1440,0.009027777777777777
KRW-SC,2026-08-16,15,1440,0.010416666666666666
KRW-SEI,2026-08-16,14,1440,0.009722222222222222
KRW-SENT,2026-08-16,0,1440,0.0
KRW-SHIB,2026-08-16,36,1440,0.025
KRW-SIGN,2026-08-16,38,1440,0.02638888888888889
KRW-SKR,2026-08-16,0,1440,0.0
KRW-SKY,2026-08-16,7,1440,0.004861111111111111
KRW-SLX,2026-08-16,27,1440,0.01875
KRW-SNT,2026-08-16,0,1440,0.0
KRW-SOMI,2026-08-16,0,1440,0.0
KRW-SONIC,2026-08-16,25,1440,0.017361111111111112
KRW-SOON,2026-08-16,5,1440,0.003472222222222222
KRW-SOPH,2026-08-16,5,1440,0.003472222222222222
KRW-SPK,2026-08-16,4,1440,0.002777777777777778
KRW-SPX,2026-08-16,2,1440,0.001388888888888889
KRW-STEEM,2026-08-16,2,1440,0.001388888888888889
KRW-STRAX,2026-08-16,5,1440,0.003472222222222222
KRW-STX,2026-08-16,4,1440,0.002777777777777778
KRW-SUI,2026-08-16,13,1440,0.009027777777777777
KRW-SUN,2026-08-16,1,1440,0.0006944444444444445
KRW-SUPER,2026-08-16,1,1440,0.0006944444444444445
KRW-SYRUP,2026-08-16,5,1440,0.003472222222222222
KRW-T,2026-08-16,2,1440,0.001388888888888889
KRW-TAIKO,2026-08-16,1,1440,0.0006944444444444445
KRW-TAO,2026-08-16,1,1440,0.0006944444444444445
KRW-TFUEL,2026-08-16,1,1440,0.0006944444444444445
KRW-THETA,2026-08-16,2,1440,0.001388888888888889
KRW-TIA,2026-08-16,4,1440,0.002777777777777778
KRW-TOKAMAK,2026-08-16,7,1440,0.004861111111111111
KRW-TOSHI,2026-08-16,1,1440,0.0006944444444444445
KRW-TRAC,2026-08-16,27,1440,0.01875
KRW-TREE,2026-08-16,13,1440,0.009027777777777777
KRW-TRUMP,2026-08-16,39,1440,0.027083333333333334
KRW-TRUST,2026-08-16,9,1440,0.00625
KRW-UNI,2026-08-16,20,1440,0.013888888888888888
KRW-UP2,2026-08-16,12,1440,0.008333333333333333
KRW-USD1,2026-08-16,8,1440,0.005555555555555556
KRW-USDE,2026-08-16,0,1440,0.0
KRW-USDG,2026-08-16,0,1440,0.0
KRW-USDS,2026-08-16,0,1440,0.0
KRW-VANA,2026-08-16,10,1440,0.006944444444444444
KRW-VET,2026-08-16,15,1440,0.010416666666666666
KRW-VIRTUAL,2026-08-16,11,1440,0.007638888888888889
KRW-VTHO,2026-08-16,2,1440,0.001388888888888889
KRW-VVV,2026-08-16,8,1440,0.005555555555555556
KRW-W,2026-08-16,3,1440,0.0020833333333333333
KRW-WAL,2026-08-16,32,1440,0.022222222222222223
KRW-WAVES,2026-08-16,2,1440,0.001388888888888889
KRW-WAXP,2026-08-16,2,1440,0.001388888888888889
KRW-WCT,2026-08-16,0,1440,0.0
KRW-WET,2026-08-16,0,1440,0.0
KRW-WIF,2026-08-16,0,1440,0.0
KRW-WLD,2026-08-16,0,1440,0.0
KRW-WLFI,2026-08-16,0,1440,0.0
KRW-XAUT,2026-08-16,0,1440,0.0
KRW-XCN,2026-08-16,0,1440,0.0
KRW-XEC,2026-08-16,0,1440,0.0
KRW-XLM,2026-08-16,0,1440,0.0
KRW-XPL,2026-08-16,0,1440,0.0
KRW-XTZ,2026-08-16,0,1440,0.0
KRW-YGG,2026-08-16,0,1440,0.0
KRW-ZAMA,2026-08-16,0,1440,0.0
KRW-ZBT,2026-08-16,0,1440,0.0
KRW-ZETA,2026-08-16,0,1440,0.0
KRW-ZIL,2026-08-16,0,1440,0.0
KRW-ZK,2026-08-16,0,1440,0.0
KRW-ZKC,2026-08-16,0,1440,0.0
KRW-ZKP,2026-08-16,0,1440,0.0
KRW-ZORA,2026-08-16,0,1440,0.0
KRW-ZRO,2026-08-16,0,1440,0.0
KRW-ZRX,2026-08-16,0,1440,0.0
KRW-0G,2026-08-17,461,1440,0.32013888888888886
KRW-1INCH,2026-08-17,43,1440,0.029861111111111113
KRW-2Z,2026-08-17,591,1440,0.41041666666666665
KRW-A,2026-08-17,120,1440,0.08333333333333333
KRW-AAVE,2026-08-17,282,1440,0.19583333333333333
KRW-AERO,2026-08-17,90,1440,0.0625
KRW-AGLD,2026-08-17,74,1440,0.05138888888888889
KRW-AHT,2026-08-17,60,1440,0.041666666666666664
KRW-AI,2026-08-17,148,1440,0.10277777777777777
KRW-AKT,2026-08-17,455,1440,0.3159722222222222
KRW-ALGO,2026-08-17,280,1440,0.19444444444444445
KRW-ALT,2026-08-17,59,1440,0.04097222222222222
KRW-ANIME,2026-08-17,138,1440,0.09583333333333334
KRW-ANKR,2026-08-17,51,1440,0.035416666666666666
KRW-API3,2026-08-17,153,1440,0.10625
KRW-APT,2026-08-17,472,1440,0.3277777777777778
KRW-ARB,2026-08-17,187,1440,0.12986111111111112
KRW-ARDR,2026-08-17,107,1440,0.07430555555555556
KRW-ARK,2026-08-17,77,1440,0.05347222222222222
KRW-ARKM,2026-08-17,88,1440,0.06111111111111111
KRW-ARX,2026-08-17,463,1440,0.3215277777777778
KRW-ASTR,2026-08-17,90,1440,0.0625
KRW-ATH,2026-08-17,405,1440,0.28125
KRW-ATOM,2026-08-17,384,1440,0.26666666666666666
KRW-AUCTION,2026-08-17,74,1440,0.05138888888888889
KRW-AVAX,2026-08-17,659,1440,0.4576388888888889
KRW-AVNT,2026-08-17,368,1440,0.25555555555555554
KRW-AWE,2026-08-17,369,1440,0.25625
KRW-AXL,2026-08-17,95,1440,0.06597222222222222
KRW-AXS,2026-08-17,404,1440,0.28055555555555556
KRW-AZTEC,2026-08-17,92,1440,0.06388888888888888
KRW-B3,2026-08-17,829,1440,0.5756944444444444
KRW-BABY,2026-08-17,87,1440,0.06041666666666667
KRW-BARD,2026-08-17,301,1440,0.20902777777777778
KRW-BAT,2026-08-17,133,1440,0.09236111111111112
KRW-BCH,2026-08-17,464,1440,0.32222222222222224
KRW-BEAM,2026-08-17,70,1440,0.04861111111111111
KRW-BERA,2026-08-17,297,1440,0.20625
KRW-BFC,2026-08-17,0,1440,0.0
KRW-BIGTIME,2026-08-17,830,1440,0.5763888888888888
KRW-BIO,2026-08-17,169,1440,0.11736111111111111
KRW-BIRB,2026-08-17,295,1440,0.2048611111111111
KRW-BLAST,2026-08-17,235,1440,0.16319444444444445
KRW-BLEND,2026-08-17,284,1440,0.19722222222222222
KRW-BLUR,2026-08-17,98,1440,0.06805555555555555
KRW-BORA,2026-08-17,150,1440,0.10416666666666667
KRW-BOUNTY,2026-08-17,97,1440,0.06736111111111111
KRW-BREV,2026-08-17,121,1440,0.08402777777777778
KRW-BSB,2026-08-17,934,1440,0.6486111111111111
KRW-BSV,2026-08-17,392,1440,0.2722222222222222
KRW-BTT,2026-08-17,342,1440,0.2375
KRW-CAP,2026-08-17,1417,1440,0.9840277777777777
KRW-CARV,2026-08-17,151,1440,0.10486111111111111
KRW-CBK,2026-08-17,71,1440,0.049305555555555554
KRW-CC,2026-08-17,251,1440,0.17430555555555555
KRW-CELO,2026-08-17,116,1440,0.08055555555555556
KRW-CFG,2026-08-17,383,1440,0.2659722222222222
KRW-CFX,2026-08-17,79,1440,0.05486111111111111
KRW-CHIP,2026-08-17,1303,1440,0.9048611111111111
KRW-CHZ,2026-08-17,235,1440,0.16319444444444445
KRW-CKB,2026-08-17,72,1440,0.05
KRW-COMP,2026-08-17,79,1440,0.05486111111111111
KRW-COW,2026-08-17,1104,1440,0.7666666666666667
KRW-CP,2026-08-17,0,1440,0.0
KRW-CPOOL,2026-08-17,187,1440,0.12986111111111112
KRW-CRO,2026-08-17,174,1440,0.12083333333333333
KRW-CRV,2026-08-17,0,1440,0.0
KRW-CTC,2026-08-17,328,1440,0.22777777777777777
KRW-CVC,2026-08-17,105,1440,0.07291666666666667
KRW-CYBER,2026-08-17,146,1440,0.10138888888888889
KRW-DATA,2026-08-17,549,1440,0.38125
KRW-DEEP,2026-08-17,152,1440,0.10555555555555556
KRW-DKA,2026-08-17,103,1440,0.07152777777777777
KRW-DOOD,2026-08-17,236,1440,0.1638888888888889
KRW-DOS,2026-08-17,1305,1440,0.90625
KRW-DOT,2026-08-17,247,1440,0.17152777777777778
KRW-DRV,2026-08-17,945,1440,0.65625
KRW-EDGE,2026-08-17,632,1440,0.4388888888888889
KRW-EGLD,2026-08-17,52,1440,0.03611111111111111
KRW-ELF,2026-08-17,197,1440,0.13680555555555557
KRW-ELSA,2026-08-17,632,1440,0.4388888888888889
KRW-ENA,2026-08-17,396,1440,0.275
KRW-ENS,2026-08-17,592,1440,0.4111111111111111
KRW-ENSO,2026-08-17,757,1440,0.5256944444444445
KRW-ERA,2026-08-17,329,1440,0.22847222222222222
KRW-ESP,2026-08-17,369,1440,0.25625
KRW-ETC,2026-08-17,570,1440,0.3958333333333333
KRW-ETHFI,2026-08-17,438,1440,0.30416666666666664
KRW-EUL,2026-08-17,981,1440,0.68125
KRW-EURC,2026-08-17,0,1440,0.0
KRW-F,2026-08-17,148,1440,0.10277777777777777
KRW-FCT2,2026-08-17,109,1440,0.07569444444444444
KRW-FF,2026-08-17,126,1440,0.0875
KRW-FIL,2026-08-17,297,1440,0.20625
KRW-FLOCK,2026-08-17,167,1440,0.11597222222222223
KRW-FLUID,2026-08-17,86,1440,0.059722222222222225
KRW-FOLD,2026-08-17,0,1440,0.0
KRW-G,2026-08-17,564,1440,0.39166666666666666
KRW-GAME2,2026-08-17,47,1440,0.03263888888888889
KRW-GAS,2026-08-17,644,1440,0.44722222222222224
KRW-GEOD,2026-08-17,857,1440,0.5951388888888889
KRW-GLM,2026-08-17,58,1440,0.04027777777777778
KRW-GMT,2026-08-17,258,1440,0.17916666666666667
KRW-GRT,2026-08-17,148,1440,0.10277777777777777
KRW-GRVT,2026-08-17,442,1440,0.30694444444444446
KRW-HBAR,2026-08-17,535,1440,0.3715277777777778
KRW-HIVE,2026-08-17,151,1440,0.10486111111111111
KRW-HOLO,2026-08-17,945,1440,0.65625
KRW-HOME,2026-08-17,1249,1440,0.8673611111111111
KRW-HP,2026-08-17,68,1440,0.04722222222222222
KRW-HUNT,2026-08-17,68,1440,0.04722222222222222
KRW-HYPER,2026-08-17,186,1440,0.12916666666666668
KRW-ICP,2026-08-17,138,1440,0.09583333333333334
KRW-ICX,2026-08-17,146,1440,0.10138888888888889
KRW-ID,2026-08-17,426,1440,0.29583333333333334
KRW-IMX,2026-08-17,66,1440,0.04583333333333333
KRW-IN,2026-08-17,291,1440,0.20208333333333334
KRW-INJ,2026-08-17,203,1440,0.14097222222222222
KRW-IO,2026-08-17,103,1440,0.07152777777777777
KRW-IOST,2026-08-17,153,1440,0.10625
KRW-IOTA,2026-08-17,245,1440,0.1701388888888889
KRW-IQ,2026-08-17,73,1440,0.050694444444444445
KRW-IRYS,2026-08-17,417,1440,0.28958333333333336
KRW-JPYC,2026-08-17,0,1440,0.0
KRW-JST,2026-08-17,160,1440,0.1111111111111111
KRW-JTO,2026-08-17,529,1440,0.36736111111111114
KRW-JUP,2026-08-17,128,1440,0.08888888888888889
KRW-KAITO,2026-08-17,1228,1440,0.8527777777777777
KRW-KAT,2026-08-17,183,1440,0.12708333333333333
KRW-KAVA,2026-08-17,49,1440,0.034027777777777775
KRW-KERNEL,2026-08-17,120,1440,0.08333333333333333
KRW-KITE,2026-08-17,251,1440,0.17430555555555555
KRW-KMNO,2026-08-17,89,1440,0.06180555555555556
KRW-KNC,2026-08-17,57,1440,0.03958333333333333
KRW-LA,2026-08-17,785,1440,0.5451388888888888
KRW-LAYER,2026-08-17,182,1440,0.12638888888888888
KRW-LINEA,2026-08-17,71,1440,0.049305555555555554
KRW-LINK,2026-08-17,870,1440,0.6041666666666666
KRW-LIT,2026-08-17,0,1440,0.0
KRW-LPT,2026-08-17,53,1440,0.03680555555555556
KRW-LSK,2026-08-17,238,1440,0.16527777777777777
KRW-MANA,2026-08-17,146,1440,0.10138888888888889
KRW-MANTRA,2026-08-17,247,1440,0.17152777777777778
KRW-MASK,2026-08-17,52,1440,0.03611111111111111
KRW-MBL,2026-08-17,89,1440,0.06180555555555556
KRW-ME,2026-08-17,345,1440,0.23958333333333334
KRW-MED,2026-08-17,78,1440,0.05416666666666667
KRW-MEGA,2026-08-17,267,1440,0.18541666666666667
KRW-MET2,2026-08-17,97,1440,0.06736111111111111
KRW-META,2026-08-17,96,1440,0.06666666666666667
KRW-META2,2026-08-17,230,1440,0.1597222222222222
KRW-MEW,2026-08-17,160,1440,0.1111111111111111
KRW-MINA,2026-08-17,106,1440,0.07361111111111111
KRW-MIRA,2026-08-17,330,1440,0.22916666666666666
KRW-MLK,2026-08-17,152,1440,0.10555555555555556
KRW-MMT,2026-08-17,735,1440,0.5104166666666666
KRW-MNT,2026-08-17,89,1440,0.06180555555555556
KRW-MOC,2026-08-17,104,1440,0.07222222222222222
KRW-MOCA,2026-08-17,95,1440,0.06597222222222222
KRW-MON,2026-08-17,200,1440,0.1388888888888889
KRW-MOODENG,2026-08-17,83,1440,0.05763888888888889
KRW-MORPHO,2026-08-17,248,1440,0.17222222222222222
KRW-MOVE,2026-08-17,781,1440,0.5423611111111111
KRW-MTL,2026-08-17,72,1440,0.05
KRW-MVL,2026-08-17,70,1440,0.04861111111111111
KRW-NCT,2026-08-17,0,1440,0.0
KRW-NEAR,2026-08-17,606,1440,0.42083333333333334
KRW-NEO,2026-08-17,223,1440,0.15486111111111112
KRW-NEWT,2026-08-17,502,1440,0.3486111111111111
KRW-NXPC,2026-08-17,654,1440,0.45416666666666666
KRW-O,2026-08-17,1039,1440,0.7215277777777778
KRW-ONDO,2026-08-17,1176,1440,0.8166666666666667
KRW-ONG,2026-08-17,1390,1440,0.9652777777777778
KRW-ONT,2026-08-17,1038,1440,0.7208333333333333
KRW-OP,2026-08-17,129,1440,0.08958333333333333
KRW-OPEN,2026-08-17,184,1440,0.12777777777777777
KRW-OPG,2026-08-17,363,1440,0.2520833333333333
KRW-ORBS,2026-08-17,165,1440,0.11458333333333333
KRW-ORCA,2026-08-17,198,1440,0.1375
KRW-ORDER,2026-08-17,117,1440,0.08125
KRW-PENDLE,2026-08-17,317,1440,0.22013888888888888
KRW-PENGU,2026-08-17,542,1440,0.3763888888888889
KRW-PEPE,2026-08-17,379,1440,0.26319444444444445
KRW-PIEVERSE,2026-08-17,689,1440,0.47847222222222224
KRW-PLUME,2026-08-17,519,1440,0.36041666666666666
KRW-POKT,2026-08-17,205,1440,0.1423611111111111
KRW-POL,2026-08-17,270,1440,0.1875
KRW-POLYX,2026-08-17,147,1440,0.10208333333333333
KRW-POWR,2026-08-17,95,1440,0.06597222222222222
KRW-PRL,2026-08-17,1382,1440,0.9597222222222223
KRW-PROM,2026-08-17,1175,1440,0.8159722222222222
KRW-PROS,2026-08-17,114,1440,0.07916666666666666
KRW-PROVE,2026-08-17,106,1440,0.07361111111111111
KRW-PUMP,2026-08-17,708,1440,0.49166666666666664
KRW-PUNDIX,2026-08-17,83,1440,0.05763888888888889
KRW-PYTH,2026-08-17,174,1440,0.12083333333333333
KRW-PYUSD,2026-08-17,0,1440,0.0
KRW-QKC,2026-08-17,79,1440,0.05486111111111111
KRW-QTUM,2026-08-17,178,1440,0.12361111111111112
KRW-QUID,2026-08-17,574,1440,0.39861111111111114
KRW-RAY,2026-08-17,78,1440,0.05416666666666667
KRW-RE,2026-08-17,1131,1440,0.7854166666666667
KRW-RED,2026-08-17,268,1440,0.18611111111111112
KRW-RENDER,2026-08-17,229,1440,0.15902777777777777
KRW-RLUSD,2026-08-17,56,1440,0.03888888888888889
KRW-RVN,2026-08-17,499,1440,0.34652777777777777
KRW-SAFE,2026-08-17,87,1440,0.06041666666666667
KRW-SAHARA,2026-08-17,607,1440,0.4215277777777778
KRW-SAND,2026-08-17,661,1440,0.45902777777777776
KRW-SC,2026-08-17,160,1440,0.1111111111111111
KRW-SEI,2026-08-17,352,1440,0.24444444444444444
KRW-SENT,2026-08-17,58,1440,0.04027777777777778
KRW-SHIB,2026-08-17,1105,1440,0.7673611111111112
KRW-SIGN,2026-08-17,375,1440,0.2604166666666667
KRW-SKR,2026-08-17,103,1440,0.07152777777777777
KRW-SKY,2026-08-17,172,1440,0.11944444444444445
KRW-SLX,2026-08-17,961,1440,0.6673611111111111
KRW-SNT,2026-08-17,899,1440,0.6243055555555556
KRW-SOMI,2026-08-17,92,1440,0.06388888888888888
KRW-SONIC,2026-08-17,322,1440,0.22361111111111112
KRW-SOON,2026-08-17,441,1440,0.30625
KRW-SOPH,2026-08-17,784,1440,0.5444444444444444
KRW-SPK,2026-08-17,281,1440,0.1951388888888889
KRW-SPX,2026-08-17,38,1440,0.02638888888888889
KRW-STEEM,2026-08-17,366,1440,0.25416666666666665
KRW-STRAX,2026-08-17,121,1440,0.08402777777777778
KRW-STX,2026-08-17,276,1440,0.19166666666666668
KRW-SUI,2026-08-17,668,1440,0.4638888888888889
KRW-SUN,2026-08-17,23,1440,0.01597222222222222
KRW-SUPER,2026-08-17,43,1440,0.029861111111111113
KRW-SYRUP,2026-08-17,77,1440,0.05347222222222222
KRW-T,2026-08-17,136,1440,0.09444444444444444
KRW-TAIKO,2026-08-17,122,1440,0.08472222222222223
KRW-TAO,2026-08-17,361,1440,0.25069444444444444
KRW-TFUEL,2026-08-17,81,1440,0.05625
KRW-THETA,2026-08-17,70,1440,0.04861111111111111
KRW-TIA,2026-08-17,103,1440,0.07152777777777777
KRW-TOKAMAK,2026-08-17,146,1440,0.10138888888888889
KRW-TOSHI,2026-08-17,112,1440,0.07777777777777778
KRW-TRAC,2026-08-17,211,1440,0.14652777777777778
KRW-TREE,2026-08-17,241,1440,0.1673611111111111
KRW-TRUMP,2026-08-17,316,1440,0.21944444444444444
KRW-TRUST,2026-08-17,223,1440,0.15486111111111112
KRW-UNI,2026-08-17,534,1440,0.37083333333333335
KRW-UP2,2026-08-17,772,1440,0.5361111111111111
KRW-USD1,2026-08-17,190,1440,0.13194444444444445
KRW-USDE,2026-08-17,15,1440,0.010416666666666666
KRW-USDG,2026-08-17,9,1440,0.00625
KRW-USDS,2026-08-17,5,1440,0.003472222222222222
KRW-VANA,2026-08-17,184,1440,0.12777777777777777
KRW-VET,2026-08-17,209,1440,0.1451388888888889
KRW-VIRTUAL,2026-08-17,503,1440,0.34930555555555554
KRW-VTHO,2026-08-17,80,1440,0.05555555555555555
KRW-VVV,2026-08-17,240,1440,0.16666666666666666
KRW-W,2026-08-17,116,1440,0.08055555555555556
KRW-WAL,2026-08-17,697,1440,0.4840277777777778
KRW-WAVES,2026-08-17,129,1440,0.08958333333333333
KRW-WAXP,2026-08-17,106,1440,0.07361111111111111
KRW-WCT,2026-08-17,0,1440,0.0
KRW-WET,2026-08-17,0,1440,0.0
KRW-WIF,2026-08-17,0,1440,0.0
KRW-WLD,2026-08-17,0,1440,0.0
KRW-WLFI,2026-08-17,0,1440,0.0
KRW-XAUT,2026-08-17,0,1440,0.0
KRW-XCN,2026-08-17,0,1440,0.0
KRW-XEC,2026-08-17,0,1440,0.0
KRW-XLM,2026-08-17,0,1440,0.0
KRW-XPL,2026-08-17,0,1440,0.0
KRW-XTZ,2026-08-17,0,1440,0.0
KRW-YGG,2026-08-17,0,1440,0.0
KRW-ZAMA,2026-08-17,0,1440,0.0
KRW-ZBT,2026-08-17,0,1440,0.0
KRW-ZETA,2026-08-17,0,1440,0.0
KRW-ZIL,2026-08-17,0,1440,0.0
KRW-ZK,2026-08-17,0,1440,0.0
KRW-ZKC,2026-08-17,0,1440,0.0
KRW-ZKP,2026-08-17,0,1440,0.0
KRW-ZORA,2026-08-17,0,1440,0.0
KRW-ZRO,2026-08-17,0,1440,0.0
KRW-ZRX,2026-08-17,0,1440,0.0
KRW-0G,2026-08-18,709,1440,0.49236111111111114
KRW-1INCH,2026-08-18,88,1440,0.06111111111111111
KRW-2Z,2026-08-18,432,1440,0.3
KRW-A,2026-08-18,275,1440,0.1909722222222222
KRW-AAVE,2026-08-18,399,1440,0.27708333333333335
KRW-AERO,2026-08-18,115,1440,0.0798611111111111
KRW-AGLD,2026-08-18,175,1440,0.12152777777777778
KRW-AHT,2026-08-18,57,1440,0.03958333333333333
KRW-AI,2026-08-18,200,1440,0.1388888888888889
KRW-AKT,2026-08-18,402,1440,0.2791666666666667
KRW-ALGO,2026-08-18,380,1440,0.2638888888888889
KRW-ALT,2026-08-18,67,1440,0.04652777777777778
KRW-ANIME,2026-08-18,181,1440,0.12569444444444444
KRW-ANKR,2026-08-18,95,1440,0.06597222222222222
KRW-API3,2026-08-18,207,1440,0.14375
KRW-APT,2026-08-18,460,1440,0.3194444444444444
KRW-ARB,2026-08-18,262,1440,0.18194444444444444
KRW-ARDR,2026-08-18,563,1440,0.3909722222222222
KRW-ARK,2026-08-18,127,1440,0.08819444444444445
KRW-ARKM,2026-08-18,175,1440,0.12152777777777778
KRW-ARX,2026-08-18,849,1440,0.5895833333333333
KRW-ASTR,2026-08-18,163,1440,0.11319444444444444
KRW-ATH,2026-08-18,342,1440,0.2375
KRW-ATOM,2026-08-18,406,1440,0.28194444444444444
KRW-AUCTION,2026-08-18,149,1440,0.10347222222222222
KRW-AVAX,2026-08-18,697,1440,0.4840277777777778
KRW-AVNT,2026-08-18,377,1440,0.26180555555555557
KRW-AWE,2026-08-18,258,1440,0.17916666666666667
KRW-AXL,2026-08-18,156,1440,0.10833333333333334
KRW-AXS,2026-08-18,449,1440,0.31180555555555556
KRW-AZTEC,2026-08-18,114,1440,0.07916666666666666
KRW-B3,2026-08-18,768,1440,0.5333333333333333
KRW-BABY,2026-08-18,148,1440,0.10277777777777777
KRW-BARD,2026-08-18,312,1440,0.21666666666666667
KRW-BAT,2026-08-18,167,1440,0.11597222222222223
KRW-BCH,2026-08-18,460,1440,0.3194444444444444
KRW-BEAM,2026-08-18,133,1440,0.09236111111111112
KRW-BERA,2026-08-18,400,1440,0.2777777777777778
KRW-BFC,2026-08-18,0,1440,0.0
KRW-BIGTIME,2026-08-18,353,1440,0.24513888888888888
KRW-BIO,2026-08-18,111,1440,0.07708333333333334
KRW-BIRB,2026-08-18,315,1440,0.21875
KRW-BLAST,2026-08-18,250,1440,0.1736111111111111
KRW-BLEND,2026-08-18,275,1440,0.1909722222222222
KRW-BLUR,2026-08-18,183,1440,0.12708333333333333
KRW-BORA,2026-08-18,253,1440,0.17569444444444443
KRW-BOUNTY,2026-08-18,415,1440,0.2881944444444444
KRW-BREV,2026-08-18,251,1440,0.17430555555555555
KRW-BSB,2026-08-18,389,1440,0.2701388888888889
KRW-BSV,2026-08-18,306,1440,0.2125
KRW-BTT,2026-08-18,375,1440,0.2604166666666667
KRW-CAP,2026-08-18,1422,1440,0.9875
KRW-CARV,2026-08-18,98,1440,0.06805555555555555
KRW-CBK,2026-08-18,97,1440,0.06736111111111111
KRW-CC,2026-08-18,369,1440,0.25625
KRW-CELO,2026-08-18,191,1440,0.1326388888888889
KRW-CFG,2026-08-18,523,1440,0.36319444444444443
KRW-CFX,2026-08-18,73,1440,0.050694444444444445
KRW-CHIP,2026-08-18,1202,1440,0.8347222222222223
KRW-CHZ,2026-08-18,318,1440,0.22083333333333333
KRW-CKB,2026-08-18,110,1440,0.0763888888888889
KRW-COMP,2026-08-18,603,1440,0.41875
KRW-COW,2026-08-18,794,1440,0.5513888888888889
KRW-CP,2026-08-18,0,1440,0.0
KRW-CPOOL,2026-08-18,280,1440,0.19444444444444445
KRW-CRO,2026-08-18,293,1440,0.20347222222222222
KRW-CRV,2026-08-18,0,1440,0.0
KRW-CTC,2026-08-18,626,1440,0.43472222222222223
KRW-CVC,2026-08-18,152,1440,0.10555555555555556
KRW-CYBER,2026-08-18,139,1440,0.09652777777777778
KRW-DATA,2026-08-18,788,1440,0.5472222222222223
KRW-DEEP,2026-08-18,146,1440,0.10138888888888889
KRW-DKA,2026-08-18,199,1440,0.13819444444444445
KRW-DOOD,2026-08-18,262,1440,0.18194444444444444
KRW-DOS,2026-08-18,1273,1440,0.8840277777777777
KRW-DOT,2026-08-18,395,1440,0.2743055555555556
KRW-DRV,2026-08-18,476,1440,0.33055555555555555
KRW-EDGE,2026-08-18,357,1440,0.24791666666666667
KRW-EGLD,2026-08-18,238,1440,0.16527777777777777
KRW-ELF,2026-08-18,385,1440,0.2673611111111111
KRW-ELSA,2026-08-18,505,1440,0.3506944444444444
KRW-ENA,2026-08-18,424,1440,0.29444444444444445
KRW-ENS,2026-08-18,509,1440,0.35347222222222224
KRW-ENSO,2026-08-18,805,1440,0.5590277777777778
KRW-ERA,2026-08-18,423,1440,0.29375
KRW-ESP,2026-08-18,315,1440,0.21875
KRW-ETC,2026-08-18,726,1440,0.5041666666666667
KRW-ETHFI,2026-08-18,247,1440,0.17152777777777778
KRW-EUL,2026-08-18,1275,1440,0.8854166666666666
KRW-EURC,2026-08-18,0,1440,0.0
KRW-F,2026-08-18,164,1440,0.11388888888888889
KRW-FCT2,2026-08-18,90,1440,0.0625
KRW-FF,2026-08-18,125,1440,0.08680555555555555
KRW-FIL,2026-08-18,594,1440,0.4125
KRW-FLOCK,2026-08-18,249,1440,0.17291666666666666
KRW-FLUID,2026-08-18,90,1440,0.0625
KRW-FOLD,2026-08-18,0,1440,0.0
KRW-G,2026-08-18,665,1440,0.4618055555555556
KRW-GAME2,2026-08-18,233,1440,0.16180555555555556
KRW-GAS,2026-08-18,482,1440,0.3347222222222222
KRW-GEOD,2026-08-18,858,1440,0.5958333333333333
KRW-GLM,2026-08-18,126,1440,0.0875
KRW-GMT,2026-08-18,437,1440,0.3034722222222222
KRW-GRT,2026-08-18,183,1440,0.12708333333333333
KRW-GRVT,2026-08-18,399,1440,0.27708333333333335
KRW-HBAR,2026-08-18,482,1440,0.3347222222222222
KRW-HIVE,2026-08-18,200,1440,0.1388888888888889
KRW-HOLO,2026-08-18,967,1440,0.6715277777777777
KRW-HOME,2026-08-18,1278,1440,0.8875
KRW-HP,2026-08-18,104,1440,0.07222222222222222
KRW-HUNT,2026-08-18,74,1440,0.05138888888888889
KRW-HYPER,2026-08-18,222,1440,0.15416666666666667
KRW-ICP,2026-08-18,210,1440,0.14583333333333334
KRW-ICX,2026-08-18,144,1440,0.1
KRW-ID,2026-08-18,427,1440,0.2965277777777778
KRW-IMX,2026-08-18,263,1440,0.18263888888888888
KRW-IN,2026-08-18,328,1440,0.22777777777777777
KRW-INJ,2026-08-18,230,1440,0.1597222222222222
KRW-IO,2026-08-18,151,1440,0.10486111111111111
KRW-IOST,2026-08-18,147,1440,0.10208333333333333
KRW-IOTA,2026-08-18,273,1440,0.18958333333333333
KRW-IQ,2026-08-18,188,1440,0.13055555555555556
KRW-IRYS,2026-08-18,689,1440,0.47847222222222224
KRW-JPYC,2026-08-18,0,1440,0.0
KRW-JST,2026-08-18,106,1440,0.07361111111111111
KRW-JTO,2026-08-18,458,1440,0.31805555555555554
KRW-JUP,2026-08-18,202,1440,0.14027777777777778
KRW-KAITO,2026-08-18,1276,1440,0.8861111111111111
KRW-KAT,2026-08-18,190,1440,0.13194444444444445
KRW-KAVA,2026-08-18,77,1440,0.05347222222222222
KRW-KERNEL,2026-08-18,59,1440,0.04097222222222222
KRW-KITE,2026-08-18,377,1440,0.26180555555555557
KRW-KMNO,2026-08-18,96,1440,0.06666666666666667
KRW-KNC,2026-08-18,72,1440,0.05
KRW-LA,2026-08-18,1000,1440,0.6944444444444444
KRW-LAYER,2026-08-18,264,1440,0.18333333333333332
KRW-LINEA,2026-08-18,127,1440,0.08819444444444445
KRW-LINK,2026-08-18,880,1440,0.6111111111111112
KRW-LIT,2026-08-18,0,1440,0.0
KRW-LPT,2026-08-18,76,1440,0.05277777777777778
KRW-LSK,2026-08-18,252,1440,0.175
KRW-MANA,2026-08-18,205,1440,0.1423611111111111
KRW-MANTRA,2026-08-18,293,1440,0.20347222222222222
KRW-MASK,2026-08-18,130,1440,0.09027777777777778
KRW-MBL,2026-08-18,163,1440,0.11319444444444444
KRW-ME,2026-08-18,711,1440,0.49375
KRW-MED,2026-08-18,214,1440,0.1486111111111111
KRW-MEGA,2026-08-18,276,1440,0.19166666666666668
KRW-MET2,2026-08-18,140,1440,0.09722222222222222
KRW-META,2026-08-18,147,1440,0.10208333333333333
KRW-META2,2026-08-18,337,1440,0.23402777777777778
KRW-MEW,2026-08-18,202,1440,0.14027777777777778
KRW-MINA,2026-08-18,147,1440,0.10208333333333333
KRW-MIRA,2026-08-18,532,1440,0.36944444444444446
KRW-MLK,2026-08-18,198,1440,0.1375
KRW-MMT,2026-08-18,789,1440,0.5479166666666667
KRW-MNT,2026-08-18,90,1440,0.0625
KRW-MOC,2026-08-18,79,1440,0.05486111111111111
KRW-MOCA,2026-08-18,172,1440,0.11944444444444445
KRW-MON,2026-08-18,247,1440,0.17152777777777778
KRW-MOODENG,2026-08-18,108,1440,0.075
KRW-MORPHO,2026-08-18,383,1440,0.2659722222222222
KRW-MOVE,2026-08-18,723,1440,0.5020833333333333
KRW-MTL,2026-08-18,121,1440,0.08402777777777778
KRW-MVL,2026-08-18,81,1440,0.05625
KRW-NCT,2026-08-18,0,1440,0.0
KRW-NEAR,2026-08-18,761,1440,0.5284722222222222
KRW-NEO,2026-08-18,219,1440,0.15208333333333332
KRW-NEWT,2026-08-18,370,1440,0.2569444444444444
KRW-NXPC,2026-08-18,450,1440,0.3125
KRW-O,2026-08-18,954,1440,0.6625
KRW-ONDO,2026-08-18,1216,1440,0.8444444444444444
KRW-ONG,2026-08-18,1414,1440,0.9819444444444444
KRW-ONT,2026-08-18,924,1440,0.6416666666666667
KRW-OP,2026-08-18,113,1440,0.07847222222222222
KRW-OPEN,2026-08-18,317,1440,0.22013888888888888
KRW-OPG,2026-08-18,564,1440,0.39166666666666666
KRW-ORBS,2026-08-18,207,1440,0.14375
KRW-ORCA,2026-08-18,240,1440,0.16666666666666666
KRW-ORDER,2026-08-18,144,1440,0.1
KRW-PENDLE,2026-08-18,309,1440,0.21458333333333332
KRW-PENGU,2026-08-18,647,1440,0.44930555555555557
KRW-PEPE,2026-08-18,398,1440,0.2763888888888889
KRW-PIEVERSE,2026-08-18,1105,1440,0.7673611111111112
KRW-PLUME,2026-08-18,392,1440,0.2722222222222222
KRW-POKT,2026-08-18,225,1440,0.15625
KRW-POL,2026-08-18,519,1440,0.36041666666666666
KRW-POLYX,2026-08-18,234,1440,0.1625
KRW-POWR,2026-08-18,144,1440,0.1
KRW-PRL,2026-08-18,1255,1440,0.8715277777777778
KRW-PROM,2026-08-18,1142,1440,0.7930555555555555
KRW-PROS,2026-08-18,106,1440,0.07361111111111111
KRW-PROVE,2026-08-18,207,1440,0.14375
KRW-PUMP,2026-08-18,818,1440,0.5680555555555555
KRW-PUNDIX,2026-08-18,106,1440,0.07361111111111111
KRW-PYTH,2026-08-18,192,1440,0.13333333333333333
KRW-PYUSD,2026-08-18,0,1440,0.0
KRW-QKC,2026-08-18,79,1440,0.05486111111111111
KRW-QTUM,2026-08-18,212,1440,0.14722222222222223
KRW-QUID,2026-08-18,926,1440,0.6430555555555556
KRW-RAY,2026-08-18,91,1440,0.06319444444444444
KRW-RE,2026-08-18,877,1440,0.6090277777777777
KRW-RED,2026-08-18,814,1440,0.5652777777777778
KRW-RENDER,2026-08-18,301,1440,0.20902777777777778
KRW-RLUSD,2026-08-18,21,1440,0.014583333333333334
KRW-RVN,2026-08-18,584,1440,0.40555555555555556
KRW-SAFE,2026-08-18,130,1440,0.09027777777777778
KRW-SAHARA,2026-08-18,610,1440,0.4236111111111111
KRW-SAND,2026-08-18,686,1440,0.47638888888888886
KRW-SC,2026-08-18,199,1440,0.13819444444444445
KRW-SEI,2026-08-18,441,1440,0.30625
KRW-SENT,2026-08-18,155,1440,0.1076388888888889
KRW-SHIB,2026-08-18,1106,1440,0.7680555555555556
KRW-SIGN,2026-08-18,260,1440,0.18055555555555555
KRW-SKR,2026-08-18,111,1440,0.07708333333333334
KRW-SKY,2026-08-18,196,1440,0.1361111111111111
KRW-SLX,2026-08-18,1015,1440,0.7048611111111112
KRW-SNT,2026-08-18,1097,1440,0.7618055555555555
KRW-SOMI,2026-08-18,149,1440,0.10347222222222222
KRW-SONIC,2026-08-18,233,1440,0.16180555555555556
KRW-SOON,2026-08-18,322,1440,0.22361111111111112
KRW-SOPH,2026-08-18,802,1440,0.5569444444444445
KRW-SPK,2026-08-18,243,1440,0.16875
KRW-SPX,2026-08-18,110,1440,0.0763888888888889
KRW-STEEM,2026-08-18,202,1440,0.14027777777777778
KRW-STRAX,2026-08-18,169,1440,0.11736111111111111
KRW-STX,2026-08-18,482,1440,0.3347222222222222
KRW-SUI,2026-08-18,959,1440,0.6659722222222222
KRW-SUN,2026-08-18,51,1440,0.035416666666666666
KRW-SUPER,2026-08-18,113,1440,0.07847222222222222
KRW-SYRUP,2026-08-18,97,1440,0.06736111111111111
KRW-T,2026-08-18,228,1440,0.15833333333333333
KRW-TAIKO,2026-08-18,181,1440,0.12569444444444444
KRW-TAO,2026-08-18,425,1440,0.2951388888888889
KRW-TFUEL,2026-08-18,103,1440,0.07152777777777777
KRW-THETA,2026-08-18,100,1440,0.06944444444444445
KRW-TIA,2026-08-18,139,1440,0.09652777777777778
KRW-TOKAMAK,2026-08-18,223,1440,0.15486111111111112
KRW-TOSHI,2026-08-18,105,1440,0.07291666666666667
KRW-TRAC,2026-08-18,172,1440,0.11944444444444445
KRW-TREE,2026-08-18,248,1440,0.17222222222222222
KRW-TRUMP,2026-08-18,387,1440,0.26875
KRW-TRUST,2026-08-18,240,1440,0.16666666666666666
KRW-UNI,2026-08-18,580,1440,0.4027777777777778
KRW-UP2,2026-08-18,622,1440,0.43194444444444446
KRW-USD1,2026-08-18,146,1440,0.10138888888888889
KRW-USDE,2026-08-18,19,1440,0.013194444444444444
KRW-USDG,2026-08-18,7,1440,0.004861111111111111
KRW-USDS,2026-08-18,14,1440,0.009722222222222222
KRW-VANA,2026-08-18,209,1440,0.1451388888888889
KRW-VET,2026-08-18,243,1440,0.16875
KRW-VIRTUAL,2026-08-18,703,1440,0.48819444444444443
KRW-VTHO,2026-08-18,163,1440,0.11319444444444444
KRW-VVV,2026-08-18,902,1440,0.6263888888888889
KRW-W,2026-08-18,147,1440,0.10208333333333333
KRW-WAL,2026-08-18,528,1440,0.36666666666666664
KRW-WAVES,2026-08-18,300,1440,0.20833333333333334
KRW-WAXP,2026-08-18,188,1440,0.13055555555555556
KRW-WCT,2026-08-18,150,1440,0.10416666666666667
KRW-WET,2026-08-18,14,1440,0.009722222222222222
KRW-WIF,2026-08-18,4,1440,0.002777777777777778
KRW-WLD,2026-08-18,82,1440,0.05694444444444444
KRW-WLFI,2026-08-18,32,1440,0.022222222222222223
KRW-XAUT,2026-08-18,30,1440,0.020833333333333332
KRW-XCN,2026-08-18,6,1440,0.004166666666666667
KRW-XEC,2026-08-18,20,1440,0.013888888888888888
KRW-XLM,2026-08-18,88,1440,0.06111111111111111
KRW-XPL,2026-08-18,37,1440,0.025694444444444443
KRW-XTZ,2026-08-18,12,1440,0.008333333333333333
KRW-YGG,2026-08-18,7,1440,0.004861111111111111
KRW-ZAMA,2026-08-18,49,1440,0.034027777777777775
KRW-ZBT,2026-08-18,60,1440,0.041666666666666664
KRW-ZETA,2026-08-18,8,1440,0.005555555555555556
KRW-ZIL,2026-08-18,21,1440,0.014583333333333334
KRW-ZK,2026-08-18,14,1440,0.009722222222222222
KRW-ZKC,2026-08-18,4,1440,0.002777777777777778
KRW-ZKP,2026-08-18,5,1440,0.003472222222222222
KRW-ZORA,2026-08-18,10,1440,0.006944444444444444
KRW-ZRO,2026-08-18,22,1440,0.015277777777777777
KRW-ZRX,2026-08-18,7,1440,0.004861111111111111
KRW-0G,2026-08-19,494,1440,0.34305555555555556
KRW-1INCH,2026-08-19,94,1440,0.06527777777777778
KRW-2Z,2026-08-19,351,1440,0.24375
KRW-A,2026-08-19,190,1440,0.13194444444444445
KRW-AAVE,2026-08-19,336,1440,0.23333333333333334
KRW-AERO,2026-08-19,118,1440,0.08194444444444444
KRW-AGLD,2026-08-19,104,1440,0.07222222222222222
KRW-AHT,2026-08-19,54,1440,0.0375
KRW-AI,2026-08-19,149,1440,0.10347222222222222
KRW-AKT,2026-08-19,490,1440,0.3402777777777778
KRW-ALGO,2026-08-19,277,1440,0.19236111111111112
KRW-ALT,2026-08-19,58,1440,0.04027777777777778
KRW-ANIME,2026-08-19,121,1440,0.08402777777777778
KRW-ANKR,2026-08-19,100,1440,0.06944444444444445
KRW-API3,2026-08-19,134,1440,0.09305555555555556
KRW-APT,2026-08-19,389,1440,0.2701388888888889
KRW-ARB,2026-08-19,252,1440,0.175
KRW-ARDR,2026-08-19,349,1440,0.2423611111111111
KRW-ARK,2026-08-19,94,1440,0.06527777777777778
KRW-ARKM,2026-08-19,113,1440,0.07847222222222222
KRW-ARX,2026-08-19,575,1440,0.3993055555555556
KRW-ASTR,2026-08-19,140,1440,0.09722222222222222
KRW-ATH,2026-08-19,269,1440,0.18680555555555556
KRW-ATOM,2026-08-19,353,1440,0.24513888888888888
KRW-AUCTION,2026-08-19,126,1440,0.0875
KRW-AVAX,2026-08-19,655,1440,0.4548611111111111
KRW-AVNT,2026-08-19,341,1440,0.23680555555555555
KRW-AWE,2026-08-19,200,1440,0.1388888888888889
KRW-AXL,2026-08-19,208,1440,0.14444444444444443
KRW-AXS,2026-08-19,344,1440,0.2388888888888889
KRW-AZTEC,2026-08-19,122,1440,0.08472222222222223
KRW-B3,2026-08-19,572,1440,0.3972222222222222
KRW-BABY,2026-08-19,112,1440,0.07777777777777778
KRW-BARD,2026-08-19,174,1440,0.12083333333333333
KRW-BAT,2026-08-19,95,1440,0.06597222222222222
KRW-BCH,2026-08-19,375,1440,0.2604166666666667
KRW-BEAM,2026-08-19,67,1440,0.04652777777777778
KRW-BERA,2026-08-19,232,1440,0.16111111111111112
KRW-BFC,2026-08-19,0,1440,0.0
KRW-BIGTIME,2026-08-19,255,1440,0.17708333333333334
KRW-BIO,2026-08-19,250,1440,0.1736111111111111
KRW-BIRB,2026-08-19,240,1440,0.16666666666666666
KRW-BLAST,2026-08-19,136,1440,0.09444444444444444
KRW-BLEND,2026-08-19,162,1440,0.1125
KRW-BLUR,2026-08-19,127,1440,0.08819444444444445
KRW-BORA,2026-08-19,160,1440,0.1111111111111111
KRW-BOUNTY,2026-08-19,374,1440,0.25972222222222224
KRW-BREV,2026-08-19,149,1440,0.10347222222222222
KRW-BSB,2026-08-19,282,1440,0.19583333333333333
KRW-BSV,2026-08-19,322,1440,0.22361111111111112
KRW-BTT,2026-08-19,418,1440,0.2902777777777778
KRW-CAP,2026-08-19,1352,1440,0.9388888888888889
KRW-CARV,2026-08-19,101,1440,0.07013888888888889
KRW-CBK,2026-08-19,83,1440,0.05763888888888889
KRW-CC,2026-08-19,197,1440,0.13680555555555557
KRW-CELO,2026-08-19,110,1440,0.0763888888888889
KRW-CFG,2026-08-19,730,1440,0.5069444444444444
KRW-CFX,2026-08-19,64,1440,0.044444444444444446
KRW-CHIP,2026-08-19,893,1440,0.6201388888888889
KRW-CHZ,2026-08-19,224,1440,0.15555555555555556
KRW-CKB,2026-08-19,59,1440,0.04097222222222222
KRW-COMP,2026-08-19,412,1440,0.2861111111111111
KRW-COW,2026-08-19,457,1440,0.3173611111111111
KRW-CP,2026-08-19,0,1440,0.0
KRW-CPOOL,2026-08-19,169,1440,0.11736111111111111
KRW-CRO,2026-08-19,275,1440,0.1909722222222222
KRW-CRV,2026-08-19,0,1440,0.0
KRW-CTC,2026-08-19,410,1440,0.2847222222222222
KRW-CVC,2026-08-19,136,1440,0.09444444444444444
KRW-CYBER,2026-08-19,245,1440,0.1701388888888889
KRW-DATA,2026-08-19,538,1440,0.3736111111111111
KRW-DEEP,2026-08-19,210,1440,0.14583333333333334
KRW-DKA,2026-08-19,251,1440,0.17430555555555555
KRW-DOOD,2026-08-19,200,1440,0.1388888888888889
KRW-DOS,2026-08-19,1241,1440,0.8618055555555556
KRW-DOT,2026-08-19,350,1440,0.24305555555555555
KRW-DRV,2026-08-19,277,1440,0.19236111111111112
KRW-EDGE,2026-08-19,239,1440,0.16597222222222222
KRW-EGLD,2026-08-19,102,1440,0.07083333333333333
KRW-ELF,2026-08-19,1011,1440,0.7020833333333333
KRW-ELSA,2026-08-19,630,1440,0.4375
KRW-ENA,2026-08-19,401,1440,0.27847222222222223
KRW-ENS,2026-08-19,419,1440,0.29097222222222224
KRW-ENSO,2026-08-19,613,1440,0.42569444444444443
KRW-ERA,2026-08-19,377,1440,0.26180555555555557
KRW-ESP,2026-08-19,415,1440,0.2881944444444444
KRW-ETC,2026-08-19,561,1440,0.38958333333333334
KRW-ETHFI,2026-08-19,181,1440,0.12569444444444444
KRW-EUL,2026-08-19,1162,1440,0.8069444444444445
KRW-EURC,2026-08-19,0,1440,0.0
KRW-F,2026-08-19,242,1440,0.16805555555555557
KRW-FCT2,2026-08-19,61,1440,0.04236111111111111
KRW-FF,2026-08-19,198,1440,0.1375
KRW-FIL,2026-08-19,470,1440,0.3263888888888889
KRW-FLOCK,2026-08-19,196,1440,0.1361111111111111
KRW-FLUID,2026-08-19,94,1440,0.06527777777777778
KRW-FOLD,2026-08-19,0,1440,0.0
KRW-G,2026-08-19,461,1440,0.32013888888888886
KRW-GAME2,2026-08-19,257,1440,0.17847222222222223
KRW-GAS,2026-08-19,341,1440,0.23680555555555555
KRW-GEOD,2026-08-19,675,1440,0.46875
KRW-GLM,2026-08-19,148,1440,0.10277777777777777
KRW-GMT,2026-08-19,199,1440,0.13819444444444445
KRW-GRT,2026-08-19,191,1440,0.1326388888888889
KRW-GRVT,2026-08-19,907,1440,0.6298611111111111
KRW-HBAR,2026-08-19,577,1440,0.40069444444444446
KRW-HIVE,2026-08-19,158,1440,0.10972222222222222
KRW-HOLO,2026-08-19,866,1440,0.6013888888888889
KRW-HOME,2026-08-19,1255,1440,0.8715277777777778
KRW-HP,2026-08-19,82,1440,0.05694444444444444
KRW-HUNT,2026-08-19,103,1440,0.07152777777777777
KRW-HYPER,2026-08-19,233,1440,0.16180555555555556
KRW-ICP,2026-08-19,177,1440,0.12291666666666666
KRW-ICX,2026-08-19,119,1440,0.08263888888888889
KRW-ID,2026-08-19,341,1440,0.23680555555555555
KRW-IMX,2026-08-19,309,1440,0.21458333333333332
KRW-IN,2026-08-19,380,1440,0.2638888888888889
KRW-INJ,2026-08-19,279,1440,0.19375
KRW-IO,2026-08-19,93,1440,0.06458333333333334
KRW-IOST,2026-08-19,109,1440,0.07569444444444444
KRW-IOTA,2026-08-19,336,1440,0.23333333333333334
KRW-IQ,2026-08-19,94,1440,0.06527777777777778
KRW-IRYS,2026-08-19,696,1440,0.48333333333333334
KRW-JPYC,2026-08-19,0,1440,0.0
KRW-JST,2026-08-19,94,1440,0.06527777777777778
KRW-JTO,2026-08-19,354,1440,0.24583333333333332
KRW-JUP,2026-08-19,193,1440,0.13402777777777777
KRW-KAITO,2026-08-19,1160,1440,0.8055555555555556
KRW-KAT,2026-08-19,184,1440,0.12777777777777777
KRW-KAVA,2026-08-19,79,1440,0.05486111111111111
KRW-KERNEL,2026-08-19,78,1440,0.05416666666666667
KRW-KITE,2026-08-19,335,1440,0.2326388888888889
KRW-KMNO,2026-08-19,186,1440,0.12916666666666668
KRW-KNC,2026-08-19,55,1440,0.03819444444444445
KRW-LA,2026-08-19,1397,1440,0.9701388888888889
KRW-LAYER,2026-08-19,189,1440,0.13125
KRW-LINEA,2026-08-19,114,1440,0.07916666666666666
KRW-LINK,2026-08-19,959,1440,0.6659722222222222
KRW-LIT,2026-08-19,0,1440,0.0
KRW-LPT,2026-08-19,80,1440,0.05555555555555555
KRW-LSK,2026-08-19,208,1440,0.14444444444444443
KRW-MANA,2026-08-19,193,1440,0.13402777777777777
KRW-MANTRA,2026-08-19,265,1440,0.1840277777777778
KRW-MASK,2026-08-19,261,1440,0.18125
KRW-MBL,2026-08-19,180,1440,0.125
KRW-ME,2026-08-19,454,1440,0.31527777777777777
KRW-MED,2026-08-19,334,1440,0.23194444444444445
KRW-MEGA,2026-08-19,185,1440,0.1284722222222222
KRW-MET2,2026-08-19,373,1440,0.2590277777777778
KRW-META,2026-08-19,62,1440,0.043055555555555555
KRW-META2,2026-08-19,355,1440,0.2465277777777778
KRW-MEW,2026-08-19,206,1440,0.14305555555555555
KRW-MINA,2026-08-19,134,1440,0.09305555555555556
KRW-MIRA,2026-08-19,388,1440,0.26944444444444443
KRW-MLK,2026-08-19,191,1440,0.1326388888888889
KRW-MMT,2026-08-19,630,1440,0.4375
KRW-MNT,2026-08-19,80,1440,0.05555555555555555
KRW-MOC,2026-08-19,83,1440,0.05763888888888889
KRW-MOCA,2026-08-19,101,1440,0.07013888888888889
KRW-MON,2026-08-19,218,1440,0.15138888888888888
KRW-MOODENG,2026-08-19,71,1440,0.049305555555555554
KRW-MORPHO,2026-08-19,314,1440,0.21805555555555556
KRW-MOVE,2026-08-19,836,1440,0.5805555555555556
KRW-MTL,2026-08-19,89,1440,0.06180555555555556
KRW-MVL,2026-08-19,61,1440,0.04236111111111111
KRW-NCT,2026-08-19,0,1440,0.0
KRW-NEAR,2026-08-19,800,1440,0.5555555555555556
KRW-NEO,2026-08-19,205,1440,0.1423611111111111
KRW-NEWT,2026-08-19,249,1440,0.17291666666666666
KRW-NXPC,2026-08-19,254,1440,0.1763888888888889
KRW-O,2026-08-19,600,1440,0.4166666666666667
KRW-ONDO,2026-08-19,1273,1440,0.8840277777777777
KRW-ONG,2026-08-19,1365,1440,0.9479166666666666
KRW-ONT,2026-08-19,672,1440,0.4666666666666667
KRW-OP,2026-08-19,179,1440,0.12430555555555556
KRW-OPEN,2026-08-19,460,1440,0.3194444444444444
KRW-OPG,2026-08-19,459,1440,0.31875
KRW-ORBS,2026-08-19,274,1440,0.19027777777777777
KRW-ORCA,2026-08-19,112,1440,0.07777777777777778
KRW-ORDER,2026-08-19,137,1440,0.09513888888888888
KRW-PENDLE,2026-08-19,211,1440,0.14652777777777778
KRW-PENGU,2026-08-19,622,1440,0.43194444444444446
KRW-PEPE,2026-08-19,301,1440,0.20902777777777778
KRW-PIEVERSE,2026-08-19,834,1440,0.5791666666666667
KRW-PLUME,2026-08-19,347,1440,0.24097222222222223
KRW-POKT,2026-08-19,254,1440,0.1763888888888889
KRW-POL,2026-08-19,411,1440,0.28541666666666665
KRW-POLYX,2026-08-19,171,1440,0.11875
KRW-POWR,2026-08-19,129,1440,0.08958333333333333
KRW-PRL,2026-08-19,1357,1440,0.9423611111111111
KRW-PROM,2026-08-19,1194,1440,0.8291666666666667
KRW-PROS,2026-08-19,249,1440,0.17291666666666666
KRW-PROVE,2026-08-19,230,1440,0.1597222222222222
KRW-PUMP,2026-08-19,660,1440,0.4583333333333333
KRW-PUNDIX,2026-08-19,76,1440,0.05277777777777778
KRW-PYTH,2026-08-19,176,1440,0.12222222222222222
KRW-PYUSD,2026-08-19,0,1440,0.0
KRW-QKC,2026-08-19,59,1440,0.04097222222222222
KRW-QTUM,2026-08-19,179,1440,0.12430555555555556
KRW-QUID,2026-08-19,710,1440,0.4930555555555556
KRW-RAY,2026-08-19,63,1440,0.04375
KRW-RE,2026-08-19,919,1440,0.6381944444444444
KRW-RED,2026-08-19,1019,1440,0.7076388888888889
KRW-RENDER,2026-08-19,263,1440,0.18263888888888888
KRW-RLUSD,2026-08-19,100,1440,0.06944444444444445
KRW-RVN,2026-08-19,721,1440,0.5006944444444444
KRW-SAFE,2026-08-19,128,1440,0.08888888888888889
KRW-SAHARA,2026-08-19,498,1440,0.3458333333333333
KRW-SAND,2026-08-19,433,1440,0.30069444444444443
KRW-SC,2026-08-19,141,1440,0.09791666666666667
KRW-SEI,2026-08-19,409,1440,0.28402777777777777
KRW-SENT,2026-08-19,187,1440,0.12986111111111112
KRW-SHIB,2026-08-19,1080,1440,0.75
KRW-SIGN,2026-08-19,413,1440,0.28680555555555554
KRW-SKR,2026-08-19,61,1440,0.04236111111111111
KRW-SKY,2026-08-19,236,1440,0.1638888888888889
KRW-SLX,2026-08-19,980,1440,0.6805555555555556
KRW-SNT,2026-08-19,820,1440,0.5694444444444444
KRW-SOMI,2026-08-19,247,1440,0.17152777777777778
KRW-SONIC,2026-08-19,184,1440,0.12777777777777777
KRW-SOON,2026-08-19,352,1440,0.24444444444444444
KRW-SOPH,2026-08-19,461,1440,0.32013888888888886
KRW-SPK,2026-08-19,228,1440,0.15833333333333333
KRW-SPX,2026-08-19,128,1440,0.08888888888888889
KRW-STEEM,2026-08-19,300,1440,0.20833333333333334
KRW-STRAX,2026-08-19,245,1440,0.1701388888888889
KRW-STX,2026-08-19,353,1440,0.24513888888888888
KRW-SUI,2026-08-19,900,1440,0.625
KRW-SUN,2026-08-19,136,1440,0.09444444444444444
KRW-SUPER,2026-08-19,73,1440,0.050694444444444445
KRW-SYRUP,2026-08-19,138,1440,0.09583333333333334
KRW-T,2026-08-19,158,1440,0.10972222222222222
KRW-TAIKO,2026-08-19,209,1440,0.1451388888888889
KRW-TAO,2026-08-19,463,1440,0.3215277777777778
KRW-TFUEL,2026-08-19,61,1440,0.04236111111111111
KRW-THETA,2026-08-19,132,1440,0.09166666666666666
KRW-TIA,2026-08-19,110,1440,0.0763888888888889
KRW-TOKAMAK,2026-08-19,179,1440,0.12430555555555556
KRW-TOSHI,2026-08-19,117,1440,0.08125
KRW-TRAC,2026-08-19,180,1440,0.125
KRW-TREE,2026-08-19,325,1440,0.22569444444444445
KRW-TRUMP,2026-08-19,283,1440,0.19652777777777777
KRW-TRUST,2026-08-19,233,1440,0.16180555555555556
KRW-UNI,2026-08-19,499,1440,0.34652777777777777
KRW-UP2,2026-08-19,558,1440,0.3875
KRW-USD1,2026-08-19,229,1440,0.15902777777777777
KRW-USDE,2026-08-19,32,1440,0.022222222222222223
KRW-USDG,2026-08-19,33,1440,0.022916666666666665
KRW-USDS,2026-08-19,9,1440,0.00625
KRW-VANA,2026-08-19,170,1440,0.11805555555555555
KRW-VET,2026-08-19,231,1440,0.16041666666666668
KRW-VIRTUAL,2026-08-19,645,1440,0.4479166666666667
KRW-VTHO,2026-08-19,124,1440,0.08611111111111111
KRW-VVV,2026-08-19,630,1440,0.4375
KRW-W,2026-08-19,166,1440,0.11527777777777778
KRW-WAL,2026-08-19,366,1440,0.25416666666666665
KRW-WAVES,2026-08-19,215,1440,0.14930555555555555
KRW-WAXP,2026-08-19,136,1440,0.09444444444444444
KRW-WCT,2026-08-19,216,1440,0.15
KRW-WET,2026-08-19,118,1440,0.08194444444444444
KRW-WIF,2026-08-19,21,1440,0.014583333333333334
KRW-WLD,2026-08-19,1085,1440,0.7534722222222222
KRW-WLFI,2026-08-19,302,1440,0.20972222222222223
KRW-XAUT,2026-08-19,238,1440,0.16527777777777777
KRW-XCN,2026-08-19,134,1440,0.09305555555555556
KRW-XEC,2026-08-19,299,1440,0.2076388888888889
KRW-XLM,2026-08-19,1146,1440,0.7958333333333333
KRW-XPL,2026-08-19,281,1440,0.1951388888888889
KRW-XTZ,2026-08-19,104,1440,0.07222222222222222
KRW-YGG,2026-08-19,105,1440,0.07291666666666667
KRW-ZAMA,2026-08-19,220,1440,0.1527777777777778
KRW-ZBT,2026-08-19,574,1440,0.39861111111111114
KRW-ZETA,2026-08-19,187,1440,0.12986111111111112
KRW-ZIL,2026-08-19,220,1440,0.1527777777777778
KRW-ZK,2026-08-19,185,1440,0.1284722222222222
KRW-ZKC,2026-08-19,115,1440,0.0798611111111111
KRW-ZKP,2026-08-19,145,1440,0.10069444444444445
KRW-ZORA,2026-08-19,163,1440,0.11319444444444444
KRW-ZRO,2026-08-19,482,1440,0.3347222222222222
KRW-ZRX,2026-08-19,115,1440,0.0798611111111111
KRW-0G,2026-08-20,514,1440,0.35694444444444445
KRW-1INCH,2026-08-20,232,1440,0.16111111111111112
KRW-2Z,2026-08-20,648,1440,0.45
KRW-A,2026-08-20,453,1440,0.3145833333333333
KRW-AAVE,2026-08-20,840,1440,0.5833333333333334
KRW-AERO,2026-08-20,426,1440,0.29583333333333334
KRW-AGLD,2026-08-20,234,1440,0.1625
KRW-AHT,2026-08-20,145,1440,0.10069444444444445
KRW-AI,2026-08-20,299,1440,0.2076388888888889
KRW-AKT,2026-08-20,562,1440,0.3902777777777778
KRW-ALGO,2026-08-20,709,1440,0.49236111111111114
KRW-ALT,2026-08-20,198,1440,0.1375
KRW-ANIME,2026-08-20,323,1440,0.22430555555555556
KRW-ANKR,2026-08-20,264,1440,0.18333333333333332
KRW-API3,2026-08-20,321,1440,0.22291666666666668
KRW-APT,2026-08-20,745,1440,0.5173611111111112
KRW-ARB,2026-08-20,781,1440,0.5423611111111111
KRW-ARDR,2026-08-20,341,1440,0.23680555555555555
KRW-ARK,2026-08-20,216,1440,0.15
KRW-ARKM,2026-08-20,166,1440,0.11527777777777778
KRW-ARX,2026-08-20,612,1440,0.425
KRW-ASTR,2026-08-20,349,1440,0.2423611111111111
KRW-ATH,2026-08-20,496,1440,0.34444444444444444
KRW-ATOM,2026-08-20,658,1440,0.45694444444444443
KRW-AUCTION,2026-08-20,278,1440,0.19305555555555556
KRW-AVAX,2026-08-20,1081,1440,0.7506944444444444
KRW-AVNT,2026-08-20,549,1440,0.38125
KRW-AWE,2026-08-20,424,1440,0.29444444444444445
KRW-AXL,2026-08-20,374,1440,0.25972222222222224
KRW-AXS,2026-08-20,874,1440,0.6069444444444444
KRW-AZTEC,2026-08-20,196,1440,0.1361111111111111
KRW-B3,2026-08-20,641,1440,0.44513888888888886
KRW-BABY,2026-08-20,187,1440,0.12986111111111112
KRW-BARD,2026-08-20,397,1440,0.27569444444444446
KRW-BAT,2026-08-20,226,1440,0.15694444444444444
KRW-BCH,2026-08-20,1184,1440,0.8222222222222222
KRW-BEAM,2026-08-20,194,1440,0.13472222222222222
KRW-BERA,2026-08-20,482,1440,0.3347222222222222
KRW-BFC,2026-08-20,0,1440,0.0
KRW-BIGTIME,2026-08-20,413,1440,0.28680555555555554
KRW-BIO,2026-08-20,1209,1440,0.8395833333333333
KRW-BIRB,2026-08-20,377,1440,0.26180555555555557
KRW-BLAST,2026-08-20,468,1440,0.325
KRW-BLEND,2026-08-20,314,1440,0.21805555555555556
KRW-BLUR,2026-08-20,328,1440,0.22777777777777777
KRW-BORA,2026-08-20,390,1440,0.2708333333333333
KRW-BOUNTY,2026-08-20,354,1440,0.24583333333333332
KRW-BREV,2026-08-20,230,1440,0.1597222222222222
KRW-BSB,2026-08-20,252,1440,0.175
KRW-BSV,2026-08-20,890,1440,0.6180555555555556
KRW-BTT,2026-08-20,680,1440,0.4722222222222222
KRW-CAP,2026-08-20,1381,1440,0.9590277777777778
KRW-CARV,2026-08-20,293,1440,0.20347222222222222
KRW-CBK,2026-08-20,162,1440,0.1125
KRW-CC,2026-08-20,507,1440,0.35208333333333336
KRW-CELO,2026-08-20,288,1440,0.2
KRW-CFG,2026-08-20,919,1440,0.6381944444444444
KRW-CFX,2026-08-20,160,1440,0.1111111111111111
KRW-CHIP,2026-08-20,987,1440,0.6854166666666667
KRW-CHZ,2026-08-20,448,1440,0.3111111111111111
KRW-CKB,2026-08-20,236,1440,0.1638888888888889
KRW-COMP,2026-08-20,426,1440,0.29583333333333334
KRW-COW,2026-08-20,521,1440,0.36180555555555555
KRW-CP,2026-08-20,0,1440,0.0
KRW-CPOOL,2026-08-20,328,1440,0.22777777777777777
KRW-CRO,2026-08-20,792,1440,0.55
KRW-CRV,2026-08-20,0,1440,0.0
KRW-CTC,2026-08-20,639,1440,0.44375
KRW-CVC,2026-08-20,234,1440,0.1625
KRW-CYBER,2026-08-20,293,1440,0.20347222222222222
KRW-DATA,2026-08-20,768,1440,0.5333333333333333
KRW-DEEP,2026-08-20,415,1440,0.2881944444444444
KRW-DKA,2026-08-20,299,1440,0.2076388888888889
KRW-DOOD,2026-08-20,384,1440,0.26666666666666666
KRW-DOS,2026-08-20,1401,1440,0.9729166666666667
KRW-DOT,2026-08-20,627,1440,0.4354166666666667
KRW-DRV,2026-08-20,354,1440,0.24583333333333332
KRW-EDGE,2026-08-20,357,1440,0.24791666666666667
KRW-EGLD,2026-08-20,199,1440,0.13819444444444445
KRW-ELF,2026-08-20,845,1440,0.5868055555555556
KRW-ELSA,2026-08-20,472,1440,0.3277777777777778
KRW-ENA,2026-08-20,987,1440,0.6854166666666667
KRW-ENS,2026-08-20,933,1440,0.6479166666666667
KRW-ENSO,2026-08-20,686,1440,0.47638888888888886
KRW-ERA,2026-08-20,609,1440,0.42291666666666666
KRW-ESP,2026-08-20,723,1440,0.5020833333333333
KRW-ETC,2026-08-20,1171,1440,0.8131944444444444
KRW-ETHFI,2026-08-20,618,1440,0.42916666666666664
KRW-EUL,2026-08-20,1173,1440,0.8145833333333333
KRW-EURC,2026-08-20,0,1440,0.0
KRW-F,2026-08-20,235,1440,0.16319444444444445
KRW-FCT2,2026-08-20,166,1440,0.11527777777777778
KRW-FF,2026-08-20,287,1440,0.19930555555555557
KRW-FIL,2026-08-20,737,1440,0.5118055555555555
KRW-FLOCK,2026-08-20,505,1440,0.3506944444444444
KRW-FLUID,2026-08-20,178,1440,0.12361111111111112
KRW-FOLD,2026-08-20,0,1440,0.0
KRW-G,2026-08-20,549,1440,0.38125
KRW-GAME2,2026-08-20,288,1440,0.2
KRW-GAS,2026-08-20,684,1440,0.475
KRW-GEOD,2026-08-20,518,1440,0.3597222222222222
KRW-GLM,2026-08-20,219,1440,0.15208333333333332
KRW-GMT,2026-08-20,536,1440,0.37222222222222223
KRW-GRT,2026-08-20,424,1440,0.29444444444444445
KRW-GRVT,2026-08-20,1431,1440,0.99375
KRW-HBAR,2026-08-20,1074,1440,0.7458333333333333
KRW-HIVE,2026-08-20,289,1440,0.20069444444444445
KRW-HOLO,2026-08-20,835,1440,0.5798611111111112
KRW-HOME,2026-08-20,1298,1440,0.9013888888888889
KRW-HP,2026-08-20,170,1440,0.11805555555555555
KRW-HUNT,2026-08-20,191,1440,0.1326388888888889
KRW-HYPER,2026-08-20,565,1440,0.3923611111111111
KRW-ICP,2026-08-20,361,1440,0.25069444444444444
KRW-ICX,2026-08-20,728,1440,0.5055555555555555
KRW-ID,2026-08-20,559,1440,0.38819444444444445
KRW-IMX,2026-08-20,370,1440,0.2569444444444444
KRW-IN,2026-08-20,549,1440,0.38125
KRW-INJ,2026-08-20,641,1440,0.44513888888888886
KRW-IO,2026-08-20,143,1440,0.09930555555555555
KRW-IOST,2026-08-20,279,1440,0.19375
KRW-IOTA,2026-08-20,592,1440,0.4111111111111111
KRW-IQ,2026-08-20,248,1440,0.17222222222222222
KRW-IRYS,2026-08-20,544,1440,0.37777777777777777
KRW-JPYC,2026-08-20,0,1440,0.0
KRW-JST,2026-08-20,287,1440,0.19930555555555557
KRW-JTO,2026-08-20,796,1440,0.5527777777777778
KRW-JUP,2026-08-20,487,1440,0.33819444444444446
KRW-KAITO,2026-08-20,1213,1440,0.8423611111111111
KRW-KAT,2026-08-20,334,1440,0.23194444444444445
KRW-KAVA,2026-08-20,488,1440,0.3388888888888889
KRW-KERNEL,2026-08-20,201,1440,0.13958333333333334
KRW-KITE,2026-08-20,409,1440,0.28402777777777777
KRW-KMNO,2026-08-20,270,1440,0.1875
KRW-KNC,2026-08-20,160,1440,0.1111111111111111
KRW-LA,2026-08-20,1280,1440,0.8888888888888888
KRW-LAYER,2026-08-20,506,1440,0.35138888888888886
KRW-LINEA,2026-08-20,250,1440,0.1736111111111111
KRW-LINK,2026-08-20,1323,1440,0.91875
KRW-LIT,2026-08-20,0,1440,0.0
KRW-LPT,2026-08-20,193,1440,0.13402777777777777
KRW-LSK,2026-08-20,328,1440,0.22777777777777777
KRW-MANA,2026-08-20,417,1440,0.28958333333333336
KRW-MANTRA,2026-08-20,435,1440,0.3020833333333333
KRW-MASK,2026-08-20,229,1440,0.15902777777777777
KRW-MBL,2026-08-20,294,1440,0.20416666666666666
KRW-ME,2026-08-20,529,1440,0.36736111111111114
KRW-MED,2026-08-20,420,1440,0.2916666666666667
KRW-MEGA,2026-08-20,725,1440,0.5034722222222222
KRW-MET2,2026-08-20,973,1440,0.6756944444444445
KRW-META,2026-08-20,133,1440,0.09236111111111112
KRW-META2,2026-08-20,691,1440,0.4798611111111111
KRW-MEW,2026-08-20,637,1440,0.4423611111111111
KRW-MINA,2026-08-20,383,1440,0.2659722222222222
KRW-MIRA,2026-08-20,682,1440,0.4736111111111111
KRW-MLK,2026-08-20,348,1440,0.24166666666666667
KRW-MMT,2026-08-20,936,1440,0.65
KRW-MNT,2026-08-20,349,1440,0.2423611111111111
KRW-MOC,2026-08-20,196,1440,0.1361111111111111
KRW-MOCA,2026-08-20,179,1440,0.12430555555555556
KRW-MON,2026-08-20,860,1440,0.5972222222222222
KRW-MOODENG,2026-08-20,423,1440,0.29375
KRW-MORPHO,2026-08-20,437,1440,0.3034722222222222
KRW-MOVE,2026-08-20,952,1440,0.6611111111111111
KRW-MTL,2026-08-20,268,1440,0.18611111111111112
KRW-MVL,2026-08-20,198,1440,0.1375
KRW-NCT,2026-08-20,0,1440,0.0
KRW-NEAR,2026-08-20,1126,1440,0.7819444444444444
KRW-NEO,2026-08-20,507,1440,0.35208333333333336
KRW-NEWT,2026-08-20,345,1440,0.23958333333333334
KRW-NXPC,2026-08-20,337,1440,0.23402777777777778
KRW-O,2026-08-20,497,1440,0.3451388888888889
KRW-ONDO,2026-08-20,1396,1440,0.9694444444444444
KRW-ONG,2026-08-20,1287,1440,0.89375
KRW-ONT,2026-08-20,689,1440,0.47847222222222224
KRW-OP,2026-08-20,261,1440,0.18125
KRW-OPEN,2026-08-20,381,1440,0.26458333333333334
KRW-OPG,2026-08-20,329,1440,0.22847222222222222
KRW-ORBS,2026-08-20,383,1440,0.2659722222222222
KRW-ORCA,2026-08-20,356,1440,0.24722222222222223
KRW-ORDER,2026-08-20,171,1440,0.11875
KRW-PENDLE,2026-08-20,645,1440,0.4479166666666667
KRW-PENGU,2026-08-20,1111,1440,0.7715277777777778
KRW-PEPE,2026-08-20,1080,1440,0.75
KRW-PIEVERSE,2026-08-20,944,1440,0.6555555555555556
KRW-PLUME,2026-08-20,624,1440,0.43333333333333335
KRW-POKT,2026-08-20,324,1440,0.225
KRW-POL,2026-08-20,702,1440,0.4875
KRW-POLYX,2026-08-20,397,1440,0.27569444444444446
KRW-POWR,2026-08-20,325,1440,0.22569444444444445
KRW-PRL,2026-08-20,1436,1440,0.9972222222222222
KRW-PROM,2026-08-20,1174,1440,0.8152777777777778
KRW-PROS,2026-08-20,237,1440,0.16458333333333333
KRW-PROVE,2026-08-20,231,1440,0.16041666666666668
KRW-PUMP,2026-08-20,1164,1440,0.8083333333333333
KRW-PUNDIX,2026-08-20,206,1440,0.14305555555555555
KRW-PYTH,2026-08-20,492,1440,0.3416666666666667
KRW-PYUSD,2026-08-20,0,1440,0.0
KRW-QKC,2026-08-20,143,1440,0.09930555555555555
KRW-QTUM,2026-08-20,562,1440,0.3902777777777778
KRW-QUID,2026-08-20,1022,1440,0.7097222222222223
KRW-RAY,2026-08-20,470,1440,0.3263888888888889
KRW-RE,2026-08-20,1424,1440,0.9888888888888889
KRW-RED,2026-08-20,1183,1440,0.8215277777777777
KRW-RENDER,2026-08-20,606,1440,0.42083333333333334
KRW-RLUSD,2026-08-20,256,1440,0.17777777777777778
KRW-RVN,2026-08-20,669,1440,0.46458333333333335
KRW-SAFE,2026-08-20,139,1440,0.09652777777777778
KRW-SAHARA,2026-08-20,733,1440,0.5090277777777777
KRW-SAND,2026-08-20,818,1440,0.5680555555555555
KRW-SC,2026-08-20,348,1440,0.24166666666666667
KRW-SEI,2026-08-20,856,1440,0.5944444444444444
KRW-SENT,2026-08-20,194,1440,0.13472222222222222
KRW-SHIB,2026-08-20,1342,1440,0.9319444444444445
KRW-SIGN,2026-08-20,676,1440,0.46944444444444444
KRW-SKR,2026-08-20,189,1440,0.13125
KRW-SKY,2026-08-20,277,1440,0.19236111111111112
KRW-SLX,2026-08-20,1183,1440,0.8215277777777777
KRW-SNT,2026-08-20,724,1440,0.5027777777777778
KRW-SOMI,2026-08-20,336,1440,0.23333333333333334
KRW-SONIC,2026-08-20,325,1440,0.22569444444444445
KRW-SOON,2026-08-20,389,1440,0.2701388888888889
KRW-SOPH,2026-08-20,494,1440,0.34305555555555556
KRW-SPK,2026-08-20,367,1440,0.2548611111111111
KRW-SPX,2026-08-20,337,1440,0.23402777777777778
KRW-STEEM,2026-08-20,389,1440,0.2701388888888889
KRW-STRAX,2026-08-20,231,1440,0.16041666666666668
KRW-STX,2026-08-20,879,1440,0.6104166666666667
KRW-SUI,2026-08-20,1285,1440,0.8923611111111112
KRW-SUN,2026-08-20,177,1440,0.12291666666666666
KRW-SUPER,2026-08-20,166,1440,0.11527777777777778
KRW-SYRUP,2026-08-20,282,1440,0.19583333333333333
KRW-T,2026-08-20,349,1440,0.2423611111111111
KRW-TAIKO,2026-08-20,260,1440,0.18055555555555555
KRW-TAO,2026-08-20,750,1440,0.5208333333333334
KRW-TFUEL,2026-08-20,159,1440,0.11041666666666666
KRW-THETA,2026-08-20,307,1440,0.21319444444444444
KRW-TIA,2026-08-20,272,1440,0.18888888888888888
KRW-TOKAMAK,2026-08-20,342,1440,0.2375
KRW-TOSHI,2026-08-20,329,1440,0.22847222222222222
KRW-TRAC,2026-08-20,402,1440,0.2791666666666667
KRW-TREE,2026-08-20,1420,1440,0.9861111111111112
KRW-TRUMP,2026-08-20,1288,1440,0.8944444444444445
KRW-TRUST,2026-08-20,309,1440,0.21458333333333332
KRW-UNI,2026-08-20,959,1440,0.6659722222222222
KRW-UP2,2026-08-20,581,1440,0.40347222222222223
KRW-USD1,2026-08-20,262,1440,0.18194444444444444
KRW-USDE,2026-08-20,62,1440,0.043055555555555555
KRW-USDG,2026-08-20,93,1440,0.06458333333333334
KRW-USDS,2026-08-20,41,1440,0.02847222222222222
KRW-VANA,2026-08-20,411,1440,0.28541666666666665
KRW-VET,2026-08-20,530,1440,0.3680555555555556
KRW-VIRTUAL,2026-08-20,1074,1440,0.7458333333333333
KRW-VTHO,2026-08-20,234,1440,0.1625
KRW-VVV,2026-08-20,510,1440,0.3541666666666667
KRW-W,2026-08-20,250,1440,0.1736111111111111
KRW-WAL,2026-08-20,398,1440,0.2763888888888889
KRW-WAVES,2026-08-20,440,1440,0.3055555555555556
KRW-WAXP,2026-08-20,332,1440,0.23055555555555557
KRW-WCT,2026-08-20,239,1440,0.16597222222222222
KRW-WET,2026-08-20,222,1440,0.15416666666666667
KRW-WIF,2026-08-20,156,1440,0.10833333333333334
KRW-WLD,2026-08-20,1377,1440,0.95625
KRW-WLFI,2026-08-20,835,1440,0.5798611111111112
KRW-XAUT,2026-08-20,349,1440,0.2423611111111111
KRW-XCN,2026-08-20,202,1440,0.14027777777777778
KRW-XEC,2026-08-20,1074,1440,0.7458333333333333
KRW-XLM,2026-08-20,1374,1440,0.9541666666666667
KRW-XPL,2026-08-20,625,1440,0.4340277777777778
KRW-XTZ,2026-08-20,284,1440,0.19722222222222222
KRW-YGG,2026-08-20,201,1440,0.13958333333333334
KRW-ZAMA,2026-08-20,553,1440,0.3840277777777778
KRW-ZBT,2026-08-20,766,1440,0.5319444444444444
KRW-ZETA,2026-08-20,314,1440,0.21805555555555556
KRW-ZIL,2026-08-20,508,1440,0.3527777777777778
KRW-ZK,2026-08-20,353,1440,0.24513888888888888
KRW-ZKC,2026-08-20,301,1440,0.20902777777777778
KRW-ZKP,2026-08-20,414,1440,0.2875
KRW-ZORA,2026-08-20,359,1440,0.24930555555555556
KRW-ZRO,2026-08-20,718,1440,0.4986111111111111
KRW-ZRX,2026-08-20,238,1440,0.16527777777777777
KRW-0G,2026-08-21,646,1440,0.4486111111111111
KRW-1INCH,2026-08-21,325,1440,0.22569444444444445
KRW-2Z,2026-08-21,559,1440,0.38819444444444445
KRW-A,2026-08-21,553,1440,0.3840277777777778
KRW-AAVE,2026-08-21,1014,1440,0.7041666666666667
KRW-AERO,2026-08-21,400,1440,0.2777777777777778
KRW-AGLD,2026-08-21,360,1440,0.25
KRW-AHT,2026-08-21,228,1440,0.15833333333333333
KRW-AI,2026-08-21,458,1440,0.31805555555555554
KRW-AKT,2026-08-21,648,1440,0.45
KRW-ALGO,2026-08-21,757,1440,0.5256944444444445
KRW-ALT,2026-08-21,273,1440,0.18958333333333333
KRW-ANIME,2026-08-21,459,1440,0.31875
KRW-ANKR,2026-08-21,348,1440,0.24166666666666667
KRW-API3,2026-08-21,285,1440,0.19791666666666666
KRW-APT,2026-08-21,1028,1440,0.7138888888888889
KRW-ARB,2026-08-21,659,1440,0.4576388888888889
KRW-ARDR,2026-08-21,525,1440,0.3645833333333333
KRW-ARK,2026-08-21,362,1440,0.2513888888888889
KRW-ARKM,2026-08-21,261,1440,0.18125
KRW-ARX,2026-08-21,922,1440,0.6402777777777777
KRW-ASTR,2026-08-21,405,1440,0.28125
KRW-ATH,2026-08-21,757,1440,0.5256944444444445
KRW-ATOM,2026-08-21,877,1440,0.6090277777777777
KRW-AUCTION,2026-08-21,516,1440,0.35833333333333334
KRW-AVAX,2026-08-21,1247,1440,0.8659722222222223
KRW-AVNT,2026-08-21,677,1440,0.4701388888888889
KRW-AWE,2026-08-21,483,1440,0.33541666666666664
KRW-AXL,2026-08-21,452,1440,0.3138888888888889
KRW-AXS,2026-08-21,1028,1440,0.7138888888888889
KRW-AZTEC,2026-08-21,180,1440,0.125
KRW-B3,2026-08-21,796,1440,0.5527777777777778
KRW-BABY,2026-08-21,450,1440,0.3125
KRW-BARD,2026-08-21,469,1440,0.32569444444444445
KRW-BAT,2026-08-21,496,1440,0.34444444444444444
KRW-BCH,2026-08-21,1324,1440,0.9194444444444444
KRW-BEAM,2026-08-21,235,1440,0.16319444444444445
KRW-BERA,2026-08-21,914,1440,0.6347222222222222
KRW-BFC,2026-08-21,0,1440,0.0
KRW-BIGTIME,2026-08-21,614,1440,0.4263888888888889
KRW-BIO,2026-08-21,1079,1440,0.7493055555555556
KRW-BIRB,2026-08-21,503,1440,0.34930555555555554
KRW-BLAST,2026-08-21,473,1440,0.3284722222222222
KRW-BLEND,2026-08-21,430,1440,0.2986111111111111
KRW-BLUR,2026-08-21,370,1440,0.2569444444444444
KRW-BORA,2026-08-21,586,1440,0.40694444444444444
KRW-BOUNTY,2026-08-21,420,1440,0.2916666666666667
KRW-BREV,2026-08-21,256,1440,0.17777777777777778
KRW-BSB,2026-08-21,467,1440,0.32430555555555557
KRW-BSV,2026-08-21,922,1440,0.6402777777777777
KRW-BTT,2026-08-21,813,1440,0.5645833333333333
KRW-CAP,2026-08-21,1331,1440,0.9243055555555556
KRW-CARV,2026-08-21,398,1440,0.2763888888888889
KRW-CBK,2026-08-21,324,1440,0.225
KRW-CC,2026-08-21,581,1440,0.40347222222222223
KRW-CELO,2026-08-21,489,1440,0.33958333333333335
KRW-CFG,2026-08-21,886,1440,0.6152777777777778
KRW-CFX,2026-08-21,326,1440,0.2263888888888889
KRW-CHIP,2026-08-21,1081,1440,0.7506944444444444
KRW-CHZ,2026-08-21,619,1440,0.42986111111111114
KRW-CKB,2026-08-21,314,1440,0.21805555555555556
KRW-COMP,2026-08-21,307,1440,0.21319444444444444
KRW-COW,2026-08-21,540,1440,0.375
KRW-CP,2026-08-21,0,1440,0.0
KRW-CPOOL,2026-08-21,418,1440,0.2902777777777778
KRW-CRO,2026-08-21,825,1440,0.5729166666666666
KRW-CRV,2026-08-21,654,1440,0.45416666666666666
KRW-CTC,2026-08-21,650,1440,0.4513888888888889
KRW-CVC,2026-08-21,370,1440,0.2569444444444444
KRW-CYBER,2026-08-21,359,1440,0.24930555555555556
KRW-DATA,2026-08-21,924,1440,0.6416666666666667
KRW-DEEP,2026-08-21,562,1440,0.3902777777777778
KRW-DKA,2026-08-21,370,1440,0.2569444444444444
KRW-DOOD,2026-08-21,434,1440,0.3013888888888889
KRW-DOS,2026-08-21,1355,1440,0.9409722222222222
KRW-DOT,2026-08-21,822,1440,0.5708333333333333
KRW-DRV,2026-08-21,932,1440,0.6472222222222223
KRW-EDGE,2026-08-21,503,1440,0.34930555555555554
KRW-EGLD,2026-08-21,355,1440,0.2465277777777778
KRW-ELF,2026-08-21,807,1440,0.5604166666666667
KRW-ELSA,2026-08-21,431,1440,0.29930555555555555
KRW-ENA,2026-08-21,1406,1440,0.9763888888888889
KRW-ENS,2026-08-21,1154,1440,0.8013888888888889
KRW-ENSO,2026-08-21,825,1440,0.5729166666666666
KRW-ERA,2026-08-21,675,1440,0.46875
KRW-ESP,2026-08-21,451,1440,0.31319444444444444
KRW-ETC,2026-08-21,1235,1440,0.8576388888888888
KRW-ETHFI,2026-08-21,564,1440,0.39166666666666666
KRW-EUL,2026-08-21,1145,1440,0.7951388888888888
KRW-EURC,2026-08-21,0,1440,0.0
KRW-F,2026-08-21,342,1440,0.2375
KRW-FCT2,2026-08-21,306,1440,0.2125
KRW-FF,2026-08-21,527,1440,0.3659722222222222
KRW-FIL,2026-08-21,953,1440,0.6618055555555555
KRW-FLOCK,2026-08-21,497,1440,0.3451388888888889
KRW-FLUID,2026-08-21,252,1440,0.175
KRW-FOLD,2026-08-21,0,1440,0.0
KRW-G,2026-08-21,620,1440,0.4305555555555556
KRW-GAME2,2026-08-21,324,1440,0.225
KRW-GAS,2026-08-21,1260,1440,0.875
KRW-GEOD,2026-08-21,1010,1440,0.7013888888888888
KRW-GLM,2026-08-21,458,1440,0.31805555555555554
KRW-GMT,2026-08-21,508,1440,0.3527777777777778
KRW-GRT,2026-08-21,538,1440,0.3736111111111111
KRW-GRVT,2026-08-21,1371,1440,0.9520833333333333
KRW-HBAR,2026-08-21,1150,1440,0.7986111111111112
KRW-HIVE,2026-08-21,446,1440,0.30972222222222223
KRW-HOLO,2026-08-21,1044,1440,0.725
KRW-HOME,2026-08-21,1252,1440,0.8694444444444445
KRW-HP,2026-08-21,240,1440,0.16666666666666666
KRW-HUNT,2026-08-21,281,1440,0.1951388888888889
KRW-HYPER,2026-08-21,719,1440,0.49930555555555556
KRW-ICP,2026-08-21,560,1440,0.3888888888888889
KRW-ICX,2026-08-21,1141,1440,0.7923611111111111
KRW-ID,2026-08-21,660,1440,0.4583333333333333
KRW-IMX,2026-08-21,462,1440,0.32083333333333336
KRW-IN,2026-08-21,656,1440,0.45555555555555555
KRW-INJ,2026-08-21,603,1440,0.41875
KRW-IO,2026-08-21,196,1440,0.1361111111111111
KRW-IOST,2026-08-21,479,1440,0.3326388888888889
KRW-IOTA,2026-08-21,733,1440,0.5090277777777777
KRW-IQ,2026-08-21,404,1440,0.28055555555555556
KRW-IRYS,2026-08-21,532,1440,0.36944444444444446
KRW-JPYC,2026-08-21,0,1440,0.0
KRW-JST,2026-08-21,241,1440,0.1673611111111111
KRW-JTO,2026-08-21,1021,1440,0.7090277777777778
KRW-JUP,2026-08-21,567,1440,0.39375
KRW-KAITO,2026-08-21,1295,1440,0.8993055555555556
KRW-KAT,2026-08-21,514,1440,0.35694444444444445
KRW-KAVA,2026-08-21,650,1440,0.4513888888888889
KRW-KERNEL,2026-08-21,312,1440,0.21666666666666667
KRW-KITE,2026-08-21,644,1440,0.44722222222222224
KRW-KMNO,2026-08-21,299,1440,0.2076388888888889
KRW-KNC,2026-08-21,203,1440,0.14097222222222222
KRW-LA,2026-08-21,1244,1440,0.8638888888888889
KRW-LAYER,2026-08-21,700,1440,0.4861111111111111
KRW-LINEA,2026-08-21,317,1440,0.22013888888888888
KRW-LINK,2026-08-21,1333,1440,0.9256944444444445
KRW-LIT,2026-08-21,0,1440,0.0
KRW-LPT,2026-08-21,293,1440,0.20347222222222222
KRW-LSK,2026-08-21,502,1440,0.3486111111111111
KRW-MANA,2026-08-21,494,1440,0.34305555555555556
KRW-MANTRA,2026-08-21,1024,1440,0.7111111111111111
KRW-MASK,2026-08-21,311,1440,0.21597222222222223
KRW-MBL,2026-08-21,780,1440,0.5416666666666666
KRW-ME,2026-08-21,777,1440,0.5395833333333333
KRW-MED,2026-08-21,523,1440,0.36319444444444443
KRW-MEGA,2026-08-21,863,1440,0.5993055555555555
KRW-MET2,2026-08-21,730,1440,0.5069444444444444
KRW-META,2026-08-21,207,1440,0.14375
KRW-META2,2026-08-21,617,1440,0.4284722222222222
KRW-MEW,2026-08-21,788,1440,0.5472222222222223
KRW-MINA,2026-08-21,520,1440,0.3611111111111111
KRW-MIRA,2026-08-21,839,1440,0.5826388888888889
KRW-MLK,2026-08-21,499,1440,0.34652777777777777
KRW-MMT,2026-08-21,937,1440,0.6506944444444445
KRW-MNT,2026-08-21,542,1440,0.3763888888888889
KRW-MOC,2026-08-21,257,1440,0.17847222222222223
KRW-MOCA,2026-08-21,341,1440,0.23680555555555555
KRW-MON,2026-08-21,931,1440,0.6465277777777778
KRW-MOODENG,2026-08-21,835,1440,0.5798611111111112
KRW-MORPHO,2026-08-21,540,1440,0.375
KRW-MOVE,2026-08-21,1050,1440,0.7291666666666666
KRW-MTL,2026-08-21,338,1440,0.23472222222222222
KRW-MVL,2026-08-21,280,1440,0.19444444444444445
KRW-NCT,2026-08-21,0,1440,0.0
KRW-NEAR,2026-08-21,1306,1440,0.9069444444444444
KRW-NEO,2026-08-21,852,1440,0.5916666666666667
KRW-NEWT,2026-08-21,433,1440,0.30069444444444443
KRW-NXPC,2026-08-21,392,1440,0.2722222222222222
KRW-O,2026-08-21,645,1440,0.4479166666666667
KRW-ONDO,2026-08-21,1433,1440,0.9951388888888889
KRW-ONG,2026-08-21,1434,1440,0.9958333333333333
KRW-ONT,2026-08-21,1378,1440,0.9569444444444445
KRW-OP,2026-08-21,384,1440,0.26666666666666666
KRW-OPEN,2026-08-21,420,1440,0.2916666666666667
KRW-OPG,2026-08-21,502,1440,0.3486111111111111
KRW-ORBS,2026-08-21,381,1440,0.26458333333333334
KRW-ORCA,2026-08-21,453,1440,0.3145833333333333
KRW-ORDER,2026-08-21,278,1440,0.19305555555555556
KRW-PENDLE,2026-08-21,535,1440,0.3715277777777778
KRW-PENGU,2026-08-21,1156,1440,0.8027777777777778
KRW-PEPE,2026-08-21,1208,1440,0.8388888888888889
KRW-PIEVERSE,2026-08-21,851,1440,0.5909722222222222
KRW-PLUME,2026-08-21,691,1440,0.4798611111111111
KRW-POKT,2026-08-21,482,1440,0.3347222222222222
KRW-POL,2026-08-21,941,1440,0.6534722222222222
KRW-POLYX,2026-08-21,511,1440,0.3548611111111111
KRW-POWR,2026-08-21,454,1440,0.31527777777777777
KRW-PRL,2026-08-21,1423,1440,0.9881944444444445
KRW-PROM,2026-08-21,1198,1440,0.8319444444444445
KRW-PROS,2026-08-21,303,1440,0.21041666666666667
KRW-PROVE,2026-08-21,323,1440,0.22430555555555556
KRW-PUMP,2026-08-21,1324,1440,0.9194444444444444
KRW-PUNDIX,2026-08-21,305,1440,0.21180555555555555
KRW-PYTH,2026-08-21,731,1440,0.5076388888888889
KRW-PYUSD,2026-08-21,0,1440,0.0
KRW-QKC,2026-08-21,280,1440,0.19444444444444445
KRW-QTUM,2026-08-21,898,1440,0.6236111111111111
KRW-QUID,2026-08-21,1007,1440,0.6993055555555555
KRW-RAY,2026-08-21,366,1440,0.25416666666666665
KRW-RE,2026-08-21,1264,1440,0.8777777777777778
KRW-RED,2026-08-21,1054,1440,0.7319444444444444
KRW-RENDER,2026-08-21,696,1440,0.48333333333333334
KRW-RLUSD,2026-08-21,284,1440,0.19722222222222222
KRW-RVN,2026-08-21,693,1440,0.48125
KRW-SAFE,2026-08-21,200,1440,0.1388888888888889
KRW-SAHARA,2026-08-21,894,1440,0.6208333333333333
KRW-SAND,2026-08-21,1067,1440,0.7409722222222223
KRW-SC,2026-08-21,490,1440,0.3402777777777778
KRW-SEI,2026-08-21,973,1440,0.6756944444444445
KRW-SENT,2026-08-21,258,1440,0.17916666666666667
KRW-SHIB,2026-08-21,1401,1440,0.9729166666666667
KRW-SIGN,2026-08-21,531,1440,0.36875
KRW-SKR,2026-08-21,202,1440,0.14027777777777778
KRW-SKY,2026-08-21,352,1440,0.24444444444444444
KRW-SLX,2026-08-21,1261,1440,0.8756944444444444
KRW-SNT,2026-08-21,1052,1440,0.7305555555555555
KRW-SOMI,2026-08-21,343,1440,0.23819444444444443
KRW-SONIC,2026-08-21,648,1440,0.45
KRW-SOON,2026-08-21,463,1440,0.3215277777777778
KRW-SOPH,2026-08-21,557,1440,0.38680555555555557
KRW-SPK,2026-08-21,834,1440,0.5791666666666667
KRW-SPX,2026-08-21,423,1440,0.29375
KRW-STEEM,2026-08-21,724,1440,0.5027777777777778
KRW-STRAX,2026-08-21,364,1440,0.25277777777777777
KRW-STX,2026-08-21,1132,1440,0.7861111111111111
KRW-SUI,2026-08-21,1388,1440,0.9638888888888889
KRW-SUN,2026-08-21,271,1440,0.18819444444444444
KRW-SUPER,2026-08-21,315,1440,0.21875
KRW-SYRUP,2026-08-21,327,1440,0.22708333333333333
KRW-T,2026-08-21,501,1440,0.34791666666666665
KRW-TAIKO,2026-08-21,429,1440,0.29791666666666666
KRW-TAO,2026-08-21,906,1440,0.6291666666666667
KRW-TFUEL,2026-08-21,303,1440,0.21041666666666667
KRW-THETA,2026-08-21,394,1440,0.27361111111111114
KRW-TIA,2026-08-21,427,1440,0.2965277777777778
KRW-TOKAMAK,2026-08-21,361,1440,0.25069444444444444
KRW-TOSHI,2026-08-21,411,1440,0.28541666666666665
KRW-TRAC,2026-08-21,455,1440,0.3159722222222222
KRW-TREE,2026-08-21,1188,1440,0.825
KRW-TRUMP,2026-08-21,1383,1440,0.9604166666666667
KRW-TRUST,2026-08-21,432,1440,0.3
KRW-UNI,2026-08-21,1004,1440,0.6972222222222222
KRW-UP2,2026-08-21,612,1440,0.425
KRW-USD1,2026-08-21,384,1440,0.26666666666666666
KRW-USDE,2026-08-21,90,1440,0.0625
KRW-USDG,2026-08-21,53,1440,0.03680555555555556
KRW-USDS,2026-08-21,57,1440,0.03958333333333333
KRW-VANA,2026-08-21,536,1440,0.37222222222222223
KRW-VET,2026-08-21,697,1440,0.4840277777777778
KRW-VIRTUAL,2026-08-21,1098,1440,0.7625
KRW-VTHO,2026-08-21,383,1440,0.2659722222222222
KRW-VVV,2026-08-21,659,1440,0.4576388888888889
KRW-W,2026-08-21,356,1440,0.24722222222222223
KRW-WAL,2026-08-21,516,1440,0.35833333333333334
KRW-WAVES,2026-08-21,499,1440,0.34652777777777777
KRW-WAXP,2026-08-21,505,1440,0.3506944444444444
KRW-WCT,2026-08-21,323,1440,0.22430555555555556
KRW-WET,2026-08-21,281,1440,0.1951388888888889
KRW-WIF,2026-08-21,295,1440,0.2048611111111111
KRW-WLD,2026-08-21,1374,1440,0.9541666666666667
KRW-WLFI,2026-08-21,850,1440,0.5902777777777778
KRW-XAUT,2026-08-21,492,1440,0.3416666666666667
KRW-XCN,2026-08-21,377,1440,0.26180555555555557
KRW-XEC,2026-08-21,1033,1440,0.7173611111111111
KRW-XLM,2026-08-21,1435,1440,0.9965277777777778
KRW-XPL,2026-08-21,987,1440,0.6854166666666667
KRW-XTZ,2026-08-21,414,1440,0.2875
KRW-YGG,2026-08-21,388,1440,0.26944444444444443
KRW-ZAMA,2026-08-21,452,1440,0.3138888888888889
KRW-ZBT,2026-08-21,929,1440,0.6451388888888889
KRW-ZETA,2026-08-21,456,1440,0.31666666666666665
KRW-ZIL,2026-08-21,671,1440,0.46597222222222223
KRW-ZK,2026-08-21,476,1440,0.33055555555555555
KRW-ZKC,2026-08-21,434,1440,0.3013888888888889
KRW-ZKP,2026-08-21,490,1440,0.3402777777777778
KRW-ZORA,2026-08-21,835,1440,0.5798611111111112
KRW-ZRO,2026-08-21,934,1440,0.6486111111111111
KRW-ZRX,2026-08-21,315,1440,0.21875
KRW-0G,2026-08-22,790,1440,0.5486111111111112
KRW-1INCH,2026-08-22,424,1440,0.29444444444444445
KRW-2Z,2026-08-22,525,1440,0.3645833333333333
KRW-A,2026-08-22,599,1440,0.41597222222222224
KRW-AAVE,2026-08-22,1242,1440,0.8625
KRW-AERO,2026-08-22,486,1440,0.3375
KRW-AGLD,2026-08-22,496,1440,0.34444444444444444
KRW-AHT,2026-08-22,440,1440,0.3055555555555556
KRW-AI,2026-08-22,559,1440,0.38819444444444445
KRW-AKT,2026-08-22,760,1440,0.5277777777777778
KRW-ALGO,2026-08-22,867,1440,0.6020833333333333
KRW-ALT,2026-08-22,354,1440,0.24583333333333332
KRW-ANIME,2026-08-22,581,1440,0.40347222222222223
KRW-ANKR,2026-08-22,524,1440,0.3638888888888889
KRW-API3,2026-08-22,371,1440,0.25763888888888886
KRW-APT,2026-08-22,1037,1440,0.7201388888888889
KRW-ARB,2026-08-22,802,1440,0.5569444444444445
KRW-ARDR,2026-08-22,609,1440,0.42291666666666666
KRW-ARK,2026-08-22,502,1440,0.3486111111111111
KRW-ARKM,2026-08-22,391,1440,0.27152777777777776
KRW-ARX,2026-08-22,860,1440,0.5972222222222222
KRW-ASTR,2026-08-22,500,1440,0.3472222222222222
KRW-ATH,2026-08-22,867,1440,0.6020833333333333
KRW-ATOM,2026-08-22,1001,1440,0.6951388888888889
KRW-AUCTION,2026-08-22,639,1440,0.44375
KRW-AVAX,2026-08-22,1297,1440,0.9006944444444445
KRW-AVNT,2026-08-22,801,1440,0.55625
KRW-AWE,2026-08-22,582,1440,0.4041666666666667
KRW-AXL,2026-08-22,552,1440,0.38333333333333336
KRW-AXS,2026-08-22,1089,1440,0.75625
KRW-AZTEC,2026-08-22,299,1440,0.2076388888888889
KRW-B3,2026-08-22,1024,1440,0.7111111111111111
KRW-BABY,2026-08-22,520,1440,0.3611111111111111
KRW-BARD,2026-08-22,623,1440,0.4326388888888889
KRW-BAT,2026-08-22,640,1440,0.4444444444444444
KRW-BCH,2026-08-22,1419,1440,0.9854166666666667
KRW-BEAM,2026-08-22,317,1440,0.22013888888888888
KRW-BERA,2026-08-22,947,1440,0.6576388888888889
KRW-BFC,2026-08-22,0,1440,0.0
KRW-BIGTIME,2026-08-22,977,1440,0.6784722222222223
KRW-BIO,2026-08-22,739,1440,0.5131944444444444
KRW-BIRB,2026-08-22,750,1440,0.5208333333333334
KRW-BLAST,2026-08-22,579,1440,0.40208333333333335
KRW-BLEND,2026-08-22,596,1440,0.41388888888888886
KRW-BLUR,2026-08-22,625,1440,0.4340277777777778
KRW-BORA,2026-08-22,750,1440,0.5208333333333334
KRW-BOUNTY,2026-08-22,441,1440,0.30625
KRW-BREV,2026-08-22,326,1440,0.2263888888888889
KRW-BSB,2026-08-22,780,1440,0.5416666666666666
KRW-BSV,2026-08-22,1059,1440,0.7354166666666667
KRW-BTT,2026-08-22,915,1440,0.6354166666666666
KRW-CAP,2026-08-22,1209,1440,0.8395833333333333
KRW-CARV,2026-08-22,536,1440,0.37222222222222223
KRW-CBK,2026-08-22,428,1440,0.2972222222222222
KRW-CC,2026-08-22,801,1440,0.55625
KRW-CELO,2026-08-22,450,1440,0.3125
KRW-CFG,2026-08-22,812,1440,0.5638888888888889
KRW-CFX,2026-08-22,270,1440,0.1875
KRW-CHIP,2026-08-22,965,1440,0.6701388888888888
KRW-CHZ,2026-08-22,815,1440,0.5659722222222222
KRW-CKB,2026-08-22,387,1440,0.26875
KRW-COMP,2026-08-22,484,1440,0.33611111111111114
KRW-COW,2026-08-22,545,1440,0.3784722222222222
KRW-CP,2026-08-22,0,1440,0.0
KRW-CPOOL,2026-08-22,424,1440,0.29444444444444445
KRW-CRO,2026-08-22,1059,1440,0.7354166666666667
KRW-CRV,2026-08-22,1254,1440,0.8708333333333333
KRW-CTC,2026-08-22,932,1440,0.6472222222222223
KRW-CVC,2026-08-22,506,1440,0.35138888888888886
KRW-CYBER,2026-08-22,359,1440,0.24930555555555556
KRW-DATA,2026-08-22,1062,1440,0.7375
KRW-DEEP,2026-08-22,1047,1440,0.7270833333333333
KRW-DKA,2026-08-22,608,1440,0.4222222222222222
KRW-DOOD,2026-08-22,686,1440,0.47638888888888886
KRW-DOS,2026-08-22,1248,1440,0.8666666666666667
KRW-DOT,2026-08-22,1029,1440,0.7145833333333333
KRW-DRV,2026-08-22,682,1440,0.4736111111111111
KRW-EDGE,2026-08-22,893,1440,0.6201388888888889
KRW-EGLD,2026-08-22,411,1440,0.28541666666666665
KRW-ELF,2026-08-22,728,1440,0.5055555555555555
KRW-ELSA,2026-08-22,618,1440,0.42916666666666664
KRW-ENA,2026-08-22,1424,1440,0.9888888888888889
KRW-ENS,2026-08-22,1358,1440,0.9430555555555555
KRW-ENSO,2026-08-22,963,1440,0.66875
KRW-ERA,2026-08-22,775,1440,0.5381944444444444
KRW-ESP,2026-08-22,727,1440,0.5048611111111111
KRW-ETC,2026-08-22,1354,1440,0.9402777777777778
KRW-ETHFI,2026-08-22,779,1440,0.5409722222222222
KRW-EUL,2026-08-22,1073,1440,0.7451388888888889
KRW-EURC,2026-08-22,0,1440,0.0
KRW-F,2026-08-22,417,1440,0.28958333333333336
KRW-FCT2,2026-08-22,491,1440,0.34097222222222223
KRW-FF,2026-08-22,454,1440,0.31527777777777777
KRW-FIL,2026-08-22,933,1440,0.6479166666666667
KRW-FLOCK,2026-08-22,594,1440,0.4125
KRW-FLUID,2026-08-22,344,1440,0.2388888888888889
KRW-FOLD,2026-08-22,0,1440,0.0
KRW-G,2026-08-22,714,1440,0.49583333333333335
KRW-GAME2,2026-08-22,503,1440,0.34930555555555554
KRW-GAS,2026-08-22,1272,1440,0.8833333333333333
KRW-GEOD,2026-08-22,974,1440,0.6763888888888889
KRW-GLM,2026-08-22,524,1440,0.3638888888888889
KRW-GMT,2026-08-22,497,1440,0.3451388888888889
KRW-GRT,2026-08-22,701,1440,0.48680555555555555
KRW-GRVT,2026-08-22,1366,1440,0.9486111111111111
KRW-HBAR,2026-08-22,1222,1440,0.8486111111111111
KRW-HIVE,2026-08-22,612,1440,0.425
KRW-HOLO,2026-08-22,946,1440,0.6569444444444444
KRW-HOME,2026-08-22,1273,1440,0.8840277777777777
KRW-HP,2026-08-22,396,1440,0.275
KRW-HUNT,2026-08-22,389,1440,0.2701388888888889
KRW-HYPER,2026-08-22,740,1440,0.5138888888888888
KRW-ICP,2026-08-22,571,1440,0.39652777777777776
KRW-ICX,2026-08-22,942,1440,0.6541666666666667
KRW-ID,2026-08-22,808,1440,0.5611111111111111
KRW-IMX,2026-08-22,501,1440,0.34791666666666665
KRW-IN,2026-08-22,896,1440,0.6222222222222222
KRW-INJ,2026-08-22,735,1440,0.5104166666666666
KRW-IO,2026-08-22,208,1440,0.14444444444444443
KRW-IOST,2026-08-22,701,1440,0.48680555555555555
KRW-IOTA,2026-08-22,987,1440,0.6854166666666667
KRW-IQ,2026-08-22,582,1440,0.4041666666666667
KRW-IRYS,2026-08-22,705,1440,0.4895833333333333
KRW-JPYC,2026-08-22,0,1440,0.0
KRW-JST,2026-08-22,398,1440,0.2763888888888889
KRW-JTO,2026-08-22,1071,1440,0.74375
KRW-JUP,2026-08-22,679,1440,0.47152777777777777
KRW-KAITO,2026-08-22,1363,1440,0.9465277777777777
KRW-KAT,2026-08-22,635,1440,0.4409722222222222
KRW-KAVA,2026-08-22,679,1440,0.47152777777777777
KRW-KERNEL,2026-08-22,354,1440,0.24583333333333332
KRW-KITE,2026-08-22,734,1440,0.5097222222222222
KRW-KMNO,2026-08-22,630,1440,0.4375
KRW-KNC,2026-08-22,343,1440,0.23819444444444443
KRW-LA,2026-08-22,1212,1440,0.8416666666666667
KRW-LAYER,2026-08-22,829,1440,0.5756944444444444
KRW-LINEA,2026-08-22,412,1440,0.2861111111111111
KRW-LINK,2026-08-22,1382,1440,0.9597222222222223
KRW-LIT,2026-08-22,0,1440,0.0
KRW-LPT,2026-08-22,502,1440,0.3486111111111111
KRW-LSK,2026-08-22,536,1440,0.37222222222222223
KRW-MANA,2026-08-22,534,1440,0.37083333333333335
KRW-MANTRA,2026-08-22,1005,1440,0.6979166666666666
KRW-MASK,2026-08-22,414,1440,0.2875
KRW-MBL,2026-08-22,632,1440,0.4388888888888889
KRW-ME,2026-08-22,1081,1440,0.7506944444444444
KRW-MED,2026-08-22,543,1440,0.3770833333333333
KRW-MEGA,2026-08-22,822,1440,0.5708333333333333
KRW-MET2,2026-08-22,584,1440,0.40555555555555556
KRW-META,2026-08-22,343,1440,0.23819444444444443
KRW-META2,2026-08-22,490,1440,0.3402777777777778
KRW-MEW,2026-08-22,903,1440,0.6270833333333333
KRW-MINA,2026-08-22,879,1440,0.6104166666666667
KRW-MIRA,2026-08-22,1043,1440,0.7243055555555555
KRW-MLK,2026-08-22,632,1440,0.4388888888888889
KRW-MMT,2026-08-22,1049,1440,0.7284722222222222
KRW-MNT,2026-08-22,770,1440,0.5347222222222222
KRW-MOC,2026-08-22,466,1440,0.3236111111111111
KRW-MOCA,2026-08-22,383,1440,0.2659722222222222
KRW-MON,2026-08-22,694,1440,0.48194444444444445
KRW-MOODENG,2026-08-22,898,1440,0.6236111111111111
KRW-MORPHO,2026-08-22,596,1440,0.41388888888888886
KRW-MOVE,2026-08-22,1231,1440,0.8548611111111111
KRW-MTL,2026-08-22,481,1440,0.33402777777777776
KRW-MVL,2026-08-22,545,1440,0.3784722222222222
KRW-NCT,2026-08-22,0,1440,0.0
KRW-NEAR,2026-08-22,1350,1440,0.9375
KRW-NEO,2026-08-22,883,1440,0.6131944444444445
KRW-NEWT,2026-08-22,496,1440,0.34444444444444444
KRW-NXPC,2026-08-22,609,1440,0.42291666666666666
KRW-O,2026-08-22,1001,1440,0.6951388888888889
KRW-ONDO,2026-08-22,1436,1440,0.9972222222222222
KRW-ONG,2026-08-22,1384,1440,0.9611111111111111
KRW-ONT,2026-08-22,1255,1440,0.8715277777777778
KRW-OP,2026-08-22,502,1440,0.3486111111111111
KRW-OPEN,2026-08-22,481,1440,0.33402777777777776
KRW-OPG,2026-08-22,517,1440,0.3590277777777778
KRW-ORBS,2026-08-22,460,1440,0.3194444444444444
KRW-ORCA,2026-08-22,524,1440,0.3638888888888889
KRW-ORDER,2026-08-22,343,1440,0.23819444444444443
KRW-PENDLE,2026-08-22,674,1440,0.46805555555555556
KRW-PENGU,2026-08-22,1217,1440,0.8451388888888889
KRW-PEPE,2026-08-22,1362,1440,0.9458333333333333
KRW-PIEVERSE,2026-08-22,1146,1440,0.7958333333333333
KRW-PLUME,2026-08-22,661,1440,0.45902777777777776
KRW-POKT,2026-08-22,561,1440,0.38958333333333334
KRW-POL,2026-08-22,1054,1440,0.7319444444444444
KRW-POLYX,2026-08-22,663,1440,0.46041666666666664
KRW-POWR,2026-08-22,679,1440,0.47152777777777777
KRW-PRL,2026-08-22,1398,1440,0.9708333333333333
KRW-PROM,2026-08-22,1305,1440,0.90625
KRW-PROS,2026-08-22,427,1440,0.2965277777777778
KRW-PROVE,2026-08-22,498,1440,0.3458333333333333
KRW-PUMP,2026-08-22,1261,1440,0.8756944444444444
KRW-PUNDIX,2026-08-22,446,1440,0.30972222222222223
KRW-PYTH,2026-08-22,904,1440,0.6277777777777778
KRW-PYUSD,2026-08-22,0,1440,0.0
KRW-QKC,2026-08-22,346,1440,0.24027777777777778
KRW-QTUM,2026-08-22,877,1440,0.6090277777777777
KRW-QUID,2026-08-22,965,1440,0.6701388888888888
KRW-RAY,2026-08-22,515,1440,0.3576388888888889
KRW-RE,2026-08-22,1352,1440,0.9388888888888889
KRW-RED,2026-08-22,1016,1440,0.7055555555555556
KRW-RENDER,2026-08-22,874,1440,0.6069444444444444
KRW-RLUSD,2026-08-22,372,1440,0.25833333333333336
KRW-RVN,2026-08-22,1012,1440,0.7027777777777777
KRW-SAFE,2026-08-22,358,1440,0.24861111111111112
KRW-SAHARA,2026-08-22,1054,1440,0.7319444444444444
KRW-SAND,2026-08-22,1271,1440,0.8826388888888889
KRW-SC,2026-08-22,875,1440,0.6076388888888888
KRW-SEI,2026-08-22,1111,1440,0.7715277777777778
KRW-SENT,2026-08-22,310,1440,0.2152777777777778
KRW-SHIB,2026-08-22,1419,1440,0.9854166666666667
KRW-SIGN,2026-08-22,630,1440,0.4375
KRW-SKR,2026-08-22,286,1440,0.1986111111111111
KRW-SKY,2026-08-22,430,1440,0.2986111111111111
KRW-SLX,2026-08-22,1272,1440,0.8833333333333333
KRW-SNT,2026-08-22,927,1440,0.64375
KRW-SOMI,2026-08-22,309,1440,0.21458333333333332
KRW-SONIC,2026-08-22,679,1440,0.47152777777777777
KRW-SOON,2026-08-22,632,1440,0.4388888888888889
KRW-SOPH,2026-08-22,592,1440,0.4111111111111111
KRW-SPK,2026-08-22,792,1440,0.55
KRW-SPX,2026-08-22,351,1440,0.24375
KRW-STEEM,2026-08-22,746,1440,0.5180555555555556
KRW-STRAX,2026-08-22,489,1440,0.33958333333333335
KRW-STX,2026-08-22,1355,1440,0.9409722222222222
KRW-SUI,2026-08-22,1414,1440,0.9819444444444444
KRW-SUN,2026-08-22,393,1440,0.27291666666666664
KRW-SUPER,2026-08-22,231,1440,0.16041666666666668
KRW-SYRUP,2026-08-22,399,1440,0.27708333333333335
KRW-T,2026-08-22,580,1440,0.4027777777777778
KRW-TAIKO,2026-08-22,606,1440,0.42083333333333334
KRW-TAO,2026-08-22,1031,1440,0.7159722222222222
KRW-TFUEL,2026-08-22,437,1440,0.3034722222222222
KRW-THETA,2026-08-22,575,1440,0.3993055555555556
KRW-TIA,2026-08-22,573,1440,0.39791666666666664
KRW-TOKAMAK,2026-08-22,633,1440,0.4395833333333333
KRW-TOSHI,2026-08-22,670,1440,0.4652777777777778
KRW-TRAC,2026-08-22,576,1440,0.4
KRW-TREE,2026-08-22,1033,1440,0.7173611111111111
KRW-TRUMP,2026-08-22,1423,1440,0.9881944444444445
KRW-TRUST,2026-08-22,564,1440,0.39166666666666666
KRW-UNI,2026-08-22,1176,1440,0.8166666666666667
KRW-UP2,2026-08-22,735,1440,0.5104166666666666
KRW-USD1,2026-08-22,492,1440,0.3416666666666667
KRW-USDE,2026-08-22,159,1440,0.11041666666666666
KRW-USDG,2026-08-22,93,1440,0.06458333333333334
KRW-USDS,2026-08-22,142,1440,0.09861111111111111
KRW-VANA,2026-08-22,589,1440,0.40902777777777777
KRW-VET,2026-08-22,956,1440,0.6638888888888889
KRW-VIRTUAL,2026-08-22,1168,1440,0.8111111111111111
KRW-VTHO,2026-08-22,533,1440,0.3701388888888889
KRW-VVV,2026-08-22,814,1440,0.5652777777777778
KRW-W,2026-08-22,489,1440,0.33958333333333335
KRW-WAL,2026-08-22,578,1440,0.4013888888888889
KRW-WAVES,2026-08-22,703,1440,0.48819444444444443
KRW-WAXP,2026-08-22,533,1440,0.3701388888888889
KRW-WCT,2026-08-22,441,1440,0.30625
KRW-WET,2026-08-22,715,1440,0.4965277777777778
KRW-WIF,2026-08-22,502,1440,0.3486111111111111
KRW-WLD,2026-08-22,1403,1440,0.9743055555555555
KRW-WLFI,2026-08-22,1244,1440,0.8638888888888889
KRW-XAUT,2026-08-22,546,1440,0.37916666666666665
KRW-XCN,2026-08-22,572,1440,0.3972222222222222
KRW-XEC,2026-08-22,976,1440,0.6777777777777778
KRW-XLM,2026-08-22,1415,1440,0.9826388888888888
KRW-XPL,2026-08-22,1030,1440,0.7152777777777778
KRW-XTZ,2026-08-22,520,1440,0.3611111111111111
KRW-YGG,2026-08-22,372,1440,0.25833333333333336
KRW-ZAMA,2026-08-22,932,1440,0.6472222222222223
KRW-ZBT,2026-08-22,901,1440,0.6256944444444444
KRW-ZETA,2026-08-22,496,1440,0.34444444444444444
KRW-ZIL,2026-08-22,892,1440,0.6194444444444445
KRW-ZK,2026-08-22,420,1440,0.2916666666666667
KRW-ZKC,2026-08-22,470,1440,0.3263888888888889
KRW-ZKP,2026-08-22,541,1440,0.37569444444444444
KRW-ZORA,2026-08-22,1303,1440,0.9048611111111111
KRW-ZRO,2026-08-22,890,1440,0.6180555555555556
KRW-ZRX,2026-08-22,533,1440,0.3701388888888889
KRW-0G,2026-08-23,506,1440,0.35138888888888886
KRW-1INCH,2026-08-23,184,1440,0.12777777777777777
KRW-2Z,2026-08-23,256,1440,0.17777777777777778
KRW-A,2026-08-23,387,1440,0.26875
KRW-AAVE,2026-08-23,1062,1440,0.7375
KRW-AERO,2026-08-23,273,1440,0.18958333333333333
KRW-AGLD,2026-08-23,277,1440,0.19236111111111112
KRW-AHT,2026-08-23,404,1440,0.28055555555555556
KRW-AI,2026-08-23,274,1440,0.19027777777777777
KRW-AKT,2026-08-23,604,1440,0.41944444444444445
KRW-ALGO,2026-08-23,621,1440,0.43125
KRW-ALT,2026-08-23,255,1440,0.17708333333333334
KRW-ANIME,2026-08-23,326,1440,0.2263888888888889
KRW-ANKR,2026-08-23,315,1440,0.21875
KRW-API3,2026-08-23,248,1440,0.17222222222222222
KRW-APT,2026-08-23,737,1440,0.5118055555555555
KRW-ARB,2026-08-23,530,1440,0.3680555555555556
KRW-ARDR,2026-08-23,625,1440,0.4340277777777778
KRW-ARK,2026-08-23,269,1440,0.18680555555555556
KRW-ARKM,2026-08-23,244,1440,0.16944444444444445
KRW-ARX,2026-08-23,831,1440,0.5770833333333333
KRW-ASTR,2026-08-23,230,1440,0.1597222222222222
KRW-ATH,2026-08-23,598,1440,0.4152777777777778
KRW-ATOM,2026-08-23,610,1440,0.4236111111111111
KRW-AUCTION,2026-08-23,368,1440,0.25555555555555554
KRW-AVAX,2026-08-23,987,1440,0.6854166666666667
KRW-AVNT,2026-08-23,481,1440,0.33402777777777776
KRW-AWE,2026-08-23,470,1440,0.3263888888888889
KRW-AXL,2026-08-23,272,1440,0.18888888888888888
KRW-AXS,2026-08-23,835,1440,0.5798611111111112
KRW-AZTEC,2026-08-23,101,1440,0.07013888888888889
KRW-B3,2026-08-23,945,1440,0.65625
KRW-BABY,2026-08-23,323,1440,0.22430555555555556
KRW-BARD,2026-08-23,367,1440,0.2548611111111111
KRW-BAT,2026-08-23,381,1440,0.26458333333333334
KRW-BCH,2026-08-23,1132,1440,0.7861111111111111
KRW-BEAM,2026-08-23,243,1440,0.16875
KRW-BERA,2026-08-23,597,1440,0.41458333333333336
KRW-BFC,2026-08-23,0,1440,0.0
KRW-BIGTIME,2026-08-23,799,1440,0.5548611111111111
KRW-BIO,2026-08-23,399,1440,0.27708333333333335
KRW-BIRB,2026-08-23,516,1440,0.35833333333333334
KRW-BLAST,2026-08-23,413,1440,0.28680555555555554
KRW-BLEND,2026-08-23,285,1440,0.19791666666666666
KRW-BLUR,2026-08-23,385,1440,0.2673611111111111
KRW-BORA,2026-08-23,513,1440,0.35625
KRW-BOUNTY,2026-08-23,504,1440,0.35
KRW-BREV,2026-08-23,280,1440,0.19444444444444445
KRW-BSB,2026-08-23,883,1440,0.6131944444444445
KRW-BSV,2026-08-23,559,1440,0.38819444444444445
KRW-BTT,2026-08-23,515,1440,0.3576388888888889
KRW-CAP,2026-08-23,1045,1440,0.7256944444444444
KRW-CARV,2026-08-23,406,1440,0.28194444444444444
KRW-CBK,2026-08-23,298,1440,0.20694444444444443
KRW-CC,2026-08-23,510,1440,0.3541666666666667
KRW-CELO,2026-08-23,361,1440,0.25069444444444444
KRW-CFG,2026-08-23,448,1440,0.3111111111111111
KRW-CFX,2026-08-23,128,1440,0.08888888888888889
KRW-CHIP,2026-08-23,880,1440,0.6111111111111112
KRW-CHZ,2026-08-23,545,1440,0.3784722222222222
KRW-CKB,2026-08-23,167,1440,0.11597222222222223
KRW-COMP,2026-08-23,333,1440,0.23125
KRW-COW,2026-08-23,455,1440,0.3159722222222222
KRW-CP,2026-08-23,0,1440,0.0
KRW-CPOOL,2026-08-23,450,1440,0.3125
KRW-CRO,2026-08-23,790,1440,0.5486111111111112
KRW-CRV,2026-08-23,639,1440,0.44375
KRW-CTC,2026-08-23,856,1440,0.5944444444444444
KRW-CVC,2026-08-23,346,1440,0.24027777777777778
KRW-CYBER,2026-08-23,183,1440,0.12708333333333333
KRW-DATA,2026-08-23,802,1440,0.5569444444444445
KRW-DEEP,2026-08-23,880,1440,0.6111111111111112
KRW-DKA,2026-08-23,420,1440,0.2916666666666667
KRW-DOOD,2026-08-23,475,1440,0.3298611111111111
KRW-DOS,2026-08-23,902,1440,0.6263888888888889
KRW-DOT,2026-08-23,609,1440,0.42291666666666666
KRW-DRV,2026-08-23,422,1440,0.29305555555555557
KRW-EDGE,2026-08-23,565,1440,0.3923611111111111
KRW-EGLD,2026-08-23,524,1440,0.3638888888888889
KRW-ELF,2026-08-23,371,1440,0.25763888888888886
KRW-ELSA,2026-08-23,466,1440,0.3236111111111111
KRW-ENA,2026-08-23,1317,1440,0.9145833333333333
KRW-ENS,2026-08-23,1134,1440,0.7875
KRW-ENSO,2026-08-23,614,1440,0.4263888888888889
KRW-ERA,2026-08-23,561,1440,0.38958333333333334
KRW-ESP,2026-08-23,434,1440,0.3013888888888889
KRW-ETC,2026-08-23,1093,1440,0.7590277777777777
KRW-ETHFI,2026-08-23,746,1440,0.5180555555555556
KRW-EUL,2026-08-23,997,1440,0.6923611111111111
KRW-EURC,2026-08-23,0,1440,0.0
KRW-F,2026-08-23,303,1440,0.21041666666666667
KRW-FCT2,2026-08-23,355,1440,0.2465277777777778
KRW-FF,2026-08-23,864,1440,0.6
KRW-FIL,2026-08-23,723,1440,0.5020833333333333
KRW-FLOCK,2026-08-23,372,1440,0.25833333333333336
KRW-FLUID,2026-08-23,174,1440,0.12083333333333333
KRW-FOLD,2026-08-23,685,1440,0.4756944444444444
KRW-G,2026-08-23,531,1440,0.36875
KRW-GAME2,2026-08-23,323,1440,0.22430555555555556
KRW-GAS,2026-08-23,1030,1440,0.7152777777777778
KRW-GEOD,2026-08-23,581,1440,0.40347222222222223
KRW-GLM,2026-08-23,478,1440,0.33194444444444443
KRW-GMT,2026-08-23,305,1440,0.21180555555555555
KRW-GRT,2026-08-23,366,1440,0.25416666666666665
KRW-GRVT,2026-08-23,1349,1440,0.9368055555555556
KRW-HBAR,2026-08-23,924,1440,0.6416666666666667
KRW-HIVE,2026-08-23,438,1440,0.30416666666666664
KRW-HOLO,2026-08-23,591,1440,0.41041666666666665
KRW-HOME,2026-08-23,1058,1440,0.7347222222222223
KRW-HP,2026-08-23,214,1440,0.1486111111111111
KRW-HUNT,2026-08-23,229,1440,0.15902777777777777
KRW-HYPER,2026-08-23,534,1440,0.37083333333333335
KRW-ICP,2026-08-23,495,1440,0.34375
KRW-ICX,2026-08-23,539,1440,0.37430555555555556
KRW-ID,2026-08-23,526,1440,0.36527777777777776
KRW-IMX,2026-08-23,252,1440,0.175
KRW-IN,2026-08-23,689,1440,0.47847222222222224
KRW-INJ,2026-08-23,467,1440,0.32430555555555557
KRW-IO,2026-08-23,125,1440,0.08680555555555555
KRW-IOST,2026-08-23,477,1440,0.33125
KRW-IOTA,2026-08-23,678,1440,0.4708333333333333
KRW-IQ,2026-08-23,526,1440,0.36527777777777776
KRW-IRYS,2026-08-23,461,1440,0.32013888888888886
KRW-JPYC,2026-08-23,0,1440,0.0
KRW-JST,2026-08-23,260,1440,0.18055555555555555
KRW-JTO,2026-08-23,783,1440,0.54375
KRW-JUP,2026-08-23,425,1440,0.2951388888888889
KRW-KAITO,2026-08-23,1106,1440,0.7680555555555556
KRW-KAT,2026-08-23,393,1440,0.27291666666666664
KRW-KAVA,2026-08-23,360,1440,0.25
KRW-KERNEL,2026-08-23,231,1440,0.16041666666666668
KRW-KITE,2026-08-23,501,1440,0.34791666666666665
KRW-KMNO,2026-08-23,174,1440,0.12083333333333333
KRW-KNC,2026-08-23,170,1440,0.11805555555555555
KRW-LA,2026-08-23,976,1440,0.6777777777777778
KRW-LAYER,2026-08-23,511,1440,0.3548611111111111
KRW-LINEA,2026-08-23,206,1440,0.14305555555555555
KRW-LINK,2026-08-23,1216,1440,0.8444444444444444
KRW-LIT,2026-08-23,0,1440,0.0
KRW-LPT,2026-08-23,265,1440,0.1840277777777778
KRW-LSK,2026-08-23,337,1440,0.23402777777777778
KRW-MANA,2026-08-23,317,1440,0.22013888888888888
KRW-MANTRA,2026-08-23,560,1440,0.3888888888888889
KRW-MASK,2026-08-23,234,1440,0.1625
KRW-MBL,2026-08-23,553,1440,0.3840277777777778
KRW-ME,2026-08-23,806,1440,0.5597222222222222
KRW-MED,2026-08-23,284,1440,0.19722222222222222
KRW-MEGA,2026-08-23,548,1440,0.38055555555555554
KRW-MET2,2026-08-23,341,1440,0.23680555555555555
KRW-META,2026-08-23,162,1440,0.1125
KRW-META2,2026-08-23,297,1440,0.20625
KRW-MEW,2026-08-23,489,1440,0.33958333333333335
KRW-MINA,2026-08-23,501,1440,0.34791666666666665
KRW-MIRA,2026-08-23,612,1440,0.425
KRW-MLK,2026-08-23,362,1440,0.2513888888888889
KRW-MMT,2026-08-23,785,1440,0.5451388888888888
KRW-MNT,2026-08-23,340,1440,0.2361111111111111
KRW-MOC,2026-08-23,294,1440,0.20416666666666666
KRW-MOCA,2026-08-23,369,1440,0.25625
KRW-MON,2026-08-23,656,1440,0.45555555555555555
KRW-MOODENG,2026-08-23,493,1440,0.3423611111111111
KRW-MORPHO,2026-08-23,506,1440,0.35138888888888886
KRW-MOVE,2026-08-23,1283,1440,0.8909722222222223
KRW-MTL,2026-08-23,322,1440,0.22361111111111112
KRW-MVL,2026-08-23,334,1440,0.23194444444444445
KRW-NCT,2026-08-23,0,1440,0.0
KRW-NEAR,2026-08-23,1233,1440,0.85625
KRW-NEO,2026-08-23,514,1440,0.35694444444444445
KRW-NEWT,2026-08-23,302,1440,0.20972222222222223
KRW-NXPC,2026-08-23,422,1440,0.29305555555555557
KRW-O,2026-08-23,854,1440,0.5930555555555556
KRW-ONDO,2026-08-23,1392,1440,0.9666666666666667
KRW-ONG,2026-08-23,1367,1440,0.9493055555555555
KRW-ONT,2026-08-23,929,1440,0.6451388888888889
KRW-OP,2026-08-23,278,1440,0.19305555555555556
KRW-OPEN,2026-08-23,378,1440,0.2625
KRW-OPG,2026-08-23,368,1440,0.25555555555555554
KRW-ORBS,2026-08-23,178,1440,0.12361111111111112
KRW-ORCA,2026-08-23,389,1440,0.2701388888888889
KRW-ORDER,2026-08-23,264,1440,0.18333333333333332
KRW-PENDLE,2026-08-23,576,1440,0.4
KRW-PENGU,2026-08-23,846,1440,0.5875
KRW-PEPE,2026-08-23,1055,1440,0.7326388888888888
KRW-PIEVERSE,2026-08-23,703,1440,0.48819444444444443
KRW-PLUME,2026-08-23,532,1440,0.36944444444444446
KRW-POKT,2026-08-23,253,1440,0.17569444444444443
KRW-POL,2026-08-23,936,1440,0.65
KRW-POLYX,2026-08-23,343,1440,0.23819444444444443
KRW-POWR,2026-08-23,699,1440,0.48541666666666666
KRW-PRL,2026-08-23,1031,1440,0.7159722222222222
KRW-PROM,2026-08-23,955,1440,0.6631944444444444
KRW-PROS,2026-08-23,551,1440,0.38263888888888886
KRW-PROVE,2026-08-23,265,1440,0.1840277777777778
KRW-PUMP,2026-08-23,1397,1440,0.9701388888888889
KRW-PUNDIX,2026-08-23,216,1440,0.15
KRW-PYTH,2026-08-23,794,1440,0.5513888888888889
KRW-PYUSD,2026-08-23,0,1440,0.0
KRW-QKC,2026-08-23,198,1440,0.1375
KRW-QTUM,2026-08-23,530,1440,0.3680555555555556
KRW-QUID,2026-08-23,732,1440,0.5083333333333333
KRW-RAY,2026-08-23,443,1440,0.3076388888888889
KRW-RE,2026-08-23,1295,1440,0.8993055555555556
KRW-RED,2026-08-23,606,1440,0.42083333333333334
KRW-RENDER,2026-08-23,676,1440,0.46944444444444444
KRW-RLUSD,2026-08-23,181,1440,0.12569444444444444
KRW-RVN,2026-08-23,885,1440,0.6145833333333334
KRW-SAFE,2026-08-23,224,1440,0.15555555555555556
KRW-SAHARA,2026-08-23,784,1440,0.5444444444444444
KRW-SAND,2026-08-23,1118,1440,0.7763888888888889
KRW-SC,2026-08-23,1409,1440,0.9784722222222222
KRW-SEI,2026-08-23,841,1440,0.5840277777777778
KRW-SENT,2026-08-23,196,1440,0.1361111111111111
KRW-SHIB,2026-08-23,1352,1440,0.9388888888888889
KRW-SIGN,2026-08-23,461,1440,0.32013888888888886
KRW-SKR,2026-08-23,154,1440,0.10694444444444444
KRW-SKY,2026-08-23,271,1440,0.18819444444444444
KRW-SLX,2026-08-23,1138,1440,0.7902777777777777
KRW-SNT,2026-08-23,416,1440,0.28888888888888886
KRW-SOMI,2026-08-23,157,1440,0.10902777777777778
KRW-SONIC,2026-08-23,394,1440,0.27361111111111114
KRW-SOON,2026-08-23,403,1440,0.2798611111111111
KRW-SOPH,2026-08-23,343,1440,0.23819444444444443
KRW-SPK,2026-08-23,489,1440,0.33958333333333335
KRW-SPX,2026-08-23,200,1440,0.1388888888888889
KRW-STEEM,2026-08-23,531,1440,0.36875
KRW-STRAX,2026-08-23,482,1440,0.3347222222222222
KRW-STX,2026-08-23,1386,1440,0.9625
KRW-SUI,2026-08-23,1340,1440,0.9305555555555556
KRW-SUN,2026-08-23,147,1440,0.10208333333333333
KRW-SUPER,2026-08-23,140,1440,0.09722222222222222
KRW-SYRUP,2026-08-23,177,1440,0.12291666666666666
KRW-T,2026-08-23,404,1440,0.28055555555555556
KRW-TAIKO,2026-08-23,321,1440,0.22291666666666668
KRW-TAO,2026-08-23,814,1440,0.5652777777777778
KRW-TFUEL,2026-08-23,232,1440,0.16111111111111112
KRW-THETA,2026-08-23,323,1440,0.22430555555555556
KRW-TIA,2026-08-23,238,1440,0.16527777777777777
KRW-TOKAMAK,2026-08-23,460,1440,0.3194444444444444
KRW-TOSHI,2026-08-23,313,1440,0.21736111111111112
KRW-TRAC,2026-08-23,981,1440,0.68125
KRW-TREE,2026-08-23,605,1440,0.4201388888888889
KRW-TRUMP,2026-08-23,1440,1440,1.0
KRW-TRUST,2026-08-23,289,1440,0.20069444444444445
KRW-UNI,2026-08-23,1014,1440,0.7041666666666667
KRW-UP2,2026-08-23,405,1440,0.28125
KRW-USD1,2026-08-23,310,1440,0.2152777777777778
KRW-USDE,2026-08-23,80,1440,0.05555555555555555
KRW-USDG,2026-08-23,42,1440,0.029166666666666667
KRW-USDS,2026-08-23,53,1440,0.03680555555555556
KRW-VANA,2026-08-23,386,1440,0.26805555555555555
KRW-VET,2026-08-23,585,1440,0.40625
KRW-VIRTUAL,2026-08-23,836,1440,0.5805555555555556
KRW-VTHO,2026-08-23,310,1440,0.2152777777777778
KRW-VVV,2026-08-23,781,1440,0.5423611111111111
KRW-W,2026-08-23,301,1440,0.20902777777777778
KRW-WAL,2026-08-23,327,1440,0.22708333333333333
KRW-WAVES,2026-08-23,922,1440,0.6402777777777777
KRW-WAXP,2026-08-23,292,1440,0.20277777777777778
KRW-WCT,2026-08-23,317,1440,0.22013888888888888
KRW-WET,2026-08-23,498,1440,0.3458333333333333
KRW-WIF,2026-08-23,182,1440,0.12638888888888888
KRW-WLD,2026-08-23,1314,1440,0.9125
KRW-WLFI,2026-08-23,1300,1440,0.9027777777777778
KRW-XAUT,2026-08-23,445,1440,0.3090277777777778
KRW-XCN,2026-08-23,456,1440,0.31666666666666665
KRW-XEC,2026-08-23,728,1440,0.5055555555555555
KRW-XLM,2026-08-23,1381,1440,0.9590277777777778
KRW-XPL,2026-08-23,790,1440,0.5486111111111112
KRW-XTZ,2026-08-23,262,1440,0.18194444444444444
KRW-YGG,2026-08-23,279,1440,0.19375
KRW-ZAMA,2026-08-23,804,1440,0.5583333333333333
KRW-ZBT,2026-08-23,584,1440,0.40555555555555556
KRW-ZETA,2026-08-23,256,1440,0.17777777777777778
KRW-ZIL,2026-08-23,765,1440,0.53125
KRW-ZK,2026-08-23,320,1440,0.2222222222222222
KRW-ZKC,2026-08-23,328,1440,0.22777777777777777
KRW-ZKP,2026-08-23,422,1440,0.29305555555555557
KRW-ZORA,2026-08-23,828,1440,0.575
KRW-ZRO,2026-08-23,1165,1440,0.8090277777777778
KRW-ZRX,2026-08-23,298,1440,0.20694444444444443
KRW-0G,2026-08-24,594,1440,0.4125
KRW-1INCH,2026-08-24,188,1440,0.13055555555555556
KRW-2Z,2026-08-24,216,1440,0.15
KRW-A,2026-08-24,293,1440,0.20347222222222222
KRW-AAVE,2026-08-24,1192,1440,0.8277777777777777
KRW-AERO,2026-08-24,544,1440,0.37777777777777777
KRW-AGLD,2026-08-24,266,1440,0.18472222222222223
KRW-AHT,2026-08-24,185,1440,0.1284722222222222
KRW-AI,2026-08-24,362,1440,0.2513888888888889
KRW-AKT,2026-08-24,498,1440,0.3458333333333333
KRW-ALGO,2026-08-24,569,1440,0.3951388888888889
KRW-ALT,2026-08-24,190,1440,0.13194444444444445
KRW-ANIME,2026-08-24,293,1440,0.20347222222222222
KRW-ANKR,2026-08-24,224,1440,0.15555555555555556
KRW-API3,2026-08-24,196,1440,0.1361111111111111
KRW-APT,2026-08-24,812,1440,0.5638888888888889
KRW-ARB,2026-08-24,479,1440,0.3326388888888889
KRW-ARDR,2026-08-24,411,1440,0.28541666666666665
KRW-ARK,2026-08-24,220,1440,0.1527777777777778
KRW-ARKM,2026-08-24,251,1440,0.17430555555555555
KRW-ARX,2026-08-24,774,1440,0.5375
KRW-ASTR,2026-08-24,269,1440,0.18680555555555556
KRW-ATH,2026-08-24,674,1440,0.46805555555555556
KRW-ATOM,2026-08-24,507,1440,0.35208333333333336
KRW-AUCTION,2026-08-24,346,1440,0.24027777777777778
KRW-AVAX,2026-08-24,970,1440,0.6736111111111112
KRW-AVNT,2026-08-24,453,1440,0.3145833333333333
KRW-AWE,2026-08-24,250,1440,0.1736111111111111
KRW-AXL,2026-08-24,219,1440,0.15208333333333332
KRW-AXS,2026-08-24,754,1440,0.5236111111111111
KRW-AZTEC,2026-08-24,303,1440,0.21041666666666667
KRW-B3,2026-08-24,994,1440,0.6902777777777778
KRW-BABY,2026-08-24,284,1440,0.19722222222222222
KRW-BARD,2026-08-24,379,1440,0.26319444444444445
KRW-BAT,2026-08-24,297,1440,0.20625
KRW-BCH,2026-08-24,1097,1440,0.7618055555555555
KRW-BEAM,2026-08-24,185,1440,0.1284722222222222
KRW-BERA,2026-08-24,469,1440,0.32569444444444445
KRW-BFC,2026-08-24,0,1440,0.0
KRW-BIGTIME,2026-08-24,651,1440,0.45208333333333334
KRW-BIO,2026-08-24,373,1440,0.2590277777777778
KRW-BIRB,2026-08-24,426,1440,0.29583333333333334
KRW-BLAST,2026-08-24,295,1440,0.2048611111111111
KRW-BLEND,2026-08-24,720,1440,0.5
KRW-BLUR,2026-08-24,311,1440,0.21597222222222223
KRW-BORA,2026-08-24,396,1440,0.275
KRW-BOUNTY,2026-08-24,229,1440,0.15902777777777777
KRW-BREV,2026-08-24,246,1440,0.17083333333333334
KRW-BSB,2026-08-24,730,1440,0.5069444444444444
KRW-BSV,2026-08-24,525,1440,0.3645833333333333
KRW-BTT,2026-08-24,483,1440,0.33541666666666664
KRW-CAP,2026-08-24,1018,1440,0.7069444444444445
KRW-CARV,2026-08-24,292,1440,0.20277777777777778
KRW-CBK,2026-08-24,193,1440,0.13402777777777777
KRW-CC,2026-08-24,552,1440,0.38333333333333336
KRW-CELO,2026-08-24,208,1440,0.14444444444444443
KRW-CFG,2026-08-24,523,1440,0.36319444444444443
KRW-CFX,2026-08-24,192,1440,0.13333333333333333
KRW-CHIP,2026-08-24,992,1440,0.6888888888888889
KRW-CHZ,2026-08-24,453,1440,0.3145833333333333
KRW-CKB,2026-08-24,160,1440,0.1111111111111111
KRW-COMP,2026-08-24,270,1440,0.1875
KRW-COW,2026-08-24,357,1440,0.24791666666666667
KRW-CP,2026-08-24,0,1440,0.0
KRW-CPOOL,2026-08-24,268,1440,0.18611111111111112
KRW-CRO,2026-08-24,736,1440,0.5111111111111111
KRW-CRV,2026-08-24,313,1440,0.21736111111111112
KRW-CTC,2026-08-24,458,1440,0.31805555555555554
KRW-CVC,2026-08-24,203,1440,0.14097222222222222
KRW-CYBER,2026-08-24,140,1440,0.09722222222222222
KRW-DATA,2026-08-24,856,1440,0.5944444444444444
KRW-DEEP,2026-08-24,616,1440,0.42777777777777776
KRW-DKA,2026-08-24,271,1440,0.18819444444444444
KRW-DOOD,2026-08-24,442,1440,0.30694444444444446
KRW-DOS,2026-08-24,1081,1440,0.7506944444444444
KRW-DOT,2026-08-24,524,1440,0.3638888888888889
KRW-DRV,2026-08-24,1057,1440,0.7340277777777777
KRW-EDGE,2026-08-24,377,1440,0.26180555555555557
KRW-EGLD,2026-08-24,492,1440,0.3416666666666667
KRW-ELF,2026-08-24,302,1440,0.20972222222222223
KRW-ELSA,2026-08-24,378,1440,0.2625
KRW-ENA,2026-08-24,1363,1440,0.9465277777777777
KRW-ENS,2026-08-24,1036,1440,0.7194444444444444
KRW-ENSO,2026-08-24,515,1440,0.3576388888888889
KRW-ERA,2026-08-24,676,1440,0.46944444444444444
KRW-ESP,2026-08-24,276,1440,0.19166666666666668
KRW-ETC,2026-08-24,1035,1440,0.71875
KRW-ETHFI,2026-08-24,919,1440,0.6381944444444444
KRW-EUL,2026-08-24,1118,1440,0.7763888888888889
KRW-EURC,2026-08-24,0,1440,0.0
KRW-F,2026-08-24,254,1440,0.1763888888888889
KRW-FCT2,2026-08-24,239,1440,0.16597222222222222
KRW-FF,2026-08-24,573,1440,0.39791666666666664
KRW-FIL,2026-08-24,590,1440,0.4097222222222222
KRW-FLOCK,2026-08-24,327,1440,0.22708333333333333
KRW-FLUID,2026-08-24,209,1440,0.1451388888888889
KRW-FOLD,2026-08-24,1408,1440,0.9777777777777777
KRW-G,2026-08-24,403,1440,0.2798611111111111
KRW-GAME2,2026-08-24,336,1440,0.23333333333333334
KRW-GAS,2026-08-24,1018,1440,0.7069444444444445
KRW-GEOD,2026-08-24,678,1440,0.4708333333333333
KRW-GLM,2026-08-24,225,1440,0.15625
KRW-GMT,2026-08-24,277,1440,0.19236111111111112
KRW-GRT,2026-08-24,428,1440,0.2972222222222222
KRW-GRVT,2026-08-24,1339,1440,0.9298611111111111
KRW-HBAR,2026-08-24,905,1440,0.6284722222222222
KRW-HIVE,2026-08-24,258,1440,0.17916666666666667
KRW-HOLO,2026-08-24,498,1440,0.3458333333333333
KRW-HOME,2026-08-24,979,1440,0.6798611111111111
KRW-HP,2026-08-24,154,1440,0.10694444444444444
KRW-HUNT,2026-08-24,117,1440,0.08125
KRW-HYPER,2026-08-24,345,1440,0.23958333333333334
KRW-ICP,2026-08-24,396,1440,0.275
KRW-ICX,2026-08-24,618,1440,0.42916666666666664
KRW-ID,2026-08-24,459,1440,0.31875
KRW-IMX,2026-08-24,305,1440,0.21180555555555555
KRW-IN,2026-08-24,656,1440,0.45555555555555555
KRW-INJ,2026-08-24,704,1440,0.4888888888888889
KRW-IO,2026-08-24,166,1440,0.11527777777777778
KRW-IOST,2026-08-24,307,1440,0.21319444444444444
KRW-IOTA,2026-08-24,481,1440,0.33402777777777776
KRW-IQ,2026-08-24,291,1440,0.20208333333333334
KRW-IRYS,2026-08-24,477,1440,0.33125
KRW-JPYC,2026-08-24,0,1440,0.0
KRW-JST,2026-08-24,243,1440,0.16875
KRW-JTO,2026-08-24,788,1440,0.5472222222222223
KRW-JUP,2026-08-24,538,1440,0.3736111111111111
KRW-KAITO,2026-08-24,990,1440,0.6875
KRW-KAT,2026-08-24,363,1440,0.2520833333333333
KRW-KAVA,2026-08-24,418,1440,0.2902777777777778
KRW-KERNEL,2026-08-24,176,1440,0.12222222222222222
KRW-KITE,2026-08-24,499,1440,0.34652777777777777
KRW-KMNO,2026-08-24,121,1440,0.08402777777777778
KRW-KNC,2026-08-24,148,1440,0.10277777777777777
KRW-LA,2026-08-24,827,1440,0.5743055555555555
KRW-LAYER,2026-08-24,472,1440,0.3277777777777778
KRW-LINEA,2026-08-24,205,1440,0.1423611111111111
KRW-LINK,2026-08-24,1291,1440,0.8965277777777778
KRW-LIT,2026-08-24,655,1440,0.4548611111111111
KRW-LPT,2026-08-24,223,1440,0.15486111111111112
KRW-LSK,2026-08-24,327,1440,0.22708333333333333
KRW-MANA,2026-08-24,347,1440,0.24097222222222223
KRW-MANTRA,2026-08-24,706,1440,0.49027777777777776
KRW-MASK,2026-08-24,242,1440,0.16805555555555557
KRW-MBL,2026-08-24,422,1440,0.29305555555555557
KRW-ME,2026-08-24,959,1440,0.6659722222222222
KRW-MED,2026-08-24,236,1440,0.1638888888888889
KRW-MEGA,2026-08-24,647,1440,0.44930555555555557
KRW-MET2,2026-08-24,381,1440,0.26458333333333334
KRW-META,2026-08-24,132,1440,0.09166666666666666
KRW-META2,2026-08-24,309,1440,0.21458333333333332
KRW-MEW,2026-08-24,464,1440,0.32222222222222224
KRW-MINA,2026-08-24,473,1440,0.3284722222222222
KRW-MIRA,2026-08-24,543,1440,0.3770833333333333
KRW-MLK,2026-08-24,324,1440,0.225
KRW-MMT,2026-08-24,823,1440,0.5715277777777777
KRW-MNT,2026-08-24,635,1440,0.4409722222222222
KRW-MOC,2026-08-24,689,1440,0.47847222222222224
KRW-MOCA,2026-08-24,217,1440,0.15069444444444444
KRW-MON,2026-08-24,608,1440,0.4222222222222222
KRW-MOODENG,2026-08-24,411,1440,0.28541666666666665
KRW-MORPHO,2026-08-24,860,1440,0.5972222222222222
KRW-MOVE,2026-08-24,966,1440,0.6708333333333333
KRW-MTL,2026-08-24,246,1440,0.17083333333333334
KRW-MVL,2026-08-24,226,1440,0.15694444444444444
KRW-NCT,2026-08-24,0,1440,0.0
KRW-NEAR,2026-08-24,1265,1440,0.8784722222222222
KRW-NEO,2026-08-24,482,1440,0.3347222222222222
KRW-NEWT,2026-08-24,250,1440,0.1736111111111111
KRW-NXPC,2026-08-24,299,1440,0.2076388888888889
KRW-O,2026-08-24,518,1440,0.3597222222222222
KRW-ONDO,2026-08-24,1396,1440,0.9694444444444444
KRW-ONG,2026-08-24,1230,1440,0.8541666666666666
KRW-ONT,2026-08-24,884,1440,0.6138888888888889
KRW-OP,2026-08-24,230,1440,0.1597222222222222
KRW-OPEN,2026-08-24,314,1440,0.21805555555555556
KRW-OPG,2026-08-24,242,1440,0.16805555555555557
KRW-ORBS,2026-08-24,180,1440,0.125
KRW-ORCA,2026-08-24,341,1440,0.23680555555555555
KRW-ORDER,2026-08-24,226,1440,0.15694444444444444
KRW-PENDLE,2026-08-24,765,1440,0.53125
KRW-PENGU,2026-08-24,1155,1440,0.8020833333333334
KRW-PEPE,2026-08-24,935,1440,0.6493055555555556
KRW-PIEVERSE,2026-08-24,735,1440,0.5104166666666666
KRW-PLUME,2026-08-24,520,1440,0.3611111111111111
KRW-POKT,2026-08-24,416,1440,0.28888888888888886
KRW-POL,2026-08-24,839,1440,0.5826388888888889
KRW-POLYX,2026-08-24,297,1440,0.20625
KRW-POWR,2026-08-24,435,1440,0.3020833333333333
KRW-PRL,2026-08-24,921,1440,0.6395833333333333
KRW-PROM,2026-08-24,1169,1440,0.8118055555555556
KRW-PROS,2026-08-24,900,1440,0.625
KRW-PROVE,2026-08-24,194,1440,0.13472222222222222
KRW-PUMP,2026-08-24,1133,1440,0.7868055555555555
KRW-PUNDIX,2026-08-24,146,1440,0.10138888888888889
KRW-PYTH,2026-08-24,635,1440,0.4409722222222222
KRW-PYUSD,2026-08-24,0,1440,0.0
KRW-QKC,2026-08-24,128,1440,0.08888888888888889
KRW-QTUM,2026-08-24,415,1440,0.2881944444444444
KRW-QUID,2026-08-24,1020,1440,0.7083333333333334
KRW-RAY,2026-08-24,377,1440,0.26180555555555557
KRW-RE,2026-08-24,1222,1440,0.8486111111111111
KRW-RED,2026-08-24,479,1440,0.3326388888888889
KRW-RENDER,2026-08-24,638,1440,0.44305555555555554
KRW-RLUSD,2026-08-24,118,1440,0.08194444444444444
KRW-RVN,2026-08-24,687,1440,0.47708333333333336
KRW-SAFE,2026-08-24,175,1440,0.12152777777777778
KRW-SAHARA,2026-08-24,735,1440,0.5104166666666666
KRW-SAND,2026-08-24,1154,1440,0.8013888888888889
KRW-SC,2026-08-24,1050,1440,0.7291666666666666
KRW-SEI,2026-08-24,868,1440,0.6027777777777777
KRW-SENT,2026-08-24,322,1440,0.22361111111111112
KRW-SHIB,2026-08-24,1326,1440,0.9208333333333333
KRW-SIGN,2026-08-24,323,1440,0.22430555555555556
KRW-SKR,2026-08-24,139,1440,0.09652777777777778
KRW-SKY,2026-08-24,341,1440,0.23680555555555555
KRW-SLX,2026-08-24,1045,1440,0.7256944444444444
KRW-SNT,2026-08-24,409,1440,0.28402777777777777
KRW-SOMI,2026-08-24,136,1440,0.09444444444444444
KRW-SONIC,2026-08-24,428,1440,0.2972222222222222
KRW-SOON,2026-08-24,315,1440,0.21875
KRW-SOPH,2026-08-24,338,1440,0.23472222222222222
KRW-SPK,2026-08-24,1259,1440,0.8743055555555556
KRW-SPX,2026-08-24,224,1440,0.15555555555555556
KRW-STEEM,2026-08-24,522,1440,0.3625
KRW-STRAX,2026-08-24,398,1440,0.2763888888888889
KRW-STX,2026-08-24,1236,1440,0.8583333333333333
KRW-SUI,2026-08-24,1366,1440,0.9486111111111111
KRW-SUN,2026-08-24,120,1440,0.08333333333333333
KRW-SUPER,2026-08-24,437,1440,0.3034722222222222
KRW-SYRUP,2026-08-24,283,1440,0.19652777777777777
KRW-T,2026-08-24,284,1440,0.19722222222222222
KRW-TAIKO,2026-08-24,241,1440,0.1673611111111111
KRW-TAO,2026-08-24,933,1440,0.6479166666666667
KRW-TFUEL,2026-08-24,234,1440,0.1625
KRW-THETA,2026-08-24,247,1440,0.17152777777777778
KRW-TIA,2026-08-24,176,1440,0.12222222222222222
KRW-TOKAMAK,2026-08-24,252,1440,0.175
KRW-TOSHI,2026-08-24,426,1440,0.29583333333333334
KRW-TRAC,2026-08-24,1361,1440,0.9451388888888889
KRW-TREE,2026-08-24,514,1440,0.35694444444444445
KRW-TRUMP,2026-08-24,1440,1440,1.0
KRW-TRUST,2026-08-24,314,1440,0.21805555555555556
KRW-UNI,2026-08-24,993,1440,0.6895833333333333
KRW-UP2,2026-08-24,428,1440,0.2972222222222222
KRW-USD1,2026-08-24,278,1440,0.19305555555555556
KRW-USDE,2026-08-24,74,1440,0.05138888888888889
KRW-USDG,2026-08-24,29,1440,0.02013888888888889
KRW-USDS,2026-08-24,50,1440,0.034722222222222224
KRW-VANA,2026-08-24,440,1440,0.3055555555555556
KRW-VET,2026-08-24,471,1440,0.32708333333333334
KRW-VIRTUAL,2026-08-24,1006,1440,0.6986111111111111
KRW-VTHO,2026-08-24,274,1440,0.19027777777777777
KRW-VVV,2026-08-24,488,1440,0.3388888888888889
KRW-W,2026-08-24,322,1440,0.22361111111111112
KRW-WAL,2026-08-24,262,1440,0.18194444444444444
KRW-WAVES,2026-08-24,809,1440,0.5618055555555556
KRW-WAXP,2026-08-24,194,1440,0.13472222222222222
KRW-WCT,2026-08-24,231,1440,0.16041666666666668
KRW-WET,2026-08-24,346,1440,0.24027777777777778
KRW-WIF,2026-08-24,146,1440,0.10138888888888889
KRW-WLD,2026-08-24,1322,1440,0.9180555555555555
KRW-WLFI,2026-08-24,1148,1440,0.7972222222222223
KRW-XAUT,2026-08-24,521,1440,0.36180555555555555
KRW-XCN,2026-08-24,304,1440,0.2111111111111111
KRW-XEC,2026-08-24,546,1440,0.37916666666666665
KRW-XLM,2026-08-24,1329,1440,0.9229166666666667
KRW-XPL,2026-08-24,990,1440,0.6875
KRW-XTZ,2026-08-24,239,1440,0.16597222222222222
KRW-YGG,2026-08-24,179,1440,0.12430555555555556
KRW-ZAMA,2026-08-24,856,1440,0.5944444444444444
KRW-ZBT,2026-08-24,656,1440,0.45555555555555555
KRW-ZETA,2026-08-24,279,1440,0.19375
KRW-ZIL,2026-08-24,419,1440,0.29097222222222224
KRW-ZK,2026-08-24,266,1440,0.18472222222222223
KRW-ZKC,2026-08-24,333,1440,0.23125
KRW-ZKP,2026-08-24,422,1440,0.29305555555555557
KRW-ZORA,2026-08-24,1147,1440,0.7965277777777777
KRW-ZRO,2026-08-24,744,1440,0.5166666666666667
KRW-ZRX,2026-08-24,192,1440,0.13333333333333333
KRW-0G,2026-08-25,531,1440,0.36875
KRW-1INCH,2026-08-25,140,1440,0.09722222222222222
KRW-2Z,2026-08-25,262,1440,0.18194444444444444
KRW-A,2026-08-25,304,1440,0.2111111111111111
KRW-AAVE,2026-08-25,1024,1440,0.7111111111111111
KRW-AERO,2026-08-25,924,1440,0.6416666666666667
KRW-AGLD,2026-08-25,294,1440,0.20416666666666666
KRW-AHT,2026-08-25,166,1440,0.11527777777777778
KRW-AI,2026-08-25,269,1440,0.18680555555555556
KRW-AKT,2026-08-25,619,1440,0.42986111111111114
KRW-ALGO,2026-08-25,578,1440,0.4013888888888889
KRW-ALT,2026-08-25,185,1440,0.1284722222222222
KRW-ANIME,2026-08-25,269,1440,0.18680555555555556
KRW-ANKR,2026-08-25,269,1440,0.18680555555555556
KRW-API3,2026-08-25,205,1440,0.1423611111111111
KRW-APT,2026-08-25,841,1440,0.5840277777777778
KRW-ARB,2026-08-25,556,1440,0.3861111111111111
KRW-ARDR,2026-08-25,288,1440,0.2
KRW-ARK,2026-08-25,285,1440,0.19791666666666666
KRW-ARKM,2026-08-25,209,1440,0.1451388888888889
KRW-ARX,2026-08-25,729,1440,0.50625
KRW-ASTR,2026-08-25,319,1440,0.22152777777777777
KRW-ATH,2026-08-25,986,1440,0.6847222222222222
KRW-ATOM,2026-08-25,654,1440,0.45416666666666666
KRW-AUCTION,2026-08-25,283,1440,0.19652777777777777
KRW-AVAX,2026-08-25,948,1440,0.6583333333333333
KRW-AVNT,2026-08-25,599,1440,0.41597222222222224
KRW-AWE,2026-08-25,326,1440,0.2263888888888889
KRW-AXL,2026-08-25,235,1440,0.16319444444444445
KRW-AXS,2026-08-25,775,1440,0.5381944444444444
KRW-AZTEC,2026-08-25,322,1440,0.22361111111111112
KRW-B3,2026-08-25,978,1440,0.6791666666666667
KRW-BABY,2026-08-25,157,1440,0.10902777777777778
KRW-BARD,2026-08-25,335,1440,0.2326388888888889
KRW-BAT,2026-08-25,256,1440,0.17777777777777778
KRW-BCH,2026-08-25,1172,1440,0.8138888888888889
KRW-BEAM,2026-08-25,212,1440,0.14722222222222223
KRW-BERA,2026-08-25,505,1440,0.3506944444444444
KRW-BFC,2026-08-25,0,1440,0.0
KRW-BIGTIME,2026-08-25,515,1440,0.3576388888888889
KRW-BIO,2026-08-25,318,1440,0.22083333333333333
KRW-BIRB,2026-08-25,674,1440,0.46805555555555556
KRW-BLAST,2026-08-25,354,1440,0.24583333333333332
KRW-BLEND,2026-08-25,652,1440,0.4527777777777778
KRW-BLUR,2026-08-25,245,1440,0.1701388888888889
KRW-BORA,2026-08-25,323,1440,0.22430555555555556
KRW-BOUNTY,2026-08-25,177,1440,0.12291666666666666
KRW-BREV,2026-08-25,180,1440,0.125
KRW-BSB,2026-08-25,564,1440,0.39166666666666666
KRW-BSV,2026-08-25,506,1440,0.35138888888888886
KRW-BTT,2026-08-25,497,1440,0.3451388888888889
KRW-CAP,2026-08-25,790,1440,0.5486111111111112
KRW-CARV,2026-08-25,237,1440,0.16458333333333333
KRW-CBK,2026-08-25,156,1440,0.10833333333333334
KRW-CC,2026-08-25,512,1440,0.35555555555555557
KRW-CELO,2026-08-25,219,1440,0.15208333333333332
KRW-CFG,2026-08-25,423,1440,0.29375
KRW-CFX,2026-08-25,231,1440,0.16041666666666668
KRW-CHIP,2026-08-25,777,1440,0.5395833333333333
KRW-CHZ,2026-08-25,393,1440,0.27291666666666664
KRW-CKB,2026-08-25,142,1440,0.09861111111111111
KRW-COMP,2026-08-25,198,1440,0.1375
KRW-COW,2026-08-25,425,1440,0.2951388888888889
KRW-CP,2026-08-25,0,1440,0.0
KRW-CPOOL,2026-08-25,207,1440,0.14375
KRW-CRO,2026-08-25,642,1440,0.44583333333333336
KRW-CRV,2026-08-25,269,1440,0.18680555555555556
KRW-CTC,2026-08-25,517,1440,0.3590277777777778
KRW-CVC,2026-08-25,210,1440,0.14583333333333334
KRW-CYBER,2026-08-25,160,1440,0.1111111111111111
KRW-DATA,2026-08-25,853,1440,0.5923611111111111
KRW-DEEP,2026-08-25,726,1440,0.5041666666666667
KRW-DKA,2026-08-25,264,1440,0.18333333333333332
KRW-DOOD,2026-08-25,579,1440,0.40208333333333335
KRW-DOS,2026-08-25,1143,1440,0.79375
KRW-DOT,2026-08-25,603,1440,0.41875
KRW-DRV,2026-08-25,1222,1440,0.8486111111111111
KRW-EDGE,2026-08-25,317,1440,0.22013888888888888
KRW-EGLD,2026-08-25,325,1440,0.22569444444444445
KRW-ELF,2026-08-25,470,1440,0.3263888888888889
KRW-ELSA,2026-08-25,286,1440,0.1986111111111111
KRW-ENA,2026-08-25,1305,1440,0.90625
KRW-ENS,2026-08-25,992,1440,0.6888888888888889
KRW-ENSO,2026-08-25,536,1440,0.37222222222222223
KRW-ERA,2026-08-25,652,1440,0.4527777777777778
KRW-ESP,2026-08-25,402,1440,0.2791666666666667
KRW-ETC,2026-08-25,1043,1440,0.7243055555555555
KRW-ETHFI,2026-08-25,717,1440,0.4979166666666667
KRW-EUL,2026-08-25,1169,1440,0.8118055555555556
KRW-EURC,2026-08-25,0,1440,0.0
KRW-F,2026-08-25,227,1440,0.15763888888888888
KRW-FCT2,2026-08-25,110,1440,0.0763888888888889
KRW-FF,2026-08-25,437,1440,0.3034722222222222
KRW-FIL,2026-08-25,670,1440,0.4652777777777778
KRW-FLOCK,2026-08-25,489,1440,0.33958333333333335
KRW-FLUID,2026-08-25,189,1440,0.13125
KRW-FOLD,2026-08-25,1330,1440,0.9236111111111112
KRW-G,2026-08-25,321,1440,0.22291666666666668
KRW-GAME2,2026-08-25,323,1440,0.22430555555555556
KRW-GAS,2026-08-25,1016,1440,0.7055555555555556
KRW-GEOD,2026-08-25,797,1440,0.5534722222222223
KRW-GLM,2026-08-25,248,1440,0.17222222222222222
KRW-GMT,2026-08-25,442,1440,0.30694444444444446
KRW-GRT,2026-08-25,620,1440,0.4305555555555556
KRW-GRVT,2026-08-25,1238,1440,0.8597222222222223
KRW-HBAR,2026-08-25,961,1440,0.6673611111111111
KRW-HIVE,2026-08-25,300,1440,0.20833333333333334
KRW-HOLO,2026-08-25,914,1440,0.6347222222222222
KRW-HOME,2026-08-25,973,1440,0.6756944444444445
KRW-HP,2026-08-25,126,1440,0.0875
KRW-HUNT,2026-08-25,162,1440,0.1125
KRW-HYPER,2026-08-25,344,1440,0.2388888888888889
KRW-ICP,2026-08-25,341,1440,0.23680555555555555
KRW-ICX,2026-08-25,535,1440,0.3715277777777778
KRW-ID,2026-08-25,636,1440,0.44166666666666665
KRW-IMX,2026-08-25,231,1440,0.16041666666666668
KRW-IN,2026-08-25,565,1440,0.3923611111111111
KRW-INJ,2026-08-25,923,1440,0.6409722222222223
KRW-IO,2026-08-25,137,1440,0.09513888888888888
KRW-IOST,2026-08-25,375,1440,0.2604166666666667
KRW-IOTA,2026-08-25,593,1440,0.41180555555555554
KRW-IQ,2026-08-25,229,1440,0.15902777777777777
KRW-IRYS,2026-08-25,508,1440,0.3527777777777778
KRW-JPYC,2026-08-25,0,1440,0.0
KRW-JST,2026-08-25,190,1440,0.13194444444444445
KRW-JTO,2026-08-25,1063,1440,0.7381944444444445
KRW-JUP,2026-08-25,788,1440,0.5472222222222223
KRW-KAITO,2026-08-25,819,1440,0.56875
KRW-KAT,2026-08-25,465,1440,0.3229166666666667
KRW-KAVA,2026-08-25,366,1440,0.25416666666666665
KRW-KERNEL,2026-08-25,182,1440,0.12638888888888888
KRW-KITE,2026-08-25,335,1440,0.2326388888888889
KRW-KMNO,2026-08-25,444,1440,0.30833333333333335
KRW-KNC,2026-08-25,119,1440,0.08263888888888889
KRW-LA,2026-08-25,919,1440,0.6381944444444444
KRW-LAYER,2026-08-25,506,1440,0.35138888888888886
KRW-LINEA,2026-08-25,204,1440,0.14166666666666666
KRW-LINK,2026-08-25,1248,1440,0.8666666666666667
KRW-LIT,2026-08-25,1384,1440,0.9611111111111111
KRW-LPT,2026-08-25,208,1440,0.14444444444444443
KRW-LSK,2026-08-25,344,1440,0.2388888888888889
KRW-MANA,2026-08-25,270,1440,0.1875
KRW-MANTRA,2026-08-25,667,1440,0.46319444444444446
KRW-MASK,2026-08-25,215,1440,0.14930555555555555
KRW-MBL,2026-08-25,400,1440,0.2777777777777778
KRW-ME,2026-08-25,1038,1440,0.7208333333333333
KRW-MED,2026-08-25,201,1440,0.13958333333333334
KRW-MEGA,2026-08-25,614,1440,0.4263888888888889
KRW-MET2,2026-08-25,515,1440,0.3576388888888889
KRW-META,2026-08-25,240,1440,0.16666666666666666
KRW-META2,2026-08-25,983,1440,0.6826388888888889
KRW-MEW,2026-08-25,904,1440,0.6277777777777778
KRW-MINA,2026-08-25,603,1440,0.41875
KRW-MIRA,2026-08-25,524,1440,0.3638888888888889
KRW-MLK,2026-08-25,279,1440,0.19375
KRW-MMT,2026-08-25,692,1440,0.48055555555555557
KRW-MNT,2026-08-25,376,1440,0.2611111111111111
KRW-MOC,2026-08-25,490,1440,0.3402777777777778
KRW-MOCA,2026-08-25,181,1440,0.12569444444444444
KRW-MON,2026-08-25,720,1440,0.5
KRW-MOODENG,2026-08-25,489,1440,0.33958333333333335
KRW-MORPHO,2026-08-25,638,1440,0.44305555555555554
KRW-MOVE,2026-08-25,657,1440,0.45625
KRW-MTL,2026-08-25,199,1440,0.13819444444444445
KRW-MVL,2026-08-25,217,1440,0.15069444444444444
KRW-NCT,2026-08-25,0,1440,0.0
KRW-NEAR,2026-08-25,1282,1440,0.8902777777777777
KRW-NEO,2026-08-25,453,1440,0.3145833333333333
KRW-NEWT,2026-08-25,218,1440,0.15138888888888888
KRW-NXPC,2026-08-25,311,1440,0.21597222222222223
KRW-O,2026-08-25,586,1440,0.40694444444444444
KRW-ONDO,2026-08-25,1405,1440,0.9756944444444444
KRW-ONG,2026-08-25,1331,1440,0.9243055555555556
KRW-ONT,2026-08-25,1160,1440,0.8055555555555556
KRW-OP,2026-08-25,223,1440,0.15486111111111112
KRW-OPEN,2026-08-25,273,1440,0.18958333333333333
KRW-OPG,2026-08-25,209,1440,0.1451388888888889
KRW-ORBS,2026-08-25,169,1440,0.11736111111111111
KRW-ORCA,2026-08-25,475,1440,0.3298611111111111
KRW-ORDER,2026-08-25,216,1440,0.15
KRW-PENDLE,2026-08-25,488,1440,0.3388888888888889
KRW-PENGU,2026-08-25,1054,1440,0.7319444444444444
KRW-PEPE,2026-08-25,1017,1440,0.70625
KRW-PIEVERSE,2026-08-25,840,1440,0.5833333333333334
KRW-PLUME,2026-08-25,446,1440,0.30972222222222223
KRW-POKT,2026-08-25,287,1440,0.19930555555555557
KRW-POL,2026-08-25,960,1440,0.6666666666666666
KRW-POLYX,2026-08-25,293,1440,0.20347222222222222
KRW-POWR,2026-08-25,479,1440,0.3326388888888889
KRW-PRL,2026-08-25,794,1440,0.5513888888888889
KRW-PROM,2026-08-25,1430,1440,0.9930555555555556
KRW-PROS,2026-08-25,902,1440,0.6263888888888889
KRW-PROVE,2026-08-25,152,1440,0.10555555555555556
KRW-PUMP,2026-08-25,1086,1440,0.7541666666666667
KRW-PUNDIX,2026-08-25,416,1440,0.28888888888888886
KRW-PYTH,2026-08-25,635,1440,0.4409722222222222
KRW-PYUSD,2026-08-25,0,1440,0.0
KRW-QKC,2026-08-25,123,1440,0.08541666666666667
KRW-QTUM,2026-08-25,385,1440,0.2673611111111111
KRW-QUID,2026-08-25,1000,1440,0.6944444444444444
KRW-RAY,2026-08-25,729,1440,0.50625
KRW-RE,2026-08-25,1252,1440,0.8694444444444445
KRW-RED,2026-08-25,552,1440,0.38333333333333336
KRW-RENDER,2026-08-25,734,1440,0.5097222222222222
KRW-RLUSD,2026-08-25,145,1440,0.10069444444444445
KRW-RVN,2026-08-25,627,1440,0.4354166666666667
KRW-SAFE,2026-08-25,143,1440,0.09930555555555555
KRW-SAHARA,2026-08-25,667,1440,0.46319444444444446
KRW-SAND,2026-08-25,1360,1440,0.9444444444444444
KRW-SC,2026-08-25,837,1440,0.58125
KRW-SEI,2026-08-25,844,1440,0.5861111111111111
KRW-SENT,2026-08-25,199,1440,0.13819444444444445
KRW-SHIB,2026-08-25,1346,1440,0.9347222222222222
KRW-SIGN,2026-08-25,234,1440,0.1625
KRW-SKR,2026-08-25,189,1440,0.13125
KRW-SKY,2026-08-25,309,1440,0.21458333333333332
KRW-SLX,2026-08-25,1151,1440,0.7993055555555556
KRW-SNT,2026-08-25,499,1440,0.34652777777777777
KRW-SOMI,2026-08-25,137,1440,0.09513888888888888
KRW-SONIC,2026-08-25,354,1440,0.24583333333333332
KRW-SOON,2026-08-25,295,1440,0.2048611111111111
KRW-SOPH,2026-08-25,306,1440,0.2125
KRW-SPK,2026-08-25,750,1440,0.5208333333333334
KRW-SPX,2026-08-25,459,1440,0.31875
KRW-STEEM,2026-08-25,364,1440,0.25277777777777777
KRW-STRAX,2026-08-25,349,1440,0.2423611111111111
KRW-STX,2026-08-25,1279,1440,0.8881944444444444
KRW-SUI,2026-08-25,1400,1440,0.9722222222222222
KRW-SUN,2026-08-25,94,1440,0.06527777777777778
KRW-SUPER,2026-08-25,1043,1440,0.7243055555555555
KRW-SYRUP,2026-08-25,208,1440,0.14444444444444443
KRW-T,2026-08-25,309,1440,0.21458333333333332
KRW-TAIKO,2026-08-25,202,1440,0.14027777777777778
KRW-TAO,2026-08-25,781,1440,0.5423611111111111
KRW-TFUEL,2026-08-25,196,1440,0.1361111111111111
KRW-THETA,2026-08-25,259,1440,0.1798611111111111
KRW-TIA,2026-08-25,211,1440,0.14652777777777778
KRW-TOKAMAK,2026-08-25,255,1440,0.17708333333333334
KRW-TOSHI,2026-08-25,359,1440,0.24930555555555556
KRW-TRAC,2026-08-25,1118,1440,0.7763888888888889
KRW-TREE,2026-08-25,424,1440,0.29444444444444445
KRW-TRUMP,2026-08-25,1438,1440,0.9986111111111111
KRW-TRUST,2026-08-25,236,1440,0.1638888888888889
KRW-UNI,2026-08-25,853,1440,0.5923611111111111
KRW-UP2,2026-08-25,430,1440,0.2986111111111111
KRW-USD1,2026-08-25,236,1440,0.1638888888888889
KRW-USDE,2026-08-25,47,1440,0.03263888888888889
KRW-USDG,2026-08-25,46,1440,0.03194444444444444
KRW-USDS,2026-08-25,41,1440,0.02847222222222222
KRW-VANA,2026-08-25,331,1440,0.2298611111111111
KRW-VET,2026-08-25,579,1440,0.40208333333333335
KRW-VIRTUAL,2026-08-25,1269,1440,0.88125
KRW-VTHO,2026-08-25,331,1440,0.2298611111111111
KRW-VVV,2026-08-25,526,1440,0.36527777777777776
KRW-W,2026-08-25,260,1440,0.18055555555555555
KRW-WAL,2026-08-25,268,1440,0.18611111111111112
KRW-WAVES,2026-08-25,596,1440,0.41388888888888886
KRW-WAXP,2026-08-25,246,1440,0.17083333333333334
KRW-WCT,2026-08-25,219,1440,0.15208333333333332
KRW-WET,2026-08-25,542,1440,0.3763888888888889
KRW-WIF,2026-08-25,557,1440,0.38680555555555557
KRW-WLD,2026-08-25,1301,1440,0.9034722222222222
KRW-WLFI,2026-08-25,964,1440,0.6694444444444444
KRW-XAUT,2026-08-25,506,1440,0.35138888888888886
KRW-XCN,2026-08-25,198,1440,0.1375
KRW-XEC,2026-08-25,637,1440,0.4423611111111111
KRW-XLM,2026-08-25,1350,1440,0.9375
KRW-XPL,2026-08-25,781,1440,0.5423611111111111
KRW-XTZ,2026-08-25,278,1440,0.19305555555555556
KRW-YGG,2026-08-25,210,1440,0.14583333333333334
KRW-ZAMA,2026-08-25,666,1440,0.4625
KRW-ZBT,2026-08-25,579,1440,0.40208333333333335
KRW-ZETA,2026-08-25,293,1440,0.20347222222222222
KRW-ZIL,2026-08-25,374,1440,0.25972222222222224
KRW-ZK,2026-08-25,279,1440,0.19375
KRW-ZKC,2026-08-25,272,1440,0.18888888888888888
KRW-ZKP,2026-08-25,609,1440,0.42291666666666666
KRW-ZORA,2026-08-25,796,1440,0.5527777777777778
KRW-ZRO,2026-08-25,727,1440,0.5048611111111111
KRW-ZRX,2026-08-25,193,1440,0.13402777777777777
KRW-0G,2026-08-26,500,1440,0.3472222222222222
KRW-1INCH,2026-08-26,118,1440,0.08194444444444444
KRW-2Z,2026-08-26,191,1440,0.1326388888888889
KRW-A,2026-08-26,367,1440,0.2548611111111111
KRW-AAVE,2026-08-26,791,1440,0.5493055555555556
KRW-AERO,2026-08-26,279,1440,0.19375
KRW-AGLD,2026-08-26,259,1440,0.1798611111111111
KRW-AHT,2026-08-26,118,1440,0.08194444444444444
KRW-AI,2026-08-26,281,1440,0.1951388888888889
KRW-AKT,2026-08-26,432,1440,0.3
KRW-ALGO,2026-08-26,570,1440,0.3958333333333333
KRW-ALT,2026-08-26,210,1440,0.14583333333333334
KRW-ANIME,2026-08-26,300,1440,0.20833333333333334
KRW-ANKR,2026-08-26,209,1440,0.1451388888888889
KRW-API3,2026-08-26,230,1440,0.1597222222222222
KRW-APT,2026-08-26,848,1440,0.5888888888888889
KRW-ARB,2026-08-26,475,1440,0.3298611111111111
KRW-ARDR,2026-08-26,259,1440,0.1798611111111111
KRW-ARK,2026-08-26,297,1440,0.20625
KRW-ARKM,2026-08-26,155,1440,0.1076388888888889
KRW-ARX,2026-08-26,549,1440,0.38125
KRW-ASTR,2026-08-26,314,1440,0.21805555555555556
KRW-ATH,2026-08-26,600,1440,0.4166666666666667
KRW-ATOM,2026-08-26,525,1440,0.3645833333333333
KRW-AUCTION,2026-08-26,241,1440,0.1673611111111111
KRW-AVAX,2026-08-26,856,1440,0.5944444444444444
KRW-AVNT,2026-08-26,500,1440,0.3472222222222222
KRW-AWE,2026-08-26,433,1440,0.30069444444444443
KRW-AXL,2026-08-26,206,1440,0.14305555555555555
KRW-AXS,2026-08-26,706,1440,0.49027777777777776
KRW-AZTEC,2026-08-26,288,1440,0.2
KRW-B3,2026-08-26,614,1440,0.4263888888888889
KRW-BABY,2026-08-26,171,1440,0.11875
KRW-BARD,2026-08-26,336,1440,0.23333333333333334
KRW-BAT,2026-08-26,304,1440,0.2111111111111111
KRW-BCH,2026-08-26,963,1440,0.66875
KRW-BEAM,2026-08-26,174,1440,0.12083333333333333
KRW-BERA,2026-08-26,372,1440,0.25833333333333336
KRW-BFC,2026-08-26,0,1440,0.0
KRW-BIGTIME,2026-08-26,414,1440,0.2875
KRW-BIO,2026-08-26,332,1440,0.23055555555555557
KRW-BIRB,2026-08-26,656,1440,0.45555555555555555
KRW-BLAST,2026-08-26,317,1440,0.22013888888888888
KRW-BLEND,2026-08-26,796,1440,0.5527777777777778
KRW-BLUR,2026-08-26,332,1440,0.23055555555555557
KRW-BORA,2026-08-26,332,1440,0.23055555555555557
KRW-BOUNTY,2026-08-26,147,1440,0.10208333333333333
KRW-BREV,2026-08-26,245,1440,0.1701388888888889
KRW-BSB,2026-08-26,478,1440,0.33194444444444443
KRW-BSV,2026-08-26,414,1440,0.2875
KRW-BTT,2026-08-26,510,1440,0.3541666666666667
KRW-CAP,2026-08-26,960,1440,0.6666666666666666
KRW-CARV,2026-08-26,247,1440,0.17152777777777778
KRW-CBK,2026-08-26,111,1440,0.07708333333333334
KRW-CC,2026-08-26,266,1440,0.18472222222222223
KRW-CELO,2026-08-26,182,1440,0.12638888888888888
KRW-CFG,2026-08-26,365,1440,0.2534722222222222
KRW-CFX,2026-08-26,177,1440,0.12291666666666666
KRW-CHIP,2026-08-26,658,1440,0.45694444444444443
KRW-CHZ,2026-08-26,343,1440,0.23819444444444443
KRW-CKB,2026-08-26,172,1440,0.11944444444444445
KRW-COMP,2026-08-26,169,1440,0.11736111111111111
KRW-COW,2026-08-26,561,1440,0.38958333333333334
KRW-CP,2026-08-26,0,1440,0.0
KRW-CPOOL,2026-08-26,234,1440,0.1625
KRW-CRO,2026-08-26,527,1440,0.3659722222222222
KRW-CRV,2026-08-26,199,1440,0.13819444444444445
KRW-CTC,2026-08-26,352,1440,0.24444444444444444
KRW-CVC,2026-08-26,169,1440,0.11736111111111111
KRW-CYBER,2026-08-26,251,1440,0.17430555555555555
KRW-DATA,2026-08-26,636,1440,0.44166666666666665
KRW-DEEP,2026-08-26,397,1440,0.27569444444444446
KRW-DKA,2026-08-26,241,1440,0.1673611111111111
KRW-DOOD,2026-08-26,376,1440,0.2611111111111111
KRW-DOS,2026-08-26,1140,1440,0.7916666666666666
KRW-DOT,2026-08-26,604,1440,0.41944444444444445
KRW-DRV,2026-08-26,805,1440,0.5590277777777778
KRW-EDGE,2026-08-26,351,1440,0.24375
KRW-EGLD,2026-08-26,250,1440,0.1736111111111111
KRW-ELF,2026-08-26,282,1440,0.19583333333333333
KRW-ELSA,2026-08-26,254,1440,0.1763888888888889
KRW-ENA,2026-08-26,1143,1440,0.79375
KRW-ENS,2026-08-26,1056,1440,0.7333333333333333
KRW-ENSO,2026-08-26,723,1440,0.5020833333333333
KRW-ERA,2026-08-26,718,1440,0.4986111111111111
KRW-ESP,2026-08-26,525,1440,0.3645833333333333
KRW-ETC,2026-08-26,920,1440,0.6388888888888888
KRW-ETHFI,2026-08-26,575,1440,0.3993055555555556
KRW-EUL,2026-08-26,1231,1440,0.8548611111111111
KRW-EURC,2026-08-26,0,1440,0.0
KRW-F,2026-08-26,200,1440,0.1388888888888889
KRW-FCT2,2026-08-26,168,1440,0.11666666666666667
KRW-FF,2026-08-26,1288,1440,0.8944444444444445
KRW-FIL,2026-08-26,664,1440,0.46111111111111114
KRW-FLOCK,2026-08-26,491,1440,0.34097222222222223
KRW-FLUID,2026-08-26,798,1440,0.5541666666666667
KRW-FOLD,2026-08-26,1256,1440,0.8722222222222222
KRW-G,2026-08-26,283,1440,0.19652777777777777
KRW-GAME2,2026-08-26,164,1440,0.11388888888888889
KRW-GAS,2026-08-26,961,1440,0.6673611111111111
KRW-GEOD,2026-08-26,532,1440,0.36944444444444446
KRW-GLM,2026-08-26,241,1440,0.1673611111111111
KRW-GMT,2026-08-26,489,1440,0.33958333333333335
KRW-GRT,2026-08-26,381,1440,0.26458333333333334
KRW-GRVT,2026-08-26,1095,1440,0.7604166666666666
KRW-HBAR,2026-08-26,877,1440,0.6090277777777777
KRW-HIVE,2026-08-26,328,1440,0.22777777777777777
KRW-HOLO,2026-08-26,843,1440,0.5854166666666667
KRW-HOME,2026-08-26,1007,1440,0.6993055555555555
KRW-HP,2026-08-26,161,1440,0.11180555555555556
KRW-HUNT,2026-08-26,97,1440,0.06736111111111111
KRW-HYPER,2026-08-26,308,1440,0.21388888888888888
KRW-ICP,2026-08-26,282,1440,0.19583333333333333
KRW-ICX,2026-08-26,753,1440,0.5229166666666667
KRW-ID,2026-08-26,506,1440,0.35138888888888886
KRW-IMX,2026-08-26,193,1440,0.13402777777777777
KRW-IN,2026-08-26,456,1440,0.31666666666666665
KRW-INJ,2026-08-26,495,1440,0.34375
KRW-IO,2026-08-26,132,1440,0.09166666666666666
KRW-IOST,2026-08-26,391,1440,0.27152777777777776
KRW-IOTA,2026-08-26,498,1440,0.3458333333333333
KRW-IQ,2026-08-26,149,1440,0.10347222222222222
KRW-IRYS,2026-08-26,409,1440,0.28402777777777777
KRW-JPYC,2026-08-26,0,1440,0.0
KRW-JST,2026-08-26,158,1440,0.10972222222222222
KRW-JTO,2026-08-26,911,1440,0.6326388888888889
KRW-JUP,2026-08-26,682,1440,0.4736111111111111
KRW-KAITO,2026-08-26,928,1440,0.6444444444444445
KRW-KAT,2026-08-26,396,1440,0.275
KRW-KAVA,2026-08-26,389,1440,0.2701388888888889
KRW-KERNEL,2026-08-26,384,1440,0.26666666666666666
KRW-KITE,2026-08-26,654,1440,0.45416666666666666
KRW-KMNO,2026-08-26,454,1440,0.31527777777777777
KRW-KNC,2026-08-26,124,1440,0.08611111111111111
KRW-LA,2026-08-26,841,1440,0.5840277777777778
KRW-LAYER,2026-08-26,430,1440,0.2986111111111111
KRW-LINEA,2026-08-26,250,1440,0.1736111111111111
KRW-LINK,2026-08-26,1164,1440,0.8083333333333333
KRW-LIT,2026-08-26,1122,1440,0.7791666666666667
KRW-LPT,2026-08-26,179,1440,0.12430555555555556
KRW-LSK,2026-08-26,710,1440,0.4930555555555556
KRW-MANA,2026-08-26,245,1440,0.1701388888888889
KRW-MANTRA,2026-08-26,699,1440,0.48541666666666666
KRW-MASK,2026-08-26,395,1440,0.2743055555555556
KRW-MBL,2026-08-26,339,1440,0.23541666666666666
KRW-ME,2026-08-26,663,1440,0.46041666666666664
KRW-MED,2026-08-26,143,1440,0.09930555555555555
KRW-MEGA,2026-08-26,371,1440,0.25763888888888886
KRW-MET2,2026-08-26,267,1440,0.18541666666666667
KRW-META,2026-08-26,139,1440,0.09652777777777778
KRW-META2,2026-08-26,1390,1440,0.9652777777777778
KRW-MEW,2026-08-26,635,1440,0.4409722222222222
KRW-MINA,2026-08-26,409,1440,0.28402777777777777
KRW-MIRA,2026-08-26,494,1440,0.34305555555555556
KRW-MLK,2026-08-26,207,1440,0.14375
KRW-MMT,2026-08-26,669,1440,0.46458333333333335
KRW-MNT,2026-08-26,273,1440,0.18958333333333333
KRW-MOC,2026-08-26,287,1440,0.19930555555555557
KRW-MOCA,2026-08-26,268,1440,0.18611111111111112
KRW-MON,2026-08-26,471,1440,0.32708333333333334
KRW-MOODENG,2026-08-26,354,1440,0.24583333333333332
KRW-MORPHO,2026-08-26,440,1440,0.3055555555555556
KRW-MOVE,2026-08-26,1034,1440,0.7180555555555556
KRW-MTL,2026-08-26,326,1440,0.2263888888888889
KRW-MVL,2026-08-26,145,1440,0.10069444444444445
KRW-NCT,2026-08-26,175,1440,0.12152777777777778
KRW-NEAR,2026-08-26,1086,1440,0.7541666666666667
KRW-NEO,2026-08-26,487,1440,0.33819444444444446
KRW-NEWT,2026-08-26,172,1440,0.11944444444444445
KRW-NXPC,2026-08-26,286,1440,0.1986111111111111
KRW-O,2026-08-26,511,1440,0.3548611111111111
KRW-ONDO,2026-08-26,1343,1440,0.9326388888888889
KRW-ONG,2026-08-26,1417,1440,0.9840277777777777
KRW-ONT,2026-08-26,1312,1440,0.9111111111111111
KRW-OP,2026-08-26,198,1440,0.1375
KRW-OPEN,2026-08-26,243,1440,0.16875
KRW-OPG,2026-08-26,227,1440,0.15763888888888888
KRW-ORBS,2026-08-26,142,1440,0.09861111111111111
KRW-ORCA,2026-08-26,303,1440,0.21041666666666667
KRW-ORDER,2026-08-26,285,1440,0.19791666666666666
KRW-PENDLE,2026-08-26,321,1440,0.22291666666666668
KRW-PENGU,2026-08-26,778,1440,0.5402777777777777
KRW-PEPE,2026-08-26,876,1440,0.6083333333333333
KRW-PIEVERSE,2026-08-26,772,1440,0.5361111111111111
KRW-PLUME,2026-08-26,528,1440,0.36666666666666664
KRW-POKT,2026-08-26,215,1440,0.14930555555555555
KRW-POL,2026-08-26,960,1440,0.6666666666666666
KRW-POLYX,2026-08-26,310,1440,0.2152777777777778
KRW-POWR,2026-08-26,455,1440,0.3159722222222222
KRW-PRL,2026-08-26,754,1440,0.5236111111111111
KRW-PROM,2026-08-26,1419,1440,0.9854166666666667
KRW-PROS,2026-08-26,475,1440,0.3298611111111111
KRW-PROVE,2026-08-26,160,1440,0.1111111111111111
KRW-PUMP,2026-08-26,1133,1440,0.7868055555555555
KRW-PUNDIX,2026-08-26,699,1440,0.48541666666666666
KRW-PYTH,2026-08-26,924,1440,0.6416666666666667
KRW-PYUSD,2026-08-26,0,1440,0.0
KRW-QKC,2026-08-26,99,1440,0.06875
KRW-QTUM,2026-08-26,382,1440,0.2652777777777778
KRW-QUID,2026-08-26,744,1440,0.5166666666666667
KRW-RAY,2026-08-26,446,1440,0.30972222222222223
KRW-RE,2026-08-26,1264,1440,0.8777777777777778
KRW-RED,2026-08-26,592,1440,0.4111111111111111
KRW-RENDER,2026-08-26,572,1440,0.3972222222222222
KRW-RLUSD,2026-08-26,116,1440,0.08055555555555556
KRW-RVN,2026-08-26,386,1440,0.26805555555555555
KRW-SAFE,2026-08-26,208,1440,0.14444444444444443
KRW-SAHARA,2026-08-26,606,1440,0.42083333333333334
KRW-SAND,2026-08-26,1116,1440,0.775
KRW-SC,2026-08-26,703,1440,0.48819444444444443
KRW-SEI,2026-08-26,699,1440,0.48541666666666666
KRW-SENT,2026-08-26,133,1440,0.09236111111111112
KRW-SHIB,2026-08-26,1329,1440,0.9229166666666667
KRW-SIGN,2026-08-26,391,1440,0.27152777777777776
KRW-SKR,2026-08-26,155,1440,0.1076388888888889
KRW-SKY,2026-08-26,386,1440,0.26805555555555555
KRW-SLX,2026-08-26,1316,1440,0.9138888888888889
KRW-SNT,2026-08-26,1173,1440,0.8145833333333333
KRW-SOMI,2026-08-26,162,1440,0.1125
KRW-SONIC,2026-08-26,682,1440,0.4736111111111111
KRW-SOON,2026-08-26,337,1440,0.23402777777777778
KRW-SOPH,2026-08-26,327,1440,0.22708333333333333
KRW-SPK,2026-08-26,408,1440,0.2833333333333333
KRW-SPX,2026-08-26,905,1440,0.6284722222222222
KRW-STEEM,2026-08-26,329,1440,0.22847222222222222
KRW-STRAX,2026-08-26,294,1440,0.20416666666666666
KRW-STX,2026-08-26,1384,1440,0.9611111111111111
KRW-SUI,2026-08-26,1354,1440,0.9402777777777778
KRW-SUN,2026-08-26,136,1440,0.09444444444444444
KRW-SUPER,2026-08-26,434,1440,0.3013888888888889
KRW-SYRUP,2026-08-26,196,1440,0.1361111111111111
KRW-T,2026-08-26,244,1440,0.16944444444444445
KRW-TAIKO,2026-08-26,286,1440,0.1986111111111111
KRW-TAO,2026-08-26,597,1440,0.41458333333333336
KRW-TFUEL,2026-08-26,203,1440,0.14097222222222222
KRW-THETA,2026-08-26,213,1440,0.14791666666666667
KRW-TIA,2026-08-26,243,1440,0.16875
KRW-TOKAMAK,2026-08-26,216,1440,0.15
KRW-TOSHI,2026-08-26,268,1440,0.18611111111111112
KRW-TRAC,2026-08-26,846,1440,0.5875
KRW-TREE,2026-08-26,468,1440,0.325
KRW-TRUMP,2026-08-26,1425,1440,0.9895833333333334
KRW-TRUST,2026-08-26,234,1440,0.1625
KRW-UNI,2026-08-26,741,1440,0.5145833333333333
KRW-UP2,2026-08-26,346,1440,0.24027777777777778
KRW-USD1,2026-08-26,225,1440,0.15625
KRW-USDE,2026-08-26,44,1440,0.030555555555555555
KRW-USDG,2026-08-26,27,1440,0.01875
KRW-USDS,2026-08-26,42,1440,0.029166666666666667
KRW-VANA,2026-08-26,288,1440,0.2
KRW-VET,2026-08-26,500,1440,0.3472222222222222
KRW-VIRTUAL,2026-08-26,1011,1440,0.7020833333333333
KRW-VTHO,2026-08-26,235,1440,0.16319444444444445
KRW-VVV,2026-08-26,546,1440,0.37916666666666665
KRW-W,2026-08-26,361,1440,0.25069444444444444
KRW-WAL,2026-08-26,382,1440,0.2652777777777778
KRW-WAVES,2026-08-26,407,1440,0.2826388888888889
KRW-WAXP,2026-08-26,196,1440,0.1361111111111111
KRW-WCT,2026-08-26,360,1440,0.25
KRW-WET,2026-08-26,432,1440,0.3
KRW-WIF,2026-08-26,231,1440,0.16041666666666668
KRW-WLD,2026-08-26,1237,1440,0.8590277777777777
KRW-WLFI,2026-08-26,944,1440,0.6555555555555556
KRW-XAUT,2026-08-26,315,1440,0.21875
KRW-XCN,2026-08-26,103,1440,0.07152777777777777
KRW-XEC,2026-08-26,625,1440,0.4340277777777778
KRW-XLM,2026-08-26,1323,1440,0.91875
KRW-XPL,2026-08-26,823,1440,0.5715277777777777
KRW-XTZ,2026-08-26,212,1440,0.14722222222222223
KRW-YGG,2026-08-26,177,1440,0.12291666666666666
KRW-ZAMA,2026-08-26,497,1440,0.3451388888888889
KRW-ZBT,2026-08-26,512,1440,0.35555555555555557
KRW-ZETA,2026-08-26,251,1440,0.17430555555555555
KRW-ZIL,2026-08-26,303,1440,0.21041666666666667
KRW-ZK,2026-08-26,215,1440,0.14930555555555555
KRW-ZKC,2026-08-26,247,1440,0.17152777777777778
KRW-ZKP,2026-08-26,395,1440,0.2743055555555556
KRW-ZORA,2026-08-26,672,1440,0.4666666666666667
KRW-ZRO,2026-08-26,1333,1440,0.9256944444444445
KRW-ZRX,2026-08-26,207,1440,0.14375
KRW-0G,2026-08-27,391,1440,0.27152777777777776
KRW-1INCH,2026-08-27,119,1440,0.08263888888888889
KRW-2Z,2026-08-27,305,1440,0.21180555555555555
KRW-A,2026-08-27,428,1440,0.2972222222222222
KRW-AAVE,2026-08-27,757,1440,0.5256944444444445
KRW-AERO,2026-08-27,290,1440,0.2013888888888889
KRW-AGLD,2026-08-27,220,1440,0.1527777777777778
KRW-AHT,2026-08-27,247,1440,0.17152777777777778
KRW-AI,2026-08-27,260,1440,0.18055555555555555
KRW-AKT,2026-08-27,469,1440,0.32569444444444445
KRW-ALGO,2026-08-27,497,1440,0.3451388888888889
KRW-ALT,2026-08-27,211,1440,0.14652777777777778
KRW-ANIME,2026-08-27,334,1440,0.23194444444444445
KRW-ANKR,2026-08-27,172,1440,0.11944444444444445
KRW-API3,2026-08-27,195,1440,0.13541666666666666
KRW-APT,2026-08-27,752,1440,0.5222222222222223
KRW-ARB,2026-08-27,511,1440,0.3548611111111111
KRW-ARDR,2026-08-27,631,1440,0.43819444444444444
KRW-ARK,2026-08-27,656,1440,0.45555555555555555
KRW-ARKM,2026-08-27,157,1440,0.10902777777777778
KRW-ARX,2026-08-27,586,1440,0.40694444444444444
KRW-ASTR,2026-08-27,436,1440,0.30277777777777776
KRW-ATH,2026-08-27,463,1440,0.3215277777777778
KRW-ATOM,2026-08-27,542,1440,0.3763888888888889
KRW-AUCTION,2026-08-27,237,1440,0.16458333333333333
KRW-AVAX,2026-08-27,816,1440,0.5666666666666667
KRW-AVNT,2026-08-27,389,1440,0.2701388888888889
KRW-AWE,2026-08-27,294,1440,0.20416666666666666
KRW-AXL,2026-08-27,149,1440,0.10347222222222222
KRW-AXS,2026-08-27,623,1440,0.4326388888888889
KRW-AZTEC,2026-08-27,260,1440,0.18055555555555555
KRW-B3,2026-08-27,554,1440,0.38472222222222224
KRW-BABY,2026-08-27,157,1440,0.10902777777777778
KRW-BARD,2026-08-27,230,1440,0.1597222222222222
KRW-BAT,2026-08-27,280,1440,0.19444444444444445
KRW-BCH,2026-08-27,892,1440,0.6194444444444445
KRW-BEAM,2026-08-27,607,1440,0.4215277777777778
KRW-BERA,2026-08-27,397,1440,0.27569444444444446
KRW-BFC,2026-08-27,0,1440,0.0
KRW-BIGTIME,2026-08-27,405,1440,0.28125
KRW-BIO,2026-08-27,250,1440,0.1736111111111111
KRW-BIRB,2026-08-27,555,1440,0.3854166666666667
KRW-BLAST,2026-08-27,924,1440,0.6416666666666667
KRW-BLEND,2026-08-27,559,1440,0.38819444444444445
KRW-BLUR,2026-08-27,211,1440,0.14652777777777778
KRW-BORA,2026-08-27,669,1440,0.46458333333333335
KRW-BOUNTY,2026-08-27,300,1440,0.20833333333333334
KRW-BREV,2026-08-27,176,1440,0.12222222222222222
KRW-BSB,2026-08-27,701,1440,0.48680555555555555
KRW-BSV,2026-08-27,605,1440,0.4201388888888889
KRW-BTT,2026-08-27,541,1440,0.37569444444444444
KRW-CAP,2026-08-27,726,1440,0.5041666666666667
KRW-CARV,2026-08-27,298,1440,0.20694444444444443
KRW-CBK,2026-08-27,429,1440,0.29791666666666666
KRW-CC,2026-08-27,320,1440,0.2222222222222222
KRW-CELO,2026-08-27,158,1440,0.10972222222222222
KRW-CFG,2026-08-27,314,1440,0.21805555555555556
KRW-CFX,2026-08-27,123,1440,0.08541666666666667
KRW-CHIP,2026-08-27,964,1440,0.6694444444444444
KRW-CHZ,2026-08-27,375,1440,0.2604166666666667
KRW-CKB,2026-08-27,203,1440,0.14097222222222222
KRW-COMP,2026-08-27,150,1440,0.10416666666666667
KRW-COW,2026-08-27,274,1440,0.19027777777777777
KRW-CP,2026-08-27,0,1440,0.0
KRW-CPOOL,2026-08-27,281,1440,0.1951388888888889
KRW-CRO,2026-08-27,490,1440,0.3402777777777778
KRW-CRV,2026-08-27,253,1440,0.17569444444444443
KRW-CTC,2026-08-27,358,1440,0.24861111111111112
KRW-CVC,2026-08-27,285,1440,0.19791666666666666
KRW-CYBER,2026-08-27,128,1440,0.08888888888888889
KRW-DATA,2026-08-27,684,1440,0.475
KRW-DEEP,2026-08-27,258,1440,0.17916666666666667
KRW-DKA,2026-08-27,475,1440,0.3298611111111111
KRW-DOOD,2026-08-27,316,1440,0.21944444444444444
KRW-DOS,2026-08-27,922,1440,0.6402777777777777
KRW-DOT,2026-08-27,521,1440,0.36180555555555555
KRW-DRV,2026-08-27,1276,1440,0.8861111111111111
KRW-EDGE,2026-08-27,396,1440,0.275
KRW-EGLD,2026-08-27,155,1440,0.1076388888888889
KRW-ELF,2026-08-27,332,1440,0.23055555555555557
KRW-ELSA,2026-08-27,311,1440,0.21597222222222223
KRW-ENA,2026-08-27,1191,1440,0.8270833333333333
KRW-ENS,2026-08-27,961,1440,0.6673611111111111
KRW-ENSO,2026-08-27,469,1440,0.32569444444444445
KRW-ERA,2026-08-27,490,1440,0.3402777777777778
KRW-ESP,2026-08-27,386,1440,0.26805555555555555
KRW-ETC,2026-08-27,852,1440,0.5916666666666667
KRW-ETHFI,2026-08-27,368,1440,0.25555555555555554
KRW-EUL,2026-08-27,1108,1440,0.7694444444444445
KRW-EURC,2026-08-27,0,1440,0.0
KRW-F,2026-08-27,233,1440,0.16180555555555556
KRW-FCT2,2026-08-27,564,1440,0.39166666666666666
KRW-FF,2026-08-27,567,1440,0.39375
KRW-FIL,2026-08-27,620,1440,0.4305555555555556
KRW-FLOCK,2026-08-27,359,1440,0.24930555555555556
KRW-FLUID,2026-08-27,912,1440,0.6333333333333333
KRW-FOLD,2026-08-27,1138,1440,0.7902777777777777
KRW-G,2026-08-27,250,1440,0.1736111111111111
KRW-GAME2,2026-08-27,285,1440,0.19791666666666666
KRW-GAS,2026-08-27,1313,1440,0.9118055555555555
KRW-GEOD,2026-08-27,476,1440,0.33055555555555555
KRW-GLM,2026-08-27,326,1440,0.2263888888888889
KRW-GMT,2026-08-27,341,1440,0.23680555555555555
KRW-GRT,2026-08-27,252,1440,0.175
KRW-GRVT,2026-08-27,1084,1440,0.7527777777777778
KRW-HBAR,2026-08-27,761,1440,0.5284722222222222
KRW-HIVE,2026-08-27,338,1440,0.23472222222222222
KRW-HOLO,2026-08-27,559,1440,0.38819444444444445
KRW-HOME,2026-08-27,721,1440,0.5006944444444444
KRW-HP,2026-08-27,381,1440,0.26458333333333334
KRW-HUNT,2026-08-27,189,1440,0.13125
KRW-HYPER,2026-08-27,276,1440,0.19166666666666668
KRW-ICP,2026-08-27,207,1440,0.14375
KRW-ICX,2026-08-27,719,1440,0.49930555555555556
KRW-ID,2026-08-27,703,1440,0.48819444444444443
KRW-IMX,2026-08-27,163,1440,0.11319444444444444
KRW-IN,2026-08-27,417,1440,0.28958333333333336
KRW-INJ,2026-08-27,483,1440,0.33541666666666664
KRW-IO,2026-08-27,92,1440,0.06388888888888888
KRW-IOST,2026-08-27,437,1440,0.3034722222222222
KRW-IOTA,2026-08-27,452,1440,0.3138888888888889
KRW-IQ,2026-08-27,250,1440,0.1736111111111111
KRW-IRYS,2026-08-27,329,1440,0.22847222222222222
KRW-JPYC,2026-08-27,0,1440,0.0
KRW-JST,2026-08-27,149,1440,0.10347222222222222
KRW-JTO,2026-08-27,741,1440,0.5145833333333333
KRW-JUP,2026-08-27,636,1440,0.44166666666666665
KRW-KAITO,2026-08-27,788,1440,0.5472222222222223
KRW-KAT,2026-08-27,315,1440,0.21875
KRW-KAVA,2026-08-27,210,1440,0.14583333333333334
KRW-KERNEL,2026-08-27,687,1440,0.47708333333333336
KRW-KITE,2026-08-27,1007,1440,0.6993055555555555
KRW-KMNO,2026-08-27,363,1440,0.2520833333333333
KRW-KNC,2026-08-27,96,1440,0.06666666666666667
KRW-LA,2026-08-27,960,1440,0.6666666666666666
KRW-LAYER,2026-08-27,386,1440,0.26805555555555555
KRW-LINEA,2026-08-27,298,1440,0.20694444444444443
KRW-LINK,2026-08-27,1135,1440,0.7881944444444444
KRW-LIT,2026-08-27,695,1440,0.4826388888888889
KRW-LPT,2026-08-27,138,1440,0.09583333333333334
KRW-LSK,2026-08-27,1005,1440,0.6979166666666666
KRW-MANA,2026-08-27,211,1440,0.14652777777777778
KRW-MANTRA,2026-08-27,495,1440,0.34375
KRW-MASK,2026-08-27,315,1440,0.21875
KRW-MBL,2026-08-27,336,1440,0.23333333333333334
KRW-ME,2026-08-27,605,1440,0.4201388888888889
KRW-MED,2026-08-27,295,1440,0.2048611111111111
KRW-MEGA,2026-08-27,385,1440,0.2673611111111111
KRW-MET2,2026-08-27,238,1440,0.16527777777777777
KRW-META,2026-08-27,568,1440,0.39444444444444443
KRW-META2,2026-08-27,1264,1440,0.8777777777777778
KRW-MEW,2026-08-27,422,1440,0.29305555555555557
KRW-MINA,2026-08-27,673,1440,0.4673611111111111
KRW-MIRA,2026-08-27,567,1440,0.39375
KRW-MLK,2026-08-27,917,1440,0.6368055555555555
KRW-MMT,2026-08-27,490,1440,0.3402777777777778
KRW-MNT,2026-08-27,453,1440,0.3145833333333333
KRW-MOC,2026-08-27,369,1440,0.25625
KRW-MOCA,2026-08-27,258,1440,0.17916666666666667
KRW-MON,2026-08-27,362,1440,0.2513888888888889
KRW-MOODENG,2026-08-27,244,1440,0.16944444444444445
KRW-MORPHO,2026-08-27,498,1440,0.3458333333333333
KRW-MOVE,2026-08-27,880,1440,0.6111111111111112
KRW-MTL,2026-08-27,456,1440,0.31666666666666665
KRW-MVL,2026-08-27,143,1440,0.09930555555555555
KRW-NCT,2026-08-27,1437,1440,0.9979166666666667
KRW-NEAR,2026-08-27,1084,1440,0.7527777777777778
KRW-NEO,2026-08-27,682,1440,0.4736111111111111
KRW-NEWT,2026-08-27,154,1440,0.10694444444444444
KRW-NXPC,2026-08-27,245,1440,0.1701388888888889
KRW-O,2026-08-27,265,1440,0.1840277777777778
KRW-ONDO,2026-08-27,1289,1440,0.8951388888888889
KRW-ONG,2026-08-27,1440,1440,1.0
KRW-ONT,2026-08-27,1415,1440,0.9826388888888888
KRW-OP,2026-08-27,260,1440,0.18055555555555555
KRW-OPEN,2026-08-27,248,1440,0.17222222222222222
KRW-OPG,2026-08-27,160,1440,0.1111111111111111
KRW-ORBS,2026-08-27,171,1440,0.11875
KRW-ORCA,2026-08-27,237,1440,0.16458333333333333
KRW-ORDER,2026-08-27,469,1440,0.32569444444444445
KRW-PENDLE,2026-08-27,295,1440,0.2048611111111111
KRW-PENGU,2026-08-27,765,1440,0.53125
KRW-PEPE,2026-08-27,763,1440,0.5298611111111111
KRW-PIEVERSE,2026-08-27,580,1440,0.4027777777777778
KRW-PLUME,2026-08-27,473,1440,0.3284722222222222
KRW-POKT,2026-08-27,213,1440,0.14791666666666667
KRW-POL,2026-08-27,875,1440,0.6076388888888888
KRW-POLYX,2026-08-27,547,1440,0.3798611111111111
KRW-POWR,2026-08-27,298,1440,0.20694444444444443
KRW-PRL,2026-08-27,629,1440,0.43680555555555556
KRW-PROM,2026-08-27,1386,1440,0.9625
KRW-PROS,2026-08-27,343,1440,0.23819444444444443
KRW-PROVE,2026-08-27,146,1440,0.10138888888888889
KRW-PUMP,2026-08-27,1021,1440,0.7090277777777778
KRW-PUNDIX,2026-08-27,374,1440,0.25972222222222224
KRW-PYTH,2026-08-27,862,1440,0.5986111111111111
KRW-PYUSD,2026-08-27,0,1440,0.0
KRW-QKC,2026-08-27,354,1440,0.24583333333333332
KRW-QTUM,2026-08-27,676,1440,0.46944444444444444
KRW-QUID,2026-08-27,757,1440,0.5256944444444445
KRW-RAY,2026-08-27,432,1440,0.3
KRW-RE,2026-08-27,1264,1440,0.8777777777777778
KRW-RED,2026-08-27,332,1440,0.23055555555555557
KRW-RENDER,2026-08-27,577,1440,0.40069444444444446
KRW-RLUSD,2026-08-27,71,1440,0.049305555555555554
KRW-RVN,2026-08-27,434,1440,0.3013888888888889
KRW-SAFE,2026-08-27,105,1440,0.07291666666666667
KRW-SAHARA,2026-08-27,844,1440,0.5861111111111111
KRW-SAND,2026-08-27,927,1440,0.64375
KRW-SC,2026-08-27,681,1440,0.47291666666666665
KRW-SEI,2026-08-27,696,1440,0.48333333333333334
KRW-SENT,2026-08-27,128,1440,0.08888888888888889
KRW-SHIB,2026-08-27,1294,1440,0.8986111111111111
KRW-SIGN,2026-08-27,353,1440,0.24513888888888888
KRW-SKR,2026-08-27,246,1440,0.17083333333333334
KRW-SKY,2026-08-27,302,1440,0.20972222222222223
KRW-SLX,2026-08-27,1054,1440,0.7319444444444444
KRW-SNT,2026-08-27,889,1440,0.6173611111111111
KRW-SOMI,2026-08-27,170,1440,0.11805555555555555
KRW-SONIC,2026-08-27,620,1440,0.4305555555555556
KRW-SOON,2026-08-27,370,1440,0.2569444444444444
KRW-SOPH,2026-08-27,361,1440,0.25069444444444444
KRW-SPK,2026-08-27,610,1440,0.4236111111111111
KRW-SPX,2026-08-27,847,1440,0.5881944444444445
KRW-STEEM,2026-08-27,493,1440,0.3423611111111111
KRW-STRAX,2026-08-27,339,1440,0.23541666666666666
KRW-STX,2026-08-27,1321,1440,0.9173611111111111
KRW-SUI,2026-08-27,1310,1440,0.9097222222222222
KRW-SUN,2026-08-27,118,1440,0.08194444444444444
KRW-SUPER,2026-08-27,274,1440,0.19027777777777777
KRW-SYRUP,2026-08-27,190,1440,0.13194444444444445
KRW-T,2026-08-27,271,1440,0.18819444444444444
KRW-TAIKO,2026-08-27,232,1440,0.16111111111111112
KRW-TAO,2026-08-27,905,1440,0.6284722222222222
KRW-TFUEL,2026-08-27,153,1440,0.10625
KRW-THETA,2026-08-27,157,1440,0.10902777777777778
KRW-TIA,2026-08-27,150,1440,0.10416666666666667
KRW-TOKAMAK,2026-08-27,754,1440,0.5236111111111111
KRW-TOSHI,2026-08-27,184,1440,0.12777777777777777
KRW-TRAC,2026-08-27,645,1440,0.4479166666666667
KRW-TREE,2026-08-27,454,1440,0.31527777777777777
KRW-TRUMP,2026-08-27,1429,1440,0.9923611111111111
KRW-TRUST,2026-08-27,201,1440,0.13958333333333334
KRW-UNI,2026-08-27,787,1440,0.5465277777777777
KRW-UP2,2026-08-27,373,1440,0.2590277777777778
KRW-USD1,2026-08-27,199,1440,0.13819444444444445
KRW-USDE,2026-08-27,39,1440,0.027083333333333334
KRW-USDG,2026-08-27,22,1440,0.015277777777777777
KRW-USDS,2026-08-27,24,1440,0.016666666666666666
KRW-VANA,2026-08-27,398,1440,0.2763888888888889
KRW-VET,2026-08-27,1037,1440,0.7201388888888889
KRW-VIRTUAL,2026-08-27,964,1440,0.6694444444444444
KRW-VTHO,2026-08-27,386,1440,0.26805555555555555
KRW-VVV,2026-08-27,425,1440,0.2951388888888889
KRW-W,2026-08-27,329,1440,0.22847222222222222
KRW-WAL,2026-08-27,257,1440,0.17847222222222223
KRW-WAVES,2026-08-27,401,1440,0.27847222222222223
KRW-WAXP,2026-08-27,496,1440,0.34444444444444444
KRW-WCT,2026-08-27,236,1440,0.1638888888888889
KRW-WET,2026-08-27,293,1440,0.20347222222222222
KRW-WIF,2026-08-27,156,1440,0.10833333333333334
KRW-WLD,2026-08-27,1194,1440,0.8291666666666667
KRW-WLFI,2026-08-27,736,1440,0.5111111111111111
KRW-XAUT,2026-08-27,331,1440,0.2298611111111111
KRW-XCN,2026-08-27,143,1440,0.09930555555555555
KRW-XEC,2026-08-27,570,1440,0.3958333333333333
KRW-XLM,2026-08-27,1302,1440,0.9041666666666667
KRW-XPL,2026-08-27,915,1440,0.6354166666666666
KRW-XTZ,2026-08-27,220,1440,0.1527777777777778
KRW-YGG,2026-08-27,178,1440,0.12361111111111112
KRW-ZAMA,2026-08-27,332,1440,0.23055555555555557
KRW-ZBT,2026-08-27,565,1440,0.3923611111111111
KRW-ZETA,2026-08-27,213,1440,0.14791666666666667
KRW-ZIL,2026-08-27,403,1440,0.2798611111111111
KRW-ZK,2026-08-27,252,1440,0.175
KRW-ZKC,2026-08-27,243,1440,0.16875
KRW-ZKP,2026-08-27,306,1440,0.2125
KRW-ZORA,2026-08-27,554,1440,0.38472222222222224
KRW-ZRO,2026-08-27,907,1440,0.6298611111111111
KRW-ZRX,2026-08-27,144,1440,0.1
KRW-0G,2026-08-28,452,1440,0.3138888888888889
KRW-1INCH,2026-08-28,109,1440,0.07569444444444444
KRW-2Z,2026-08-28,367,1440,0.2548611111111111
KRW-A,2026-08-28,354,1440,0.24583333333333332
KRW-AAVE,2026-08-28,710,1440,0.4930555555555556
KRW-AERO,2026-08-28,243,1440,0.16875
KRW-AGLD,2026-08-28,227,1440,0.15763888888888888
KRW-AHT,2026-08-28,168,1440,0.11666666666666667
KRW-AI,2026-08-28,301,1440,0.20902777777777778
KRW-AKT,2026-08-28,423,1440,0.29375
KRW-ALGO,2026-08-28,445,1440,0.3090277777777778
KRW-ALT,2026-08-28,227,1440,0.15763888888888888
KRW-ANIME,2026-08-28,277,1440,0.19236111111111112
KRW-ANKR,2026-08-28,169,1440,0.11736111111111111
KRW-API3,2026-08-28,200,1440,0.1388888888888889
KRW-APT,2026-08-28,724,1440,0.5027777777777778
KRW-ARB,2026-08-28,458,1440,0.31805555555555554
KRW-ARDR,2026-08-28,480,1440,0.3333333333333333
KRW-ARK,2026-08-28,303,1440,0.21041666666666667
KRW-ARKM,2026-08-28,232,1440,0.16111111111111112
KRW-ARX,2026-08-28,567,1440,0.39375
KRW-ASTR,2026-08-28,297,1440,0.20625
KRW-ATH,2026-08-28,386,1440,0.26805555555555555
KRW-ATOM,2026-08-28,578,1440,0.4013888888888889
KRW-AUCTION,2026-08-28,214,1440,0.1486111111111111
KRW-AVAX,2026-08-28,890,1440,0.6180555555555556
KRW-AVNT,2026-08-28,361,1440,0.25069444444444444
KRW-AWE,2026-08-28,374,1440,0.25972222222222224
KRW-AXL,2026-08-28,186,1440,0.12916666666666668
KRW-AXS,2026-08-28,620,1440,0.4305555555555556
KRW-AZTEC,2026-08-28,220,1440,0.1527777777777778
KRW-B3,2026-08-28,436,1440,0.30277777777777776
KRW-BABY,2026-08-28,146,1440,0.10138888888888889
KRW-BARD,2026-08-28,376,1440,0.2611111111111111
KRW-BAT,2026-08-28,288,1440,0.2
KRW-BCH,2026-08-28,1000,1440,0.6944444444444444
KRW-BEAM,2026-08-28,1239,1440,0.8604166666666667
KRW-BERA,2026-08-28,434,1440,0.3013888888888889
KRW-BFC,2026-08-28,0,1440,0.0
KRW-BIGTIME,2026-08-28,418,1440,0.2902777777777778
KRW-BIO,2026-08-28,313,1440,0.21736111111111112
KRW-BIRB,2026-08-28,471,1440,0.32708333333333334
KRW-BLAST,2026-08-28,584,1440,0.40555555555555556
KRW-BLEND,2026-08-28,382,1440,0.2652777777777778
KRW-BLUR,2026-08-28,223,1440,0.15486111111111112
KRW-BORA,2026-08-28,486,1440,0.3375
KRW-BOUNTY,2026-08-28,245,1440,0.1701388888888889
KRW-BREV,2026-08-28,148,1440,0.10277777777777777
KRW-BSB,2026-08-28,383,1440,0.2659722222222222
KRW-BSV,2026-08-28,457,1440,0.3173611111111111
KRW-BTT,2026-08-28,509,1440,0.35347222222222224
KRW-CAP,2026-08-28,1003,1440,0.6965277777777777
KRW-CARV,2026-08-28,208,1440,0.14444444444444443
KRW-CBK,2026-08-28,229,1440,0.15902777777777777
KRW-CC,2026-08-28,560,1440,0.3888888888888889
KRW-CELO,2026-08-28,148,1440,0.10277777777777777
KRW-CFG,2026-08-28,533,1440,0.3701388888888889
KRW-CFX,2026-08-28,125,1440,0.08680555555555555
KRW-CHIP,2026-08-28,1270,1440,0.8819444444444444
KRW-CHZ,2026-08-28,400,1440,0.2777777777777778
KRW-CKB,2026-08-28,140,1440,0.09722222222222222
KRW-COMP,2026-08-28,205,1440,0.1423611111111111
KRW-COW,2026-08-28,243,1440,0.16875
KRW-CP,2026-08-28,0,1440,0.0
KRW-CPOOL,2026-08-28,163,1440,0.11319444444444444
KRW-CRO,2026-08-28,506,1440,0.35138888888888886
KRW-CRV,2026-08-28,184,1440,0.12777777777777777
KRW-CTC,2026-08-28,365,1440,0.2534722222222222
KRW-CVC,2026-08-28,294,1440,0.20416666666666666
KRW-CYBER,2026-08-28,205,1440,0.1423611111111111
KRW-DATA,2026-08-28,687,1440,0.47708333333333336
KRW-DEEP,2026-08-28,456,1440,0.31666666666666665
KRW-DKA,2026-08-28,454,1440,0.31527777777777777
KRW-DOOD,2026-08-28,317,1440,0.22013888888888888
KRW-DOS,2026-08-28,1079,1440,0.7493055555555556
KRW-DOT,2026-08-28,475,1440,0.3298611111111111
KRW-DRV,2026-08-28,853,1440,0.5923611111111111
KRW-EDGE,2026-08-28,468,1440,0.325
KRW-EGLD,2026-08-28,191,1440,0.1326388888888889
KRW-ELF,2026-08-28,227,1440,0.15763888888888888
KRW-ELSA,2026-08-28,299,1440,0.2076388888888889
KRW-ENA,2026-08-28,1419,1440,0.9854166666666667
KRW-ENS,2026-08-28,905,1440,0.6284722222222222
KRW-ENSO,2026-08-28,487,1440,0.33819444444444446
KRW-ERA,2026-08-28,462,1440,0.32083333333333336
KRW-ESP,2026-08-28,315,1440,0.21875
KRW-ETC,2026-08-28,840,1440,0.5833333333333334
KRW-ETHFI,2026-08-28,403,1440,0.2798611111111111
KRW-EUL,2026-08-28,919,1440,0.6381944444444444
KRW-EURC,2026-08-28,570,1440,0.3958333333333333
KRW-F,2026-08-28,259,1440,0.1798611111111111
KRW-FCT2,2026-08-28,275,1440,0.1909722222222222
KRW-FF,2026-08-28,489,1440,0.33958333333333335
KRW-FIL,2026-08-28,687,1440,0.47708333333333336
KRW-FLOCK,2026-08-28,552,1440,0.38333333333333336
KRW-FLUID,2026-08-28,358,1440,0.24861111111111112
KRW-FOLD,2026-08-28,1183,1440,0.8215277777777777
KRW-G,2026-08-28,389,1440,0.2701388888888889
KRW-GAME2,2026-08-28,341,1440,0.23680555555555555
KRW-GAS,2026-08-28,1069,1440,0.7423611111111111
KRW-GEOD,2026-08-28,279,1440,0.19375
KRW-GLM,2026-08-28,163,1440,0.11319444444444444
KRW-GMT,2026-08-28,314,1440,0.21805555555555556
KRW-GRT,2026-08-28,299,1440,0.2076388888888889
KRW-GRVT,2026-08-28,1151,1440,0.7993055555555556
KRW-HBAR,2026-08-28,786,1440,0.5458333333333333
KRW-HIVE,2026-08-28,207,1440,0.14375
KRW-HOLO,2026-08-28,612,1440,0.425
KRW-HOME,2026-08-28,625,1440,0.4340277777777778
KRW-HP,2026-08-28,470,1440,0.3263888888888889
KRW-HUNT,2026-08-28,115,1440,0.0798611111111111
KRW-HYPER,2026-08-28,281,1440,0.1951388888888889
KRW-ICP,2026-08-28,254,1440,0.1763888888888889
KRW-ICX,2026-08-28,679,1440,0.47152777777777777
KRW-ID,2026-08-28,414,1440,0.2875
KRW-IMX,2026-08-28,138,1440,0.09583333333333334
KRW-IN,2026-08-28,362,1440,0.2513888888888889
KRW-INJ,2026-08-28,431,1440,0.29930555555555555
KRW-IO,2026-08-28,91,1440,0.06319444444444444
KRW-IOST,2026-08-28,287,1440,0.19930555555555557
KRW-IOTA,2026-08-28,430,1440,0.2986111111111111
KRW-IQ,2026-08-28,201,1440,0.13958333333333334
KRW-IRYS,2026-08-28,386,1440,0.26805555555555555
KRW-JPYC,2026-08-28,0,1440,0.0
KRW-JST,2026-08-28,233,1440,0.16180555555555556
KRW-JTO,2026-08-28,926,1440,0.6430555555555556
KRW-JUP,2026-08-28,728,1440,0.5055555555555555
KRW-KAITO,2026-08-28,681,1440,0.47291666666666665
KRW-KAT,2026-08-28,299,1440,0.2076388888888889
KRW-KAVA,2026-08-28,583,1440,0.4048611111111111
KRW-KERNEL,2026-08-28,767,1440,0.5326388888888889
KRW-KITE,2026-08-28,711,1440,0.49375
KRW-KMNO,2026-08-28,516,1440,0.35833333333333334
KRW-KNC,2026-08-28,116,1440,0.08055555555555556
KRW-LA,2026-08-28,945,1440,0.65625
KRW-LAYER,2026-08-28,429,1440,0.29791666666666666
KRW-LINEA,2026-08-28,213,1440,0.14791666666666667
KRW-LINK,2026-08-28,1157,1440,0.8034722222222223
KRW-LIT,2026-08-28,816,1440,0.5666666666666667
KRW-LPT,2026-08-28,152,1440,0.10555555555555556
KRW-LSK,2026-08-28,503,1440,0.34930555555555554
KRW-MANA,2026-08-28,218,1440,0.15138888888888888
KRW-MANTRA,2026-08-28,956,1440,0.6638888888888889
KRW-MASK,2026-08-28,199,1440,0.13819444444444445
KRW-MBL,2026-08-28,168,1440,0.11666666666666667
KRW-ME,2026-08-28,1001,1440,0.6951388888888889
KRW-MED,2026-08-28,180,1440,0.125
KRW-MEGA,2026-08-28,336,1440,0.23333333333333334
KRW-MET2,2026-08-28,216,1440,0.15
KRW-META,2026-08-28,219,1440,0.15208333333333332
KRW-META2,2026-08-28,1173,1440,0.8145833333333333
KRW-MEW,2026-08-28,412,1440,0.2861111111111111
KRW-MINA,2026-08-28,944,1440,0.6555555555555556
KRW-MIRA,2026-08-28,407,1440,0.2826388888888889
KRW-MLK,2026-08-28,1080,1440,0.75
KRW-MMT,2026-08-28,573,1440,0.39791666666666664
KRW-MNT,2026-08-28,586,1440,0.40694444444444444
KRW-MOC,2026-08-28,203,1440,0.14097222222222222
KRW-MOCA,2026-08-28,325,1440,0.22569444444444445
KRW-MON,2026-08-28,589,1440,0.40902777777777777
KRW-MOODENG,2026-08-28,271,1440,0.18819444444444444
KRW-MORPHO,2026-08-28,475,1440,0.3298611111111111
KRW-MOVE,2026-08-28,1010,1440,0.7013888888888888
KRW-MTL,2026-08-28,219,1440,0.15208333333333332
KRW-MVL,2026-08-28,93,1440,0.06458333333333334
KRW-NCT,2026-08-28,1286,1440,0.8930555555555556
KRW-NEAR,2026-08-28,1124,1440,0.7805555555555556
KRW-NEO,2026-08-28,436,1440,0.30277777777777776
KRW-NEWT,2026-08-28,191,1440,0.1326388888888889
KRW-NXPC,2026-08-28,270,1440,0.1875
KRW-O,2026-08-28,468,1440,0.325
KRW-ONDO,2026-08-28,1336,1440,0.9277777777777778
KRW-ONG,2026-08-28,1431,1440,0.99375
KRW-ONT,2026-08-28,1178,1440,0.8180555555555555
KRW-OP,2026-08-28,372,1440,0.25833333333333336
KRW-OPEN,2026-08-28,261,1440,0.18125
KRW-OPG,2026-08-28,298,1440,0.20694444444444443
KRW-ORBS,2026-08-28,600,1440,0.4166666666666667
KRW-ORCA,2026-08-28,328,1440,0.22777777777777777
KRW-ORDER,2026-08-28,570,1440,0.3958333333333333
KRW-PENDLE,2026-08-28,285,1440,0.19791666666666666
KRW-PENGU,2026-08-28,659,1440,0.4576388888888889
KRW-PEPE,2026-08-28,712,1440,0.49444444444444446
KRW-PIEVERSE,2026-08-28,615,1440,0.4270833333333333
KRW-PLUME,2026-08-28,450,1440,0.3125
KRW-POKT,2026-08-28,248,1440,0.17222222222222222
KRW-POL,2026-08-28,592,1440,0.4111111111111111
KRW-POLYX,2026-08-28,373,1440,0.2590277777777778
KRW-POWR,2026-08-28,251,1440,0.17430555555555555
KRW-PRL,2026-08-28,605,1440,0.4201388888888889
KRW-PROM,2026-08-28,1434,1440,0.9958333333333333
KRW-PROS,2026-08-28,264,1440,0.18333333333333332
KRW-PROVE,2026-08-28,148,1440,0.10277777777777777
KRW-PUMP,2026-08-28,843,1440,0.5854166666666667
KRW-PUNDIX,2026-08-28,265,1440,0.1840277777777778
KRW-PYTH,2026-08-28,564,1440,0.39166666666666666
KRW-PYUSD,2026-08-28,0,1440,0.0
KRW-QKC,2026-08-28,135,1440,0.09375
KRW-QTUM,2026-08-28,500,1440,0.3472222222222222
KRW-QUID,2026-08-28,800,1440,0.5555555555555556
KRW-RAY,2026-08-28,374,1440,0.25972222222222224
KRW-RE,2026-08-28,1002,1440,0.6958333333333333
KRW-RED,2026-08-28,412,1440,0.2861111111111111
KRW-RENDER,2026-08-28,516,1440,0.35833333333333334
KRW-RLUSD,2026-08-28,73,1440,0.050694444444444445
KRW-RVN,2026-08-28,823,1440,0.5715277777777777
KRW-SAFE,2026-08-28,163,1440,0.11319444444444444
KRW-SAHARA,2026-08-28,744,1440,0.5166666666666667
KRW-SAND,2026-08-28,1140,1440,0.7916666666666666
KRW-SC,2026-08-28,572,1440,0.3972222222222222
KRW-SEI,2026-08-28,656,1440,0.45555555555555555
KRW-SENT,2026-08-28,145,1440,0.10069444444444445
KRW-SHIB,2026-08-28,1283,1440,0.8909722222222223
KRW-SIGN,2026-08-28,229,1440,0.15902777777777777
KRW-SKR,2026-08-28,1114,1440,0.7736111111111111
KRW-SKY,2026-08-28,238,1440,0.16527777777777777
KRW-SLX,2026-08-28,1156,1440,0.8027777777777778
KRW-SNT,2026-08-28,494,1440,0.34305555555555556
KRW-SOMI,2026-08-28,186,1440,0.12916666666666668
KRW-SONIC,2026-08-28,349,1440,0.2423611111111111
KRW-SOON,2026-08-28,279,1440,0.19375
KRW-SOPH,2026-08-28,640,1440,0.4444444444444444
KRW-SPK,2026-08-28,406,1440,0.28194444444444444
KRW-SPX,2026-08-28,470,1440,0.3263888888888889
KRW-STEEM,2026-08-28,289,1440,0.20069444444444445
KRW-STRAX,2026-08-28,354,1440,0.24583333333333332
KRW-STX,2026-08-28,1272,1440,0.8833333333333333
KRW-SUI,2026-08-28,1360,1440,0.9444444444444444
KRW-SUN,2026-08-28,184,1440,0.12777777777777777
KRW-SUPER,2026-08-28,209,1440,0.1451388888888889
KRW-SYRUP,2026-08-28,196,1440,0.1361111111111111
KRW-T,2026-08-28,320,1440,0.2222222222222222
KRW-TAIKO,2026-08-28,227,1440,0.15763888888888888
KRW-TAO,2026-08-28,778,1440,0.5402777777777777
KRW-TFUEL,2026-08-28,315,1440,0.21875
KRW-THETA,2026-08-28,173,1440,0.12013888888888889
KRW-TIA,2026-08-28,212,1440,0.14722222222222223
KRW-TOKAMAK,2026-08-28,392,1440,0.2722222222222222
KRW-TOSHI,2026-08-28,164,1440,0.11388888888888889
KRW-TRAC,2026-08-28,493,1440,0.3423611111111111
KRW-TREE,2026-08-28,372,1440,0.25833333333333336
KRW-TRUMP,2026-08-28,1440,1440,1.0
KRW-TRUST,2026-08-28,187,1440,0.12986111111111112
KRW-UNI,2026-08-28,975,1440,0.6770833333333334
KRW-UP2,2026-08-28,719,1440,0.49930555555555556
KRW-USD1,2026-08-28,205,1440,0.1423611111111111
KRW-USDE,2026-08-28,33,1440,0.022916666666666665
KRW-USDG,2026-08-28,32,1440,0.022222222222222223
KRW-USDS,2026-08-28,25,1440,0.017361111111111112
KRW-VANA,2026-08-28,451,1440,0.31319444444444444
KRW-VET,2026-08-28,1064,1440,0.7388888888888889
KRW-VIRTUAL,2026-08-28,929,1440,0.6451388888888889
KRW-VTHO,2026-08-28,358,1440,0.24861111111111112
KRW-VVV,2026-08-28,346,1440,0.24027777777777778
KRW-W,2026-08-28,281,1440,0.1951388888888889
KRW-WAL,2026-08-28,204,1440,0.14166666666666666
KRW-WAVES,2026-08-28,327,1440,0.22708333333333333
KRW-WAXP,2026-08-28,491,1440,0.34097222222222223
KRW-WCT,2026-08-28,212,1440,0.14722222222222223
KRW-WET,2026-08-28,323,1440,0.22430555555555556
KRW-WIF,2026-08-28,224,1440,0.15555555555555556
KRW-WLD,2026-08-28,1269,1440,0.88125
KRW-WLFI,2026-08-28,994,1440,0.6902777777777778
KRW-XAUT,2026-08-28,282,1440,0.19583333333333333
KRW-XCN,2026-08-28,95,1440,0.06597222222222222
KRW-XEC,2026-08-28,519,1440,0.36041666666666666
KRW-XLM,2026-08-28,1289,1440,0.8951388888888889
KRW-XPL,2026-08-28,931,1440,0.6465277777777778
KRW-XTZ,2026-08-28,246,1440,0.17083333333333334
KRW-YGG,2026-08-28,184,1440,0.12777777777777777
KRW-ZAMA,2026-08-28,316,1440,0.21944444444444444
KRW-ZBT,2026-08-28,630,1440,0.4375
KRW-ZETA,2026-08-28,165,1440,0.11458333333333333
KRW-ZIL,2026-08-28,663,1440,0.46041666666666664
KRW-ZK,2026-08-28,232,1440,0.16111111111111112
KRW-ZKC,2026-08-28,220,1440,0.1527777777777778
KRW-ZKP,2026-08-28,379,1440,0.26319444444444445
KRW-ZORA,2026-08-28,622,1440,0.43194444444444446
KRW-ZRO,2026-08-28,711,1440,0.49375
KRW-ZRX,2026-08-28,165,1440,0.11458333333333333
KRW-0G,2026-08-29,618,1440,0.42916666666666664
KRW-1INCH,2026-08-29,86,1440,0.059722222222222225
KRW-2Z,2026-08-29,205,1440,0.1423611111111111
KRW-A,2026-08-29,292,1440,0.20277777777777778
KRW-AAVE,2026-08-29,570,1440,0.3958333333333333
KRW-AERO,2026-08-29,164,1440,0.11388888888888889
KRW-AGLD,2026-08-29,160,1440,0.1111111111111111
KRW-AHT,2026-08-29,85,1440,0.059027777777777776
KRW-AI,2026-08-29,235,1440,0.16319444444444445
KRW-AKT,2026-08-29,460,1440,0.3194444444444444
KRW-ALGO,2026-08-29,390,1440,0.2708333333333333
KRW-ALT,2026-08-29,102,1440,0.07083333333333333
KRW-ANIME,2026-08-29,160,1440,0.1111111111111111
KRW-ANKR,2026-08-29,154,1440,0.10694444444444444
KRW-API3,2026-08-29,72,1440,0.05
KRW-APT,2026-08-29,725,1440,0.5034722222222222
KRW-ARB,2026-08-29,360,1440,0.25
KRW-ARDR,2026-08-29,226,1440,0.15694444444444444
KRW-ARK,2026-08-29,154,1440,0.10694444444444444
KRW-ARKM,2026-08-29,143,1440,0.09930555555555555
KRW-ARX,2026-08-29,612,1440,0.425
KRW-ASTR,2026-08-29,169,1440,0.11736111111111111
KRW-ATH,2026-08-29,488,1440,0.3388888888888889
KRW-ATOM,2026-08-29,416,1440,0.28888888888888886
KRW-AUCTION,2026-08-29,150,1440,0.10416666666666667
KRW-AVAX,2026-08-29,674,1440,0.46805555555555556
KRW-AVNT,2026-08-29,362,1440,0.2513888888888889
KRW-AWE,2026-08-29,242,1440,0.16805555555555557
KRW-AXL,2026-08-29,100,1440,0.06944444444444445
KRW-AXS,2026-08-29,525,1440,0.3645833333333333
KRW-AZTEC,2026-08-29,106,1440,0.07361111111111111
KRW-B3,2026-08-29,408,1440,0.2833333333333333
KRW-BABY,2026-08-29,102,1440,0.07083333333333333
KRW-BARD,2026-08-29,245,1440,0.1701388888888889
KRW-BAT,2026-08-29,221,1440,0.15347222222222223
KRW-BCH,2026-08-29,1043,1440,0.7243055555555555
KRW-BEAM,2026-08-29,671,1440,0.46597222222222223
KRW-BERA,2026-08-29,287,1440,0.19930555555555557
KRW-BFC,2026-08-29,0,1440,0.0
KRW-BIGTIME,2026-08-29,326,1440,0.2263888888888889
KRW-BIO,2026-08-29,202,1440,0.14027777777777778
KRW-BIRB,2026-08-29,314,1440,0.21805555555555556
KRW-BLAST,2026-08-29,320,1440,0.2222222222222222
KRW-BLEND,2026-08-29,231,1440,0.16041666666666668
KRW-BLUR,2026-08-29,115,1440,0.0798611111111111
KRW-BORA,2026-08-29,288,1440,0.2
KRW-BOUNTY,2026-08-29,115,1440,0.0798611111111111
KRW-BREV,2026-08-29,143,1440,0.09930555555555555
KRW-BSB,2026-08-29,470,1440,0.3263888888888889
KRW-BSV,2026-08-29,344,1440,0.2388888888888889
KRW-BTT,2026-08-29,513,1440,0.35625
KRW-CAP,2026-08-29,590,1440,0.4097222222222222
KRW-CARV,2026-08-29,233,1440,0.16180555555555556
KRW-CBK,2026-08-29,199,1440,0.13819444444444445
KRW-CC,2026-08-29,259,1440,0.1798611111111111
KRW-CELO,2026-08-29,118,1440,0.08194444444444444
KRW-CFG,2026-08-29,454,1440,0.31527777777777777
KRW-CFX,2026-08-29,87,1440,0.06041666666666667
KRW-CHIP,2026-08-29,1355,1440,0.9409722222222222
KRW-CHZ,2026-08-29,297,1440,0.20625
KRW-CKB,2026-08-29,153,1440,0.10625
KRW-COMP,2026-08-29,249,1440,0.17291666666666666
KRW-COW,2026-08-29,163,1440,0.11319444444444444
KRW-CP,2026-08-29,0,1440,0.0
KRW-CPOOL,2026-08-29,215,1440,0.14930555555555555
KRW-CRO,2026-08-29,400,1440,0.2777777777777778
KRW-CRV,2026-08-29,107,1440,0.07430555555555556
KRW-CTC,2026-08-29,242,1440,0.16805555555555557
KRW-CVC,2026-08-29,210,1440,0.14583333333333334
KRW-CYBER,2026-08-29,111,1440,0.07708333333333334
KRW-DATA,2026-08-29,635,1440,0.4409722222222222
KRW-DEEP,2026-08-29,248,1440,0.17222222222222222
KRW-DKA,2026-08-29,651,1440,0.45208333333333334
KRW-DOOD,2026-08-29,197,1440,0.13680555555555557
KRW-DOS,2026-08-29,1284,1440,0.8916666666666667
KRW-DOT,2026-08-29,369,1440,0.25625
KRW-DRV,2026-08-29,427,1440,0.2965277777777778
KRW-EDGE,2026-08-29,322,1440,0.22361111111111112
KRW-EGLD,2026-08-29,143,1440,0.09930555555555555
KRW-ELF,2026-08-29,406,1440,0.28194444444444444
KRW-ELSA,2026-08-29,329,1440,0.22847222222222222
KRW-ENA,2026-08-29,1331,1440,0.9243055555555556
KRW-ENS,2026-08-29,814,1440,0.5652777777777778
KRW-ENSO,2026-08-29,718,1440,0.4986111111111111
KRW-ERA,2026-08-29,661,1440,0.45902777777777776
KRW-ESP,2026-08-29,216,1440,0.15
KRW-ETC,2026-08-29,728,1440,0.5055555555555555
KRW-ETHFI,2026-08-29,308,1440,0.21388888888888888
KRW-EUL,2026-08-29,868,1440,0.6027777777777777
KRW-EURC,2026-08-29,764,1440,0.5305555555555556
KRW-F,2026-08-29,216,1440,0.15
KRW-FCT2,2026-08-29,137,1440,0.09513888888888888
KRW-FF,2026-08-29,268,1440,0.18611111111111112
KRW-FIL,2026-08-29,512,1440,0.35555555555555557
KRW-FLOCK,2026-08-29,272,1440,0.18888888888888888
KRW-FLUID,2026-08-29,164,1440,0.11388888888888889
KRW-FOLD,2026-08-29,1123,1440,0.7798611111111111
KRW-G,2026-08-29,242,1440,0.16805555555555557
KRW-GAME2,2026-08-29,134,1440,0.09305555555555556
KRW-GAS,2026-08-29,917,1440,0.6368055555555555
KRW-GEOD,2026-08-29,191,1440,0.1326388888888889
KRW-GLM,2026-08-29,208,1440,0.14444444444444443
KRW-GMT,2026-08-29,220,1440,0.1527777777777778
KRW-GRT,2026-08-29,157,1440,0.10902777777777778
KRW-GRVT,2026-08-29,1135,1440,0.7881944444444444
KRW-HBAR,2026-08-29,655,1440,0.4548611111111111
KRW-HIVE,2026-08-29,157,1440,0.10902777777777778
KRW-HOLO,2026-08-29,399,1440,0.27708333333333335
KRW-HOME,2026-08-29,872,1440,0.6055555555555555
KRW-HP,2026-08-29,171,1440,0.11875
KRW-HUNT,2026-08-29,71,1440,0.049305555555555554
KRW-HYPER,2026-08-29,210,1440,0.14583333333333334
KRW-ICP,2026-08-29,310,1440,0.2152777777777778
KRW-ICX,2026-08-29,675,1440,0.46875
KRW-ID,2026-08-29,311,1440,0.21597222222222223
KRW-IMX,2026-08-29,82,1440,0.05694444444444444
KRW-IN,2026-08-29,360,1440,0.25
KRW-INJ,2026-08-29,368,1440,0.25555555555555554
KRW-IO,2026-08-29,90,1440,0.0625
KRW-IOST,2026-08-29,245,1440,0.1701388888888889
KRW-IOTA,2026-08-29,521,1440,0.36180555555555555
KRW-IQ,2026-08-29,173,1440,0.12013888888888889
KRW-IRYS,2026-08-29,358,1440,0.24861111111111112
KRW-JPYC,2026-08-29,0,1440,0.0
KRW-JST,2026-08-29,162,1440,0.1125
KRW-JTO,2026-08-29,626,1440,0.43472222222222223
KRW-JUP,2026-08-29,489,1440,0.33958333333333335
KRW-KAITO,2026-08-29,698,1440,0.4847222222222222
KRW-KAT,2026-08-29,204,1440,0.14166666666666666
KRW-KAVA,2026-08-29,415,1440,0.2881944444444444
KRW-KERNEL,2026-08-29,385,1440,0.2673611111111111
KRW-KITE,2026-08-29,512,1440,0.35555555555555557
KRW-KMNO,2026-08-29,182,1440,0.12638888888888888
KRW-KNC,2026-08-29,488,1440,0.3388888888888889
KRW-LA,2026-08-29,568,1440,0.39444444444444443
KRW-LAYER,2026-08-29,417,1440,0.28958333333333336
KRW-LINEA,2026-08-29,118,1440,0.08194444444444444
KRW-LINK,2026-08-29,1027,1440,0.7131944444444445
KRW-LIT,2026-08-29,527,1440,0.3659722222222222
KRW-LPT,2026-08-29,83,1440,0.05763888888888889
KRW-LSK,2026-08-29,588,1440,0.4083333333333333
KRW-MANA,2026-08-29,167,1440,0.11597222222222223
KRW-MANTRA,2026-08-29,1416,1440,0.9833333333333333
KRW-MASK,2026-08-29,326,1440,0.2263888888888889
KRW-MBL,2026-08-29,175,1440,0.12152777777777778
KRW-ME,2026-08-29,836,1440,0.5805555555555556
KRW-MED,2026-08-29,118,1440,0.08194444444444444
KRW-MEGA,2026-08-29,238,1440,0.16527777777777777
KRW-MET2,2026-08-29,162,1440,0.1125
KRW-META,2026-08-29,147,1440,0.10208333333333333
KRW-META2,2026-08-29,814,1440,0.5652777777777778
KRW-MEW,2026-08-29,276,1440,0.19166666666666668
KRW-MINA,2026-08-29,803,1440,0.5576388888888889
KRW-MIRA,2026-08-29,479,1440,0.3326388888888889
KRW-MLK,2026-08-29,550,1440,0.3819444444444444
KRW-MMT,2026-08-29,565,1440,0.3923611111111111
KRW-MNT,2026-08-29,300,1440,0.20833333333333334
KRW-MOC,2026-08-29,108,1440,0.075
KRW-MOCA,2026-08-29,251,1440,0.17430555555555555
KRW-MON,2026-08-29,428,1440,0.2972222222222222
KRW-MOODENG,2026-08-29,203,1440,0.14097222222222222
KRW-MORPHO,2026-08-29,278,1440,0.19305555555555556
KRW-MOVE,2026-08-29,831,1440,0.5770833333333333
KRW-MTL,2026-08-29,116,1440,0.08055555555555556
KRW-MVL,2026-08-29,66,1440,0.04583333333333333
KRW-NCT,2026-08-29,1065,1440,0.7395833333333334
KRW-NEAR,2026-08-29,985,1440,0.6840277777777778
KRW-NEO,2026-08-29,315,1440,0.21875
KRW-NEWT,2026-08-29,126,1440,0.0875
KRW-NXPC,2026-08-29,163,1440,0.11319444444444444
KRW-O,2026-08-29,1017,1440,0.70625
KRW-ONDO,2026-08-29,1368,1440,0.95
KRW-ONG,2026-08-29,1380,1440,0.9583333333333334
KRW-ONT,2026-08-29,955,1440,0.6631944444444444
KRW-OP,2026-08-29,346,1440,0.24027777777777778
KRW-OPEN,2026-08-29,253,1440,0.17569444444444443
KRW-OPG,2026-08-29,687,1440,0.47708333333333336
KRW-ORBS,2026-08-29,889,1440,0.6173611111111111
KRW-ORCA,2026-08-29,177,1440,0.12291666666666666
KRW-ORDER,2026-08-29,241,1440,0.1673611111111111
KRW-PENDLE,2026-08-29,180,1440,0.125
KRW-PENGU,2026-08-29,634,1440,0.44027777777777777
KRW-PEPE,2026-08-29,596,1440,0.41388888888888886
KRW-PIEVERSE,2026-08-29,564,1440,0.39166666666666666
KRW-PLUME,2026-08-29,387,1440,0.26875
KRW-POKT,2026-08-29,207,1440,0.14375
KRW-POL,2026-08-29,434,1440,0.3013888888888889
KRW-POLYX,2026-08-29,247,1440,0.17152777777777778
KRW-POWR,2026-08-29,315,1440,0.21875
KRW-PRL,2026-08-29,805,1440,0.5590277777777778
KRW-PROM,2026-08-29,1363,1440,0.9465277777777777
KRW-PROS,2026-08-29,186,1440,0.12916666666666668
KRW-PROVE,2026-08-29,91,1440,0.06319444444444444
KRW-PUMP,2026-08-29,623,1440,0.4326388888888889
KRW-PUNDIX,2026-08-29,183,1440,0.12708333333333333
KRW-PYTH,2026-08-29,281,1440,0.1951388888888889
KRW-PYUSD,2026-08-29,0,1440,0.0
KRW-QKC,2026-08-29,139,1440,0.09652777777777778
KRW-QTUM,2026-08-29,367,1440,0.2548611111111111
KRW-QUID,2026-08-29,966,1440,0.6708333333333333
KRW-RAY,2026-08-29,210,1440,0.14583333333333334
KRW-RE,2026-08-29,912,1440,0.6333333333333333
KRW-RED,2026-08-29,311,1440,0.21597222222222223
KRW-RENDER,2026-08-29,389,1440,0.2701388888888889
KRW-RLUSD,2026-08-29,58,1440,0.04027777777777778
KRW-RVN,2026-08-29,793,1440,0.5506944444444445
KRW-SAFE,2026-08-29,121,1440,0.08402777777777778
KRW-SAHARA,2026-08-29,674,1440,0.46805555555555556
KRW-SAND,2026-08-29,850,1440,0.5902777777777778
KRW-SC,2026-08-29,367,1440,0.2548611111111111
KRW-SEI,2026-08-29,536,1440,0.37222222222222223
KRW-SENT,2026-08-29,100,1440,0.06944444444444445
KRW-SHIB,2026-08-29,1291,1440,0.8965277777777778
KRW-SIGN,2026-08-29,223,1440,0.15486111111111112
KRW-SKR,2026-08-29,1020,1440,0.7083333333333334
KRW-SKY,2026-08-29,166,1440,0.11527777777777778
KRW-SLX,2026-08-29,1261,1440,0.8756944444444444
KRW-SNT,2026-08-29,815,1440,0.5659722222222222
KRW-SOMI,2026-08-29,371,1440,0.25763888888888886
KRW-SONIC,2026-08-29,318,1440,0.22083333333333333
KRW-SOON,2026-08-29,327,1440,0.22708333333333333
KRW-SOPH,2026-08-29,630,1440,0.4375
KRW-SPK,2026-08-29,411,1440,0.28541666666666665
KRW-SPX,2026-08-29,317,1440,0.22013888888888888
KRW-STEEM,2026-08-29,235,1440,0.16319444444444445
KRW-STRAX,2026-08-29,216,1440,0.15
KRW-STX,2026-08-29,1122,1440,0.7791666666666667
KRW-SUI,2026-08-29,1250,1440,0.8680555555555556
KRW-SUN,2026-08-29,57,1440,0.03958333333333333
KRW-SUPER,2026-08-29,100,1440,0.06944444444444445
KRW-SYRUP,2026-08-29,166,1440,0.11527777777777778
KRW-T,2026-08-29,203,1440,0.14097222222222222
KRW-TAIKO,2026-08-29,110,1440,0.0763888888888889
KRW-TAO,2026-08-29,611,1440,0.42430555555555555
KRW-TFUEL,2026-08-29,212,1440,0.14722222222222223
KRW-THETA,2026-08-29,113,1440,0.07847222222222222
KRW-TIA,2026-08-29,107,1440,0.07430555555555556
KRW-TOKAMAK,2026-08-29,256,1440,0.17777777777777778
KRW-TOSHI,2026-08-29,152,1440,0.10555555555555556
KRW-TRAC,2026-08-29,456,1440,0.31666666666666665
KRW-TREE,2026-08-29,295,1440,0.2048611111111111
KRW-TRUMP,2026-08-29,1440,1440,1.0
KRW-TRUST,2026-08-29,177,1440,0.12291666666666666
KRW-UNI,2026-08-29,603,1440,0.41875
KRW-UP2,2026-08-29,409,1440,0.28402777777777777
KRW-USD1,2026-08-29,188,1440,0.13055555555555556
KRW-USDE,2026-08-29,20,1440,0.013888888888888888
KRW-USDG,2026-08-29,16,1440,0.011111111111111112
KRW-USDS,2026-08-29,24,1440,0.016666666666666666
KRW-VANA,2026-08-29,277,1440,0.19236111111111112
KRW-VET,2026-08-29,655,1440,0.4548611111111111
KRW-VIRTUAL,2026-08-29,831,1440,0.5770833333333333
KRW-VTHO,2026-08-29,211,1440,0.14652777777777778
KRW-VVV,2026-08-29,345,1440,0.23958333333333334
KRW-W,2026-08-29,206,1440,0.14305555555555555
KRW-WAL,2026-08-29,180,1440,0.125
KRW-WAVES,2026-08-29,250,1440,0.1736111111111111
KRW-WAXP,2026-08-29,279,1440,0.19375
KRW-WCT,2026-08-29,165,1440,0.11458333333333333
KRW-WET,2026-08-29,335,1440,0.2326388888888889
KRW-WIF,2026-08-29,77,1440,0.05347222222222222
KRW-WLD,2026-08-29,1188,1440,0.825
KRW-WLFI,2026-08-29,733,1440,0.5090277777777777
KRW-XAUT,2026-08-29,392,1440,0.2722222222222222
KRW-XCN,2026-08-29,131,1440,0.09097222222222222
KRW-XEC,2026-08-29,441,1440,0.30625
KRW-XLM,2026-08-29,1286,1440,0.8930555555555556
KRW-XPL,2026-08-29,712,1440,0.49444444444444446
KRW-XTZ,2026-08-29,212,1440,0.14722222222222223
KRW-YGG,2026-08-29,90,1440,0.0625
KRW-ZAMA,2026-08-29,304,1440,0.2111111111111111
KRW-ZBT,2026-08-29,583,1440,0.4048611111111111
KRW-ZETA,2026-08-29,288,1440,0.2
KRW-ZIL,2026-08-29,388,1440,0.26944444444444443
KRW-ZK,2026-08-29,246,1440,0.17083333333333334
KRW-ZKC,2026-08-29,153,1440,0.10625
KRW-ZKP,2026-08-29,550,1440,0.3819444444444444
KRW-ZORA,2026-08-29,459,1440,0.31875
KRW-ZRO,2026-08-29,557,1440,0.38680555555555557
KRW-ZRX,2026-08-29,96,1440,0.06666666666666667
KRW-0G,2026-08-30,544,1440,0.37777777777777777
KRW-1INCH,2026-08-30,78,1440,0.05416666666666667
KRW-2Z,2026-08-30,184,1440,0.12777777777777777
KRW-A,2026-08-30,161,1440,0.11180555555555556
KRW-AAVE,2026-08-30,611,1440,0.42430555555555555
KRW-AERO,2026-08-30,108,1440,0.075
KRW-AGLD,2026-08-30,178,1440,0.12361111111111112
KRW-AHT,2026-08-30,108,1440,0.075
KRW-AI,2026-08-30,272,1440,0.18888888888888888
KRW-AKT,2026-08-30,328,1440,0.22777777777777777
KRW-ALGO,2026-08-30,305,1440,0.21180555555555555
KRW-ALT,2026-08-30,103,1440,0.07152777777777777
KRW-ANIME,2026-08-30,216,1440,0.15
KRW-ANKR,2026-08-30,87,1440,0.06041666666666667
KRW-API3,2026-08-30,89,1440,0.06180555555555556
KRW-APT,2026-08-30,599,1440,0.41597222222222224
KRW-ARB,2026-08-30,392,1440,0.2722222222222222
KRW-ARDR,2026-08-30,253,1440,0.17569444444444443
KRW-ARK,2026-08-30,204,1440,0.14166666666666666
KRW-ARKM,2026-08-30,97,1440,0.06736111111111111
KRW-ARX,2026-08-30,461,1440,0.32013888888888886
KRW-ASTR,2026-08-30,160,1440,0.1111111111111111
KRW-ATH,2026-08-30,366,1440,0.25416666666666665
KRW-ATOM,2026-08-30,368,1440,0.25555555555555554
KRW-AUCTION,2026-08-30,655,1440,0.4548611111111111
KRW-AVAX,2026-08-30,519,1440,0.36041666666666666
KRW-AVNT,2026-08-30,293,1440,0.20347222222222222
KRW-AWE,2026-08-30,153,1440,0.10625
KRW-AXL,2026-08-30,184,1440,0.12777777777777777
KRW-AXS,2026-08-30,457,1440,0.3173611111111111
KRW-AZTEC,2026-08-30,129,1440,0.08958333333333333
KRW-B3,2026-08-30,367,1440,0.2548611111111111
KRW-BABY,2026-08-30,76,1440,0.05277777777777778
KRW-BARD,2026-08-30,368,1440,0.25555555555555554
KRW-BAT,2026-08-30,142,1440,0.09861111111111111
KRW-BCH,2026-08-30,754,1440,0.5236111111111111
KRW-BEAM,2026-08-30,719,1440,0.49930555555555556
KRW-BERA,2026-08-30,304,1440,0.2111111111111111
KRW-BFC,2026-08-30,0,1440,0.0
KRW-BIGTIME,2026-08-30,622,1440,0.43194444444444446
KRW-BIO,2026-08-30,161,1440,0.11180555555555556
KRW-BIRB,2026-08-30,441,1440,0.30625
KRW-BLAST,2026-08-30,259,1440,0.1798611111111111
KRW-BLEND,2026-08-30,255,1440,0.17708333333333334
KRW-BLUR,2026-08-30,122,1440,0.08472222222222223
KRW-BORA,2026-08-30,466,1440,0.3236111111111111
KRW-BOUNTY,2026-08-30,210,1440,0.14583333333333334
KRW-BREV,2026-08-30,253,1440,0.17569444444444443
KRW-BSB,2026-08-30,368,1440,0.25555555555555554
KRW-BSV,2026-08-30,277,1440,0.19236111111111112
KRW-BTT,2026-08-30,389,1440,0.2701388888888889
KRW-CAP,2026-08-30,519,1440,0.36041666666666666
KRW-CARV,2026-08-30,317,1440,0.22013888888888888
KRW-CBK,2026-08-30,126,1440,0.0875
KRW-CC,2026-08-30,351,1440,0.24375
KRW-CELO,2026-08-30,132,1440,0.09166666666666666
KRW-CFG,2026-08-30,315,1440,0.21875
KRW-CFX,2026-08-30,96,1440,0.06666666666666667
KRW-CHIP,2026-08-30,1055,1440,0.7326388888888888
KRW-CHZ,2026-08-30,212,1440,0.14722222222222223
KRW-CKB,2026-08-30,187,1440,0.12986111111111112
KRW-COMP,2026-08-30,133,1440,0.09236111111111112
KRW-COW,2026-08-30,164,1440,0.11388888888888889
KRW-CP,2026-08-30,0,1440,0.0
KRW-CPOOL,2026-08-30,797,1440,0.5534722222222223
KRW-CRO,2026-08-30,337,1440,0.23402777777777778
KRW-CRV,2026-08-30,96,1440,0.06666666666666667
KRW-CTC,2026-08-30,244,1440,0.16944444444444445
KRW-CVC,2026-08-30,158,1440,0.10972222222222222
KRW-CYBER,2026-08-30,128,1440,0.08888888888888889
KRW-DATA,2026-08-30,537,1440,0.3729166666666667
KRW-DEEP,2026-08-30,188,1440,0.13055555555555556
KRW-DKA,2026-08-30,856,1440,0.5944444444444444
KRW-DOOD,2026-08-30,193,1440,0.13402777777777777
KRW-DOS,2026-08-30,1429,1440,0.9923611111111111
KRW-DOT,2026-08-30,370,1440,0.2569444444444444
KRW-DRV,2026-08-30,404,1440,0.28055555555555556
KRW-EDGE,2026-08-30,292,1440,0.20277777777777778
KRW-EGLD,2026-08-30,595,1440,0.4131944444444444
KRW-ELF,2026-08-30,215,1440,0.14930555555555555
KRW-ELSA,2026-08-30,287,1440,0.19930555555555557
KRW-ENA,2026-08-30,1180,1440,0.8194444444444444
KRW-ENS,2026-08-30,583,1440,0.4048611111111111
KRW-ENSO,2026-08-30,568,1440,0.39444444444444443
KRW-ERA,2026-08-30,732,1440,0.5083333333333333
KRW-ESP,2026-08-30,195,1440,0.13541666666666666
KRW-ETC,2026-08-30,593,1440,0.41180555555555554
KRW-ETHFI,2026-08-30,235,1440,0.16319444444444445
KRW-EUL,2026-08-30,757,1440,0.5256944444444445
KRW-EURC,2026-08-30,303,1440,0.21041666666666667
KRW-F,2026-08-30,226,1440,0.15694444444444444
KRW-FCT2,2026-08-30,250,1440,0.1736111111111111
KRW-FF,2026-08-30,201,1440,0.13958333333333334
KRW-FIL,2026-08-30,441,1440,0.30625
KRW-FLOCK,2026-08-30,389,1440,0.2701388888888889
KRW-FLUID,2026-08-30,281,1440,0.1951388888888889
KRW-FOLD,2026-08-30,1112,1440,0.7722222222222223
KRW-G,2026-08-30,211,1440,0.14652777777777778
KRW-GAME2,2026-08-30,161,1440,0.11180555555555556
KRW-GAS,2026-08-30,834,1440,0.5791666666666667
KRW-GEOD,2026-08-30,264,1440,0.18333333333333332
KRW-GLM,2026-08-30,94,1440,0.06527777777777778
KRW-GMT,2026-08-30,201,1440,0.13958333333333334
KRW-GRT,2026-08-30,126,1440,0.0875
KRW-GRVT,2026-08-30,1229,1440,0.8534722222222222
KRW-HBAR,2026-08-30,572,1440,0.3972222222222222
KRW-HIVE,2026-08-30,225,1440,0.15625
KRW-HOLO,2026-08-30,422,1440,0.29305555555555557
KRW-HOME,2026-08-30,997,1440,0.6923611111111111
KRW-HP,2026-08-30,191,1440,0.1326388888888889
KRW-HUNT,2026-08-30,62,1440,0.043055555555555555
KRW-HYPER,2026-08-30,244,1440,0.16944444444444445
KRW-ICP,2026-08-30,278,1440,0.19305555555555556
KRW-ICX,2026-08-30,449,1440,0.31180555555555556
KRW-ID,2026-08-30,362,1440,0.2513888888888889
KRW-IMX,2026-08-30,105,1440,0.07291666666666667
KRW-IN,2026-08-30,349,1440,0.2423611111111111
KRW-INJ,2026-08-30,312,1440,0.21666666666666667
KRW-IO,2026-08-30,66,1440,0.04583333333333333
KRW-IOST,2026-08-30,191,1440,0.1326388888888889
KRW-IOTA,2026-08-30,344,1440,0.2388888888888889
KRW-IQ,2026-08-30,113,1440,0.07847222222222222
KRW-IRYS,2026-08-30,328,1440,0.22777777777777777
KRW-JPYC,2026-08-30,0,1440,0.0
KRW-JST,2026-08-30,176,1440,0.12222222222222222
KRW-JTO,2026-08-30,454,1440,0.31527777777777777
KRW-JUP,2026-08-30,400,1440,0.2777777777777778
KRW-KAITO,2026-08-30,517,1440,0.3590277777777778
KRW-KAT,2026-08-30,296,1440,0.20555555555555555
KRW-KAVA,2026-08-30,168,1440,0.11666666666666667
KRW-KERNEL,2026-08-30,319,1440,0.22152777777777777
KRW-KITE,2026-08-30,457,1440,0.3173611111111111
KRW-KMNO,2026-08-30,111,1440,0.07708333333333334
KRW-KNC,2026-08-30,282,1440,0.19583333333333333
KRW-LA,2026-08-30,760,1440,0.5277777777777778
KRW-LAYER,2026-08-30,431,1440,0.29930555555555555
KRW-LINEA,2026-08-30,146,1440,0.10138888888888889
KRW-LINK,2026-08-30,842,1440,0.5847222222222223
KRW-LIT,2026-08-30,384,1440,0.26666666666666666
KRW-LPT,2026-08-30,106,1440,0.07361111111111111
KRW-LSK,2026-08-30,330,1440,0.22916666666666666
KRW-MANA,2026-08-30,262,1440,0.18194444444444444
KRW-MANTRA,2026-08-30,1246,1440,0.8652777777777778
KRW-MASK,2026-08-30,153,1440,0.10625
KRW-MBL,2026-08-30,173,1440,0.12013888888888889
KRW-ME,2026-08-30,618,1440,0.42916666666666664
KRW-MED,2026-08-30,125,1440,0.08680555555555555
KRW-MEGA,2026-08-30,227,1440,0.15763888888888888
KRW-MET2,2026-08-30,155,1440,0.1076388888888889
KRW-META,2026-08-30,204,1440,0.14166666666666666
KRW-META2,2026-08-30,789,1440,0.5479166666666667
KRW-MEW,2026-08-30,303,1440,0.21041666666666667
KRW-MINA,2026-08-30,540,1440,0.375
KRW-MIRA,2026-08-30,757,1440,0.5256944444444445
KRW-MLK,2026-08-30,521,1440,0.36180555555555555
KRW-MMT,2026-08-30,436,1440,0.30277777777777776
KRW-MNT,2026-08-30,307,1440,0.21319444444444444
KRW-MOC,2026-08-30,148,1440,0.10277777777777777
KRW-MOCA,2026-08-30,384,1440,0.26666666666666666
KRW-MON,2026-08-30,340,1440,0.2361111111111111
KRW-MOODENG,2026-08-30,190,1440,0.13194444444444445
KRW-MORPHO,2026-08-30,171,1440,0.11875
KRW-MOVE,2026-08-30,878,1440,0.6097222222222223
KRW-MTL,2026-08-30,168,1440,0.11666666666666667
KRW-MVL,2026-08-30,86,1440,0.059722222222222225
KRW-NCT,2026-08-30,1183,1440,0.8215277777777777
KRW-NEAR,2026-08-30,1037,1440,0.7201388888888889
KRW-NEO,2026-08-30,285,1440,0.19791666666666666
KRW-NEWT,2026-08-30,246,1440,0.17083333333333334
KRW-NXPC,2026-08-30,161,1440,0.11180555555555556
KRW-O,2026-08-30,1336,1440,0.9277777777777778
KRW-ONDO,2026-08-30,1218,1440,0.8458333333333333
KRW-ONG,2026-08-30,1415,1440,0.9826388888888888
KRW-ONT,2026-08-30,773,1440,0.5368055555555555
KRW-OP,2026-08-30,208,1440,0.14444444444444443
KRW-OPEN,2026-08-30,281,1440,0.1951388888888889
KRW-OPG,2026-08-30,670,1440,0.4652777777777778
KRW-ORBS,2026-08-30,508,1440,0.3527777777777778
KRW-ORCA,2026-08-30,300,1440,0.20833333333333334
KRW-ORDER,2026-08-30,222,1440,0.15416666666666667
KRW-PENDLE,2026-08-30,201,1440,0.13958333333333334
KRW-PENGU,2026-08-30,413,1440,0.28680555555555554
KRW-PEPE,2026-08-30,359,1440,0.24930555555555556
KRW-PIEVERSE,2026-08-30,868,1440,0.6027777777777777
KRW-PLUME,2026-08-30,344,1440,0.2388888888888889
KRW-POKT,2026-08-30,149,1440,0.10347222222222222
KRW-POL,2026-08-30,619,1440,0.42986111111111114
KRW-POLYX,2026-08-30,149,1440,0.10347222222222222
KRW-POWR,2026-08-30,207,1440,0.14375
KRW-PRL,2026-08-30,836,1440,0.5805555555555556
KRW-PROM,2026-08-30,1440,1440,1.0
KRW-PROS,2026-08-30,235,1440,0.16319444444444445
KRW-PROVE,2026-08-30,209,1440,0.1451388888888889
KRW-PUMP,2026-08-30,768,1440,0.5333333333333333
KRW-PUNDIX,2026-08-30,198,1440,0.1375
KRW-PYTH,2026-08-30,310,1440,0.2152777777777778
KRW-PYUSD,2026-08-30,0,1440,0.0
KRW-QKC,2026-08-30,102,1440,0.07083333333333333
KRW-QTUM,2026-08-30,246,1440,0.17083333333333334
KRW-QUID,2026-08-30,922,1440,0.6402777777777777
KRW-RAY,2026-08-30,174,1440,0.12083333333333333
KRW-RE,2026-08-30,947,1440,0.6576388888888889
KRW-RED,2026-08-30,235,1440,0.16319444444444445
KRW-RENDER,2026-08-30,292,1440,0.20277777777777778
KRW-RLUSD,2026-08-30,35,1440,0.024305555555555556
KRW-RVN,2026-08-30,524,1440,0.3638888888888889
KRW-SAFE,2026-08-30,135,1440,0.09375
KRW-SAHARA,2026-08-30,579,1440,0.40208333333333335
KRW-SAND,2026-08-30,707,1440,0.4909722222222222
KRW-SC,2026-08-30,372,1440,0.25833333333333336
KRW-SEI,2026-08-30,446,1440,0.30972222222222223
KRW-SENT,2026-08-30,85,1440,0.059027777777777776
KRW-SHIB,2026-08-30,1144,1440,0.7944444444444444
KRW-SIGN,2026-08-30,325,1440,0.22569444444444445
KRW-SKR,2026-08-30,1334,1440,0.9263888888888889
KRW-SKY,2026-08-30,151,1440,0.10486111111111111
KRW-SLX,2026-08-30,1075,1440,0.7465277777777778
KRW-SNT,2026-08-30,606,1440,0.42083333333333334
KRW-SOMI,2026-08-30,160,1440,0.1111111111111111
KRW-SONIC,2026-08-30,431,1440,0.29930555555555555
KRW-SOON,2026-08-30,288,1440,0.2
KRW-SOPH,2026-08-30,640,1440,0.4444444444444444
KRW-SPK,2026-08-30,230,1440,0.1597222222222222
KRW-SPX,2026-08-30,271,1440,0.18819444444444444
KRW-STEEM,2026-08-30,170,1440,0.11805555555555555
KRW-STRAX,2026-08-30,196,1440,0.1361111111111111
KRW-STX,2026-08-30,923,1440,0.6409722222222223
KRW-SUI,2026-08-30,1032,1440,0.7166666666666667
KRW-SUN,2026-08-30,69,1440,0.04791666666666667
KRW-SUPER,2026-08-30,82,1440,0.05694444444444444
KRW-SYRUP,2026-08-30,118,1440,0.08194444444444444
KRW-T,2026-08-30,184,1440,0.12777777777777777
KRW-TAIKO,2026-08-30,126,1440,0.0875
KRW-TAO,2026-08-30,431,1440,0.29930555555555555
KRW-TFUEL,2026-08-30,129,1440,0.08958333333333333
KRW-THETA,2026-08-30,145,1440,0.10069444444444445
KRW-TIA,2026-08-30,117,1440,0.08125
KRW-TOKAMAK,2026-08-30,180,1440,0.125
KRW-TOSHI,2026-08-30,114,1440,0.07916666666666666
KRW-TRAC,2026-08-30,508,1440,0.3527777777777778
KRW-TREE,2026-08-30,569,1440,0.3951388888888889
KRW-TRUMP,2026-08-30,1439,1440,0.9993055555555556
KRW-TRUST,2026-08-30,508,1440,0.3527777777777778
KRW-UNI,2026-08-30,1087,1440,0.7548611111111111
KRW-UP2,2026-08-30,356,1440,0.24722222222222223
KRW-USD1,2026-08-30,159,1440,0.11041666666666666
KRW-USDE,2026-08-30,21,1440,0.014583333333333334
KRW-USDG,2026-08-30,14,1440,0.009722222222222222
KRW-USDS,2026-08-30,10,1440,0.006944444444444444
KRW-VANA,2026-08-30,328,1440,0.22777777777777777
KRW-VET,2026-08-30,572,1440,0.3972222222222222
KRW-VIRTUAL,2026-08-30,671,1440,0.46597222222222223
KRW-VTHO,2026-08-30,142,1440,0.09861111111111111
KRW-VVV,2026-08-30,253,1440,0.17569444444444443
KRW-W,2026-08-30,186,1440,0.12916666666666668
KRW-WAL,2026-08-30,175,1440,0.12152777777777778
KRW-WAVES,2026-08-30,746,1440,0.5180555555555556
KRW-WAXP,2026-08-30,232,1440,0.16111111111111112
KRW-WCT,2026-08-30,361,1440,0.25069444444444444
KRW-WET,2026-08-30,304,1440,0.2111111111111111
KRW-WIF,2026-08-30,78,1440,0.05416666666666667
KRW-WLD,2026-08-30,1113,1440,0.7729166666666667
KRW-WLFI,2026-08-30,502,1440,0.3486111111111111
KRW-XAUT,2026-08-30,240,1440,0.16666666666666666
KRW-XCN,2026-08-30,112,1440,0.07777777777777778
KRW-XEC,2026-08-30,311,1440,0.21597222222222223
KRW-XLM,2026-08-30,1026,1440,0.7125
KRW-XPL,2026-08-30,634,1440,0.44027777777777777
KRW-XTZ,2026-08-30,102,1440,0.07083333333333333
KRW-YGG,2026-08-30,114,1440,0.07916666666666666
KRW-ZAMA,2026-08-30,185,1440,0.1284722222222222
KRW-ZBT,2026-08-30,717,1440,0.4979166666666667
KRW-ZETA,2026-08-30,153,1440,0.10625
KRW-ZIL,2026-08-30,322,1440,0.22361111111111112
KRW-ZK,2026-08-30,942,1440,0.6541666666666667
KRW-ZKC,2026-08-30,1068,1440,0.7416666666666667
KRW-ZKP,2026-08-30,1417,1440,0.9840277777777777
KRW-ZORA,2026-08-30,703,1440,0.48819444444444443
KRW-ZRO,2026-08-30,386,1440,0.26805555555555555
KRW-ZRX,2026-08-30,102,1440,0.07083333333333333
KRW-0G,2026-08-31,1143,1440,0.79375
KRW-1INCH,2026-08-31,140,1440,0.09722222222222222
KRW-2Z,2026-08-31,414,1440,0.2875
KRW-A,2026-08-31,263,1440,0.18263888888888888
KRW-AAVE,2026-08-31,689,1440,0.47847222222222224
KRW-AERO,2026-08-31,266,1440,0.18472222222222223
KRW-AGLD,2026-08-31,282,1440,0.19583333333333333
KRW-AHT,2026-08-31,278,1440,0.19305555555555556
KRW-AI,2026-08-31,357,1440,0.24791666666666667
KRW-AKT,2026-08-31,419,1440,0.29097222222222224
KRW-ALGO,2026-08-31,520,1440,0.3611111111111111
KRW-ALT,2026-08-31,230,1440,0.1597222222222222
KRW-ANIME,2026-08-31,1120,1440,0.7777777777777778
KRW-ANKR,2026-08-31,158,1440,0.10972222222222222
KRW-API3,2026-08-31,294,1440,0.20416666666666666
KRW-APT,2026-08-31,832,1440,0.5777777777777777
KRW-ARB,2026-08-31,513,1440,0.35625
KRW-ARDR,2026-08-31,347,1440,0.24097222222222223
KRW-ARK,2026-08-31,265,1440,0.1840277777777778
KRW-ARKM,2026-08-31,247,1440,0.17152777777777778
KRW-ARX,2026-08-31,463,1440,0.3215277777777778
KRW-ASTR,2026-08-31,193,1440,0.13402777777777777
KRW-ATH,2026-08-31,551,1440,0.38263888888888886
KRW-ATOM,2026-08-31,476,1440,0.33055555555555555
KRW-AUCTION,2026-08-31,1361,1440,0.9451388888888889
KRW-AVAX,2026-08-31,836,1440,0.5805555555555556
KRW-AVNT,2026-08-31,527,1440,0.3659722222222222
KRW-AWE,2026-08-31,366,1440,0.25416666666666665
KRW-AXL,2026-08-31,1043,1440,0.7243055555555555
KRW-AXS,2026-08-31,678,1440,0.4708333333333333
KRW-AZTEC,2026-08-31,260,1440,0.18055555555555555
KRW-B3,2026-08-31,599,1440,0.41597222222222224
KRW-BABY,2026-08-31,119,1440,0.08263888888888889
KRW-BARD,2026-08-31,788,1440,0.5472222222222223
KRW-BAT,2026-08-31,241,1440,0.1673611111111111
KRW-BCH,2026-08-31,926,1440,0.6430555555555556
KRW-BEAM,2026-08-31,528,1440,0.36666666666666664
KRW-BERA,2026-08-31,661,1440,0.45902777777777776
KRW-BFC,2026-08-31,0,1440,0.0
KRW-BIGTIME,2026-08-31,806,1440,0.5597222222222222
KRW-BIO,2026-08-31,268,1440,0.18611111111111112
KRW-BIRB,2026-08-31,797,1440,0.5534722222222223
KRW-BLAST,2026-08-31,357,1440,0.24791666666666667
KRW-BLEND,2026-08-31,683,1440,0.47430555555555554
KRW-BLUR,2026-08-31,352,1440,0.24444444444444444
KRW-BORA,2026-08-31,440,1440,0.3055555555555556
KRW-BOUNTY,2026-08-31,203,1440,0.14097222222222222
KRW-BREV,2026-08-31,430,1440,0.2986111111111111
KRW-BSB,2026-08-31,363,1440,0.2520833333333333
KRW-BSV,2026-08-31,514,1440,0.35694444444444445
KRW-BTT,2026-08-31,524,1440,0.3638888888888889
KRW-CAP,2026-08-31,632,1440,0.4388888888888889
KRW-CARV,2026-08-31,577,1440,0.40069444444444446
KRW-CBK,2026-08-31,258,1440,0.17916666666666667
KRW-CC,2026-08-31,323,1440,0.22430555555555556
KRW-CELO,2026-08-31,183,1440,0.12708333333333333
KRW-CFG,2026-08-31,634,1440,0.44027777777777777
KRW-CFX,2026-08-31,119,1440,0.08263888888888889
KRW-CHIP,2026-08-31,887,1440,0.6159722222222223
KRW-CHZ,2026-08-31,418,1440,0.2902777777777778
KRW-CKB,2026-08-31,244,1440,0.16944444444444445
KRW-COMP,2026-08-31,259,1440,0.1798611111111111
KRW-COW,2026-08-31,341,1440,0.23680555555555555
KRW-CP,2026-08-31,0,1440,0.0
KRW-CPOOL,2026-08-31,1083,1440,0.7520833333333333
KRW-CRO,2026-08-31,617,1440,0.4284722222222222
KRW-CRV,2026-08-31,221,1440,0.15347222222222223
KRW-CTC,2026-08-31,379,1440,0.26319444444444445
KRW-CVC,2026-08-31,290,1440,0.2013888888888889
KRW-CYBER,2026-08-31,189,1440,0.13125
KRW-DATA,2026-08-31,878,1440,0.6097222222222223
KRW-DEEP,2026-08-31,500,1440,0.3472222222222222
KRW-DKA,2026-08-31,621,1440,0.43125
KRW-DOOD,2026-08-31,375,1440,0.2604166666666667
KRW-DOS,2026-08-31,1401,1440,0.9729166666666667
KRW-DOT,2026-08-31,472,1440,0.3277777777777778
KRW-DRV,2026-08-31,411,1440,0.28541666666666665
KRW-EDGE,2026-08-31,409,1440,0.28402777777777777
KRW-EGLD,2026-08-31,600,1440,0.4166666666666667
KRW-ELF,2026-08-31,277,1440,0.19236111111111112
KRW-ELSA,2026-08-31,433,1440,0.30069444444444443
KRW-ENA,2026-08-31,1229,1440,0.8534722222222222
KRW-ENS,2026-08-31,997,1440,0.6923611111111111
KRW-ENSO,2026-08-31,813,1440,0.5645833333333333
KRW-ERA,2026-08-31,1338,1440,0.9291666666666667
KRW-ESP,2026-08-31,282,1440,0.19583333333333333
KRW-ETC,2026-08-31,901,1440,0.6256944444444444
KRW-ETHFI,2026-08-31,437,1440,0.3034722222222222
KRW-EUL,2026-08-31,860,1440,0.5972222222222222
KRW-EURC,2026-08-31,214,1440,0.1486111111111111
KRW-F,2026-08-31,565,1440,0.3923611111111111
KRW-FCT2,2026-08-31,195,1440,0.13541666666666666
KRW-FF,2026-08-31,320,1440,0.2222222222222222
KRW-FIL,2026-08-31,588,1440,0.4083333333333333
KRW-FLOCK,2026-08-31,1335,1440,0.9270833333333334
KRW-FLUID,2026-08-31,351,1440,0.24375
KRW-FOLD,2026-08-31,1109,1440,0.7701388888888889
KRW-G,2026-08-31,378,1440,0.2625
KRW-GAME2,2026-08-31,249,1440,0.17291666666666666
KRW-GAS,2026-08-31,853,1440,0.5923611111111111
KRW-GEOD,2026-08-31,532,1440,0.36944444444444446
KRW-GLM,2026-08-31,191,1440,0.1326388888888889
KRW-GMT,2026-08-31,475,1440,0.3298611111111111
KRW-GRT,2026-08-31,248,1440,0.17222222222222222
KRW-GRVT,2026-08-31,1068,1440,0.7416666666666667
KRW-HBAR,2026-08-31,727,1440,0.5048611111111111
KRW-HIVE,2026-08-31,371,1440,0.25763888888888886
KRW-HOLO,2026-08-31,522,1440,0.3625
KRW-HOME,2026-08-31,980,1440,0.6805555555555556
KRW-HP,2026-08-31,187,1440,0.12986111111111112
KRW-HUNT,2026-08-31,123,1440,0.08541666666666667
KRW-HYPER,2026-08-31,550,1440,0.3819444444444444
KRW-ICP,2026-08-31,289,1440,0.20069444444444445
KRW-ICX,2026-08-31,940,1440,0.6527777777777778
KRW-ID,2026-08-31,566,1440,0.39305555555555555
KRW-IMX,2026-08-31,171,1440,0.11875
KRW-IN,2026-08-31,744,1440,0.5166666666666667
KRW-INJ,2026-08-31,447,1440,0.3104166666666667
KRW-IO,2026-08-31,155,1440,0.1076388888888889
KRW-IOST,2026-08-31,327,1440,0.22708333333333333
KRW-IOTA,2026-08-31,450,1440,0.3125
KRW-IQ,2026-08-31,227,1440,0.15763888888888888
KRW-IRYS,2026-08-31,635,1440,0.4409722222222222
KRW-JPYC,2026-08-31,0,1440,0.0
KRW-JST,2026-08-31,220,1440,0.1527777777777778
KRW-JTO,2026-08-31,771,1440,0.5354166666666667
KRW-JUP,2026-08-31,550,1440,0.3819444444444444
KRW-KAITO,2026-08-31,931,1440,0.6465277777777778
KRW-KAT,2026-08-31,739,1440,0.5131944444444444
KRW-KAVA,2026-08-31,258,1440,0.17916666666666667
KRW-KERNEL,2026-08-31,702,1440,0.4875
KRW-KITE,2026-08-31,602,1440,0.41805555555555557
KRW-KMNO,2026-08-31,135,1440,0.09375
KRW-KNC,2026-08-31,218,1440,0.15138888888888888
KRW-LA,2026-08-31,1292,1440,0.8972222222222223
KRW-LAYER,2026-08-31,483,1440,0.33541666666666664
KRW-LINEA,2026-08-31,283,1440,0.19652777777777777
KRW-LINK,2026-08-31,1117,1440,0.7756944444444445
KRW-LIT,2026-08-31,678,1440,0.4708333333333333
KRW-LPT,2026-08-31,251,1440,0.17430555555555555
KRW-LSK,2026-08-31,399,1440,0.27708333333333335
KRW-MANA,2026-08-31,408,1440,0.2833333333333333
KRW-MANTRA,2026-08-31,1042,1440,0.7236111111111111
KRW-MASK,2026-08-31,199,1440,0.13819444444444445
KRW-MBL,2026-08-31,513,1440,0.35625
KRW-ME,2026-08-31,917,1440,0.6368055555555555
KRW-MED,2026-08-31,258,1440,0.17916666666666667
KRW-MEGA,2026-08-31,394,1440,0.27361111111111114
KRW-MET2,2026-08-31,276,1440,0.19166666666666668
KRW-META,2026-08-31,165,1440,0.11458333333333333
KRW-META2,2026-08-31,737,1440,0.5118055555555555
KRW-MEW,2026-08-31,373,1440,0.2590277777777778
KRW-MINA,2026-08-31,443,1440,0.3076388888888889
KRW-MIRA,2026-08-31,1275,1440,0.8854166666666666
KRW-MLK,2026-08-31,533,1440,0.3701388888888889
KRW-MMT,2026-08-31,590,1440,0.4097222222222222
KRW-MNT,2026-08-31,531,1440,0.36875
KRW-MOC,2026-08-31,225,1440,0.15625
KRW-MOCA,2026-08-31,406,1440,0.28194444444444444
KRW-MON,2026-08-31,402,1440,0.2791666666666667
KRW-MOODENG,2026-08-31,306,1440,0.2125
KRW-MORPHO,2026-08-31,384,1440,0.26666666666666666
KRW-MOVE,2026-08-31,761,1440,0.5284722222222222
KRW-MTL,2026-08-31,205,1440,0.1423611111111111
KRW-MVL,2026-08-31,168,1440,0.11666666666666667
KRW-NCT,2026-08-31,1294,1440,0.8986111111111111
KRW-NEAR,2026-08-31,1120,1440,0.7777777777777778
KRW-NEO,2026-08-31,390,1440,0.2708333333333333
KRW-NEWT,2026-08-31,511,1440,0.3548611111111111
KRW-NXPC,2026-08-31,233,1440,0.16180555555555556
KRW-O,2026-08-31,913,1440,0.6340277777777777
KRW-ONDO,2026-08-31,1307,1440,0.9076388888888889
KRW-ONG,2026-08-31,1364,1440,0.9472222222222222
KRW-ONT,2026-08-31,856,1440,0.5944444444444444
KRW-OP,2026-08-31,377,1440,0.26180555555555557
KRW-OPEN,2026-08-31,809,1440,0.5618055555555556
KRW-OPG,2026-08-31,334,1440,0.23194444444444445
KRW-ORBS,2026-08-31,424,1440,0.29444444444444445
KRW-ORCA,2026-08-31,768,1440,0.5333333333333333
KRW-ORDER,2026-08-31,550,1440,0.3819444444444444
KRW-PENDLE,2026-08-31,457,1440,0.3173611111111111
KRW-PENGU,2026-08-31,681,1440,0.47291666666666665
KRW-PEPE,2026-08-31,874,1440,0.6069444444444444
KRW-PIEVERSE,2026-08-31,633,1440,0.4395833333333333
KRW-PLUME,2026-08-31,559,1440,0.38819444444444445
KRW-POKT,2026-08-31,393,1440,0.27291666666666664
KRW-POL,2026-08-31,890,1440,0.6180555555555556
KRW-POLYX,2026-08-31,317,1440,0.22013888888888888
KRW-POWR,2026-08-31,209,1440,0.1451388888888889
KRW-PRL,2026-08-31,1147,1440,0.7965277777777777
KRW-PROM,2026-08-31,1436,1440,0.9972222222222222
KRW-PROS,2026-08-31,251,1440,0.17430555555555555
KRW-PROVE,2026-08-31,399,1440,0.27708333333333335
KRW-PUMP,2026-08-31,891,1440,0.61875
KRW-PUNDIX,2026-08-31,204,1440,0.14166666666666666
KRW-PYTH,2026-08-31,483,1440,0.33541666666666664
KRW-PYUSD,2026-08-31,0,1440,0.0
KRW-QKC,2026-08-31,139,1440,0.09652777777777778
KRW-QTUM,2026-08-31,368,1440,0.25555555555555554
KRW-QUID,2026-08-31,796,1440,0.5527777777777778
KRW-RAY,2026-08-31,294,1440,0.20416666666666666
KRW-RE,2026-08-31,1012,1440,0.7027777777777777
KRW-RED,2026-08-31,249,1440,0.17291666666666666
KRW-RENDER,2026-08-31,431,1440,0.29930555555555555
KRW-RLUSD,2026-08-31,58,1440,0.04027777777777778
KRW-RVN,2026-08-31,871,1440,0.6048611111111111
KRW-SAFE,2026-08-31,248,1440,0.17222222222222222
KRW-SAHARA,2026-08-31,828,1440,0.575
KRW-SAND,2026-08-31,987,1440,0.6854166666666667
KRW-SC,2026-08-31,424,1440,0.29444444444444445
KRW-SEI,2026-08-31,685,1440,0.4756944444444444
KRW-SENT,2026-08-31,159,1440,0.11041666666666666
KRW-SHIB,2026-08-31,1293,1440,0.8979166666666667
KRW-SIGN,2026-08-31,433,1440,0.30069444444444443
KRW-SKR,2026-08-31,1440,1440,1.0
KRW-SKY,2026-08-31,256,1440,0.17777777777777778
KRW-SLX,2026-08-31,1219,1440,0.8465277777777778
KRW-SNT,2026-08-31,428,1440,0.2972222222222222
KRW-SOMI,2026-08-31,752,1440,0.5222222222222223
KRW-SONIC,2026-08-31,817,1440,0.5673611111111111
KRW-SOON,2026-08-31,252,1440,0.175
KRW-SOPH,2026-08-31,724,1440,0.5027777777777778
KRW-SPK,2026-08-31,418,1440,0.2902777777777778
KRW-SPX,2026-08-31,298,1440,0.20694444444444443
KRW-STEEM,2026-08-31,275,1440,0.1909722222222222
KRW-STRAX,2026-08-31,360,1440,0.25
KRW-STX,2026-08-31,1064,1440,0.7388888888888889
KRW-SUI,2026-08-31,1286,1440,0.8930555555555556
KRW-SUN,2026-08-31,168,1440,0.11666666666666667
KRW-SUPER,2026-08-31,122,1440,0.08472222222222223
KRW-SYRUP,2026-08-31,196,1440,0.1361111111111111
KRW-T,2026-08-31,323,1440,0.22430555555555556
KRW-TAIKO,2026-08-31,242,1440,0.16805555555555557
KRW-TAO,2026-08-31,549,1440,0.38125
KRW-TFUEL,2026-08-31,278,1440,0.19305555555555556
KRW-THETA,2026-08-31,181,1440,0.12569444444444444
KRW-TIA,2026-08-31,223,1440,0.15486111111111112
KRW-TOKAMAK,2026-08-31,342,1440,0.2375
KRW-TOSHI,2026-08-31,273,1440,0.18958333333333333
KRW-TRAC,2026-08-31,454,1440,0.31527777777777777
KRW-TREE,2026-08-31,1049,1440,0.7284722222222222
KRW-TRUMP,2026-08-31,1428,1440,0.9916666666666667
KRW-TRUST,2026-08-31,553,1440,0.3840277777777778
KRW-UNI,2026-08-31,1239,1440,0.8604166666666667
KRW-UP2,2026-08-31,463,1440,0.3215277777777778
KRW-USD1,2026-08-31,187,1440,0.12986111111111112
KRW-USDE,2026-08-31,40,1440,0.027777777777777776
KRW-USDG,2026-08-31,17,1440,0.011805555555555555
KRW-USDS,2026-08-31,13,1440,0.009027777777777777
KRW-VANA,2026-08-31,429,1440,0.29791666666666666
KRW-VET,2026-08-31,592,1440,0.4111111111111111
KRW-VIRTUAL,2026-08-31,785,1440,0.5451388888888888
KRW-VTHO,2026-08-31,220,1440,0.1527777777777778
KRW-VVV,2026-08-31,345,1440,0.23958333333333334
KRW-W,2026-08-31,355,1440,0.2465277777777778
KRW-WAL,2026-08-31,403,1440,0.2798611111111111
KRW-WAVES,2026-08-31,714,1440,0.49583333333333335
KRW-WAXP,2026-08-31,325,1440,0.22569444444444445
KRW-WCT,2026-08-31,585,1440,0.40625
KRW-WET,2026-08-31,402,1440,0.2791666666666667
KRW-WIF,2026-08-31,106,1440,0.07361111111111111
KRW-WLD,2026-08-31,1184,1440,0.8222222222222222
KRW-WLFI,2026-08-31,708,1440,0.49166666666666664
KRW-XAUT,2026-08-31,355,1440,0.2465277777777778
KRW-XCN,2026-08-31,149,1440,0.10347222222222222
KRW-XEC,2026-08-31,478,1440,0.33194444444444443
KRW-XLM,2026-08-31,1218,1440,0.8458333333333333
KRW-XPL,2026-08-31,772,1440,0.5361111111111111
KRW-XTZ,2026-08-31,235,1440,0.16319444444444445
KRW-YGG,2026-08-31,208,1440,0.14444444444444443
KRW-ZAMA,2026-08-31,300,1440,0.20833333333333334
KRW-ZBT,2026-08-31,943,1440,0.6548611111111111
KRW-ZETA,2026-08-31,276,1440,0.19166666666666668
KRW-ZIL,2026-08-31,839,1440,0.5826388888888889
KRW-ZK,2026-08-31,1203,1440,0.8354166666666667
KRW-ZKC,2026-08-31,1440,1440,1.0
KRW-ZKP,2026-08-31,1422,1440,0.9875
KRW-ZORA,2026-08-31,1367,1440,0.9493055555555555
KRW-ZRO,2026-08-31,621,1440,0.43125
KRW-ZRX,2026-08-31,162,1440,0.1125
KRW-0G,2026-09-01,1435,1440,0.9965277777777778
KRW-1INCH,2026-09-01,119,1440,0.08263888888888889
KRW-2Z,2026-09-01,293,1440,0.20347222222222222
KRW-A,2026-09-01,268,1440,0.18611111111111112
KRW-AAVE,2026-09-01,655,1440,0.4548611111111111
KRW-AERO,2026-09-01,242,1440,0.16805555555555557
KRW-AGLD,2026-09-01,211,1440,0.14652777777777778
KRW-AHT,2026-09-01,528,1440,0.36666666666666664
KRW-AI,2026-09-01,237,1440,0.16458333333333333
KRW-AKT,2026-09-01,324,1440,0.225
KRW-ALGO,2026-09-01,643,1440,0.4465277777777778
KRW-ALT,2026-09-01,139,1440,0.09652777777777778
KRW-ANIME,2026-09-01,1014,1440,0.7041666666666667
KRW-ANKR,2026-09-01,221,1440,0.15347222222222223
KRW-API3,2026-09-01,215,1440,0.14930555555555555
KRW-APT,2026-09-01,843,1440,0.5854166666666667
KRW-ARB,2026-09-01,1168,1440,0.8111111111111111
KRW-ARDR,2026-09-01,493,1440,0.3423611111111111
KRW-ARK,2026-09-01,178,1440,0.12361111111111112
KRW-ARKM,2026-09-01,174,1440,0.12083333333333333
KRW-ARX,2026-09-01,516,1440,0.35833333333333334
KRW-ASTR,2026-09-01,120,1440,0.08333333333333333
KRW-ATH,2026-09-01,442,1440,0.30694444444444446
KRW-ATOM,2026-09-01,425,1440,0.2951388888888889
KRW-AUCTION,2026-09-01,789,1440,0.5479166666666667
KRW-AVAX,2026-09-01,771,1440,0.5354166666666667
KRW-AVNT,2026-09-01,398,1440,0.2763888888888889
KRW-AWE,2026-09-01,225,1440,0.15625
KRW-AXL,2026-09-01,1083,1440,0.7520833333333333
KRW-AXS,2026-09-01,675,1440,0.46875
KRW-AZTEC,2026-09-01,154,1440,0.10694444444444444
KRW-B3,2026-09-01,531,1440,0.36875
KRW-BABY,2026-09-01,132,1440,0.09166666666666666
KRW-BARD,2026-09-01,602,1440,0.41805555555555557
KRW-BAT,2026-09-01,178,1440,0.12361111111111112
KRW-BCH,2026-09-01,748,1440,0.5194444444444445
KRW-BEAM,2026-09-01,458,1440,0.31805555555555554
KRW-BERA,2026-09-01,807,1440,0.5604166666666667
KRW-BFC,2026-09-01,0,1440,0.0
KRW-BIGTIME,2026-09-01,518,1440,0.3597222222222222
KRW-BIO,2026-09-01,163,1440,0.11319444444444444
KRW-BIRB,2026-09-01,451,1440,0.31319444444444444
KRW-BLAST,2026-09-01,786,1440,0.5458333333333333
KRW-BLEND,2026-09-01,365,1440,0.2534722222222222
KRW-BLUR,2026-09-01,209,1440,0.1451388888888889
KRW-BORA,2026-09-01,431,1440,0.29930555555555555
KRW-BOUNTY,2026-09-01,201,1440,0.13958333333333334
KRW-BREV,2026-09-01,216,1440,0.15
KRW-BSB,2026-09-01,277,1440,0.19236111111111112
KRW-BSV,2026-09-01,386,1440,0.26805555555555555
KRW-BTT,2026-09-01,395,1440,0.2743055555555556
KRW-CAP,2026-09-01,376,1440,0.2611111111111111
KRW-CARV,2026-09-01,381,1440,0.26458333333333334
KRW-CBK,2026-09-01,419,1440,0.29097222222222224
KRW-CC,2026-09-01,367,1440,0.2548611111111111
KRW-CELO,2026-09-01,106,1440,0.07361111111111111
KRW-CFG,2026-09-01,618,1440,0.42916666666666664
KRW-CFX,2026-09-01,118,1440,0.08194444444444444
KRW-CHIP,2026-09-01,711,1440,0.49375
KRW-CHZ,2026-09-01,325,1440,0.22569444444444445
KRW-CKB,2026-09-01,252,1440,0.175
KRW-COMP,2026-09-01,189,1440,0.13125
KRW-COW,2026-09-01,199,1440,0.13819444444444445
KRW-CP,2026-09-01,0,1440,0.0
KRW-CPOOL,2026-09-01,487,1440,0.33819444444444446
KRW-CRO,2026-09-01,439,1440,0.30486111111111114
KRW-CRV,2026-09-01,730,1440,0.5069444444444444
KRW-CTC,2026-09-01,486,1440,0.3375
KRW-CVC,2026-09-01,401,1440,0.27847222222222223
KRW-CYBER,2026-09-01,136,1440,0.09444444444444444
KRW-DATA,2026-09-01,999,1440,0.69375
KRW-DEEP,2026-09-01,431,1440,0.29930555555555555
KRW-DKA,2026-09-01,461,1440,0.32013888888888886
KRW-DOOD,2026-09-01,354,1440,0.24583333333333332
KRW-DOS,2026-09-01,1313,1440,0.9118055555555555
KRW-DOT,2026-09-01,489,1440,0.33958333333333335
KRW-DRV,2026-09-01,484,1440,0.33611111111111114
KRW-EDGE,2026-09-01,318,1440,0.22083333333333333
KRW-EGLD,2026-09-01,310,1440,0.2152777777777778
KRW-ELF,2026-09-01,228,1440,0.15833333333333333
KRW-ELSA,2026-09-01,300,1440,0.20833333333333334
KRW-ENA,2026-09-01,1079,1440,0.7493055555555556
KRW-ENS,2026-09-01,1002,1440,0.6958333333333333
KRW-ENSO,2026-09-01,806,1440,0.5597222222222222
KRW-ERA,2026-09-01,912,1440,0.6333333333333333
KRW-ESP,2026-09-01,276,1440,0.19166666666666668
KRW-ETC,2026-09-01,724,1440,0.5027777777777778
KRW-ETHFI,2026-09-01,438,1440,0.30416666666666664
KRW-EUL,2026-09-01,607,1440,0.4215277777777778
KRW-EURC,2026-09-01,140,1440,0.09722222222222222
KRW-F,2026-09-01,370,1440,0.2569444444444444
KRW-FCT2,2026-09-01,225,1440,0.15625
KRW-FF,2026-09-01,390,1440,0.2708333333333333
KRW-FIL,2026-09-01,653,1440,0.4534722222222222
KRW-FLOCK,2026-09-01,1375,1440,0.9548611111111112
KRW-FLUID,2026-09-01,505,1440,0.3506944444444444
KRW-FOLD,2026-09-01,1088,1440,0.7555555555555555
KRW-G,2026-09-01,228,1440,0.15833333333333333
KRW-GAME2,2026-09-01,584,1440,0.40555555555555556
KRW-GAS,2026-09-01,746,1440,0.5180555555555556
KRW-GEOD,2026-09-01,419,1440,0.29097222222222224
KRW-GLM,2026-09-01,196,1440,0.1361111111111111
KRW-GMT,2026-09-01,373,1440,0.2590277777777778
KRW-GRT,2026-09-01,243,1440,0.16875
KRW-GRVT,2026-09-01,952,1440,0.6611111111111111
KRW-HBAR,2026-09-01,697,1440,0.4840277777777778
KRW-HIVE,2026-09-01,532,1440,0.36944444444444446
KRW-HOLO,2026-09-01,496,1440,0.34444444444444444
KRW-HOME,2026-09-01,675,1440,0.46875
KRW-HP,2026-09-01,157,1440,0.10902777777777778
KRW-HUNT,2026-09-01,138,1440,0.09583333333333334
KRW-HYPER,2026-09-01,358,1440,0.24861111111111112
KRW-ICP,2026-09-01,271,1440,0.18819444444444444
KRW-ICX,2026-09-01,1272,1440,0.8833333333333333
KRW-ID,2026-09-01,491,1440,0.34097222222222223
KRW-IMX,2026-09-01,142,1440,0.09861111111111111
KRW-IN,2026-09-01,614,1440,0.4263888888888889
KRW-INJ,2026-09-01,664,1440,0.46111111111111114
KRW-IO,2026-09-01,102,1440,0.07083333333333333
KRW-IOST,2026-09-01,565,1440,0.3923611111111111
KRW-IOTA,2026-09-01,362,1440,0.2513888888888889
KRW-IQ,2026-09-01,696,1440,0.48333333333333334
KRW-IRYS,2026-09-01,468,1440,0.325
KRW-JPYC,2026-09-01,0,1440,0.0
KRW-JST,2026-09-01,244,1440,0.16944444444444445
KRW-JTO,2026-09-01,626,1440,0.43472222222222223
KRW-JUP,2026-09-01,642,1440,0.44583333333333336
KRW-KAITO,2026-09-01,623,1440,0.4326388888888889
KRW-KAT,2026-09-01,454,1440,0.31527777777777777
KRW-KAVA,2026-09-01,144,1440,0.1
KRW-KERNEL,2026-09-01,275,1440,0.1909722222222222
KRW-KITE,2026-09-01,475,1440,0.3298611111111111
KRW-KMNO,2026-09-01,98,1440,0.06805555555555555
KRW-KNC,2026-09-01,161,1440,0.11180555555555556
KRW-LA,2026-09-01,1309,1440,0.9090277777777778
KRW-LAYER,2026-09-01,374,1440,0.25972222222222224
KRW-LINEA,2026-09-01,320,1440,0.2222222222222222
KRW-LINK,2026-09-01,911,1440,0.6326388888888889
KRW-LIT,2026-09-01,669,1440,0.46458333333333335
KRW-LPT,2026-09-01,119,1440,0.08263888888888889
KRW-LSK,2026-09-01,301,1440,0.20902777777777778
KRW-MANA,2026-09-01,298,1440,0.20694444444444443
KRW-MANTRA,2026-09-01,968,1440,0.6722222222222223
KRW-MASK,2026-09-01,353,1440,0.24513888888888888
KRW-MBL,2026-09-01,632,1440,0.4388888888888889
KRW-ME,2026-09-01,623,1440,0.4326388888888889
KRW-MED,2026-09-01,325,1440,0.22569444444444445
KRW-MEGA,2026-09-01,259,1440,0.1798611111111111
KRW-MET2,2026-09-01,95,1440,0.06597222222222222
KRW-META,2026-09-01,169,1440,0.11736111111111111
KRW-META2,2026-09-01,565,1440,0.3923611111111111
KRW-MEW,2026-09-01,302,1440,0.20972222222222223
KRW-MINA,2026-09-01,690,1440,0.4791666666666667
KRW-MIRA,2026-09-01,1189,1440,0.8256944444444444
KRW-MLK,2026-09-01,477,1440,0.33125
KRW-MMT,2026-09-01,414,1440,0.2875
KRW-MNT,2026-09-01,284,1440,0.19722222222222222
KRW-MOC,2026-09-01,446,1440,0.30972222222222223
KRW-MOCA,2026-09-01,264,1440,0.18333333333333332
KRW-MON,2026-09-01,320,1440,0.2222222222222222
KRW-MOODENG,2026-09-01,264,1440,0.18333333333333332
KRW-MORPHO,2026-09-01,435,1440,0.3020833333333333
KRW-MOVE,2026-09-01,828,1440,0.575
KRW-MTL,2026-09-01,240,1440,0.16666666666666666
KRW-MVL,2026-09-01,385,1440,0.2673611111111111
KRW-NCT,2026-09-01,1080,1440,0.75
KRW-NEAR,2026-09-01,1165,1440,0.8090277777777778
KRW-NEO,2026-09-01,308,1440,0.21388888888888888
KRW-NEWT,2026-09-01,301,1440,0.20902777777777778
KRW-NXPC,2026-09-01,117,1440,0.08125
KRW-O,2026-09-01,845,1440,0.5868055555555556
KRW-ONDO,2026-09-01,1279,1440,0.8881944444444444
KRW-ONG,2026-09-01,1308,1440,0.9083333333333333
KRW-ONT,2026-09-01,961,1440,0.6673611111111111
KRW-OP,2026-09-01,571,1440,0.39652777777777776
KRW-OPEN,2026-09-01,529,1440,0.36736111111111114
KRW-OPG,2026-09-01,219,1440,0.15208333333333332
KRW-ORBS,2026-09-01,245,1440,0.1701388888888889
KRW-ORCA,2026-09-01,301,1440,0.20902777777777778
KRW-ORDER,2026-09-01,367,1440,0.2548611111111111
KRW-PENDLE,2026-09-01,429,1440,0.29791666666666666
KRW-PENGU,2026-09-01,476,1440,0.33055555555555555
KRW-PEPE,2026-09-01,666,1440,0.4625
KRW-PIEVERSE,2026-09-01,510,1440,0.3541666666666667
KRW-PLUME,2026-09-01,527,1440,0.3659722222222222
KRW-POKT,2026-09-01,283,1440,0.19652777777777777
KRW-POL,2026-09-01,811,1440,0.5631944444444444
KRW-POLYX,2026-09-01,363,1440,0.2520833333333333
KRW-POWR,2026-09-01,272,1440,0.18888888888888888
KRW-PRL,2026-09-01,1148,1440,0.7972222222222223
KRW-PROM,2026-09-01,1397,1440,0.9701388888888889
KRW-PROS,2026-09-01,192,1440,0.13333333333333333
KRW-PROVE,2026-09-01,276,1440,0.19166666666666668
KRW-PUMP,2026-09-01,669,1440,0.46458333333333335
KRW-PUNDIX,2026-09-01,250,1440,0.1736111111111111
KRW-PYTH,2026-09-01,547,1440,0.3798611111111111
KRW-PYUSD,2026-09-01,0,1440,0.0
KRW-QKC,2026-09-01,324,1440,0.225
KRW-QTUM,2026-09-01,244,1440,0.16944444444444445
KRW-QUID,2026-09-01,612,1440,0.425
KRW-RAY,2026-09-01,234,1440,0.1625
KRW-RE,2026-09-01,744,1440,0.5166666666666667
KRW-RED,2026-09-01,421,1440,0.2923611111111111
KRW-RENDER,2026-09-01,408,1440,0.2833333333333333
KRW-RLUSD,2026-09-01,65,1440,0.04513888888888889
KRW-RVN,2026-09-01,964,1440,0.6694444444444444
KRW-SAFE,2026-09-01,160,1440,0.1111111111111111
KRW-SAHARA,2026-09-01,700,1440,0.4861111111111111
KRW-SAND,2026-09-01,1242,1440,0.8625
KRW-SC,2026-09-01,1018,1440,0.7069444444444445
KRW-SEI,2026-09-01,621,1440,0.43125
KRW-SENT,2026-09-01,129,1440,0.08958333333333333
KRW-SHIB,2026-09-01,1250,1440,0.8680555555555556
KRW-SIGN,2026-09-01,297,1440,0.20625
KRW-SKR,2026-09-01,1438,1440,0.9986111111111111
KRW-SKY,2026-09-01,336,1440,0.23333333333333334
KRW-SLX,2026-09-01,1018,1440,0.7069444444444445
KRW-SNT,2026-09-01,398,1440,0.2763888888888889
KRW-SOMI,2026-09-01,909,1440,0.63125
KRW-SONIC,2026-09-01,905,1440,0.6284722222222222
KRW-SOON,2026-09-01,211,1440,0.14652777777777778
KRW-SOPH,2026-09-01,560,1440,0.3888888888888889
KRW-SPK,2026-09-01,352,1440,0.24444444444444444
KRW-SPX,2026-09-01,455,1440,0.3159722222222222
KRW-STEEM,2026-09-01,232,1440,0.16111111111111112
KRW-STRAX,2026-09-01,454,1440,0.31527777777777777
KRW-STX,2026-09-01,1005,1440,0.6979166666666666
KRW-SUI,2026-09-01,1192,1440,0.8277777777777777
KRW-SUN,2026-09-01,174,1440,0.12083333333333333
KRW-SUPER,2026-09-01,148,1440,0.10277777777777777
KRW-SYRUP,2026-09-01,212,1440,0.14722222222222223
KRW-T,2026-09-01,277,1440,0.19236111111111112
KRW-TAIKO,2026-09-01,204,1440,0.14166666666666666
KRW-TAO,2026-09-01,494,1440,0.34305555555555556
KRW-TFUEL,2026-09-01,143,1440,0.09930555555555555
KRW-THETA,2026-09-01,128,1440,0.08888888888888889
KRW-TIA,2026-09-01,235,1440,0.16319444444444445
KRW-TOKAMAK,2026-09-01,282,1440,0.19583333333333333
KRW-TOSHI,2026-09-01,169,1440,0.11736111111111111
KRW-TRAC,2026-09-01,246,1440,0.17083333333333334
KRW-TREE,2026-09-01,797,1440,0.5534722222222223
KRW-TRUMP,2026-09-01,1433,1440,0.9951388888888889
KRW-TRUST,2026-09-01,371,1440,0.25763888888888886
KRW-UNI,2026-09-01,1096,1440,0.7611111111111111
KRW-UP2,2026-09-01,414,1440,0.2875
KRW-USD1,2026-09-01,171,1440,0.11875
KRW-USDE,2026-09-01,32,1440,0.022222222222222223
KRW-USDG,2026-09-01,18,1440,0.0125
KRW-USDS,2026-09-01,19,1440,0.013194444444444444
KRW-VANA,2026-09-01,272,1440,0.18888888888888888
KRW-VET,2026-09-01,437,1440,0.3034722222222222
KRW-VIRTUAL,2026-09-01,773,1440,0.5368055555555555
KRW-VTHO,2026-09-01,187,1440,0.12986111111111112
KRW-VVV,2026-09-01,229,1440,0.15902777777777777
KRW-W,2026-09-01,384,1440,0.26666666666666666
KRW-WAL,2026-09-01,635,1440,0.4409722222222222
KRW-WAVES,2026-09-01,496,1440,0.34444444444444444
KRW-WAXP,2026-09-01,304,1440,0.2111111111111111
KRW-WCT,2026-09-01,305,1440,0.21180555555555555
KRW-WET,2026-09-01,324,1440,0.225
KRW-WIF,2026-09-01,76,1440,0.05277777777777778
KRW-WLD,2026-09-01,1100,1440,0.7638888888888888
KRW-WLFI,2026-09-01,516,1440,0.35833333333333334
KRW-XAUT,2026-09-01,334,1440,0.23194444444444445
KRW-XCN,2026-09-01,93,1440,0.06458333333333334
KRW-XEC,2026-09-01,469,1440,0.32569444444444445
KRW-XLM,2026-09-01,1173,1440,0.8145833333333333
KRW-XPL,2026-09-01,795,1440,0.5520833333333334
KRW-XTZ,2026-09-01,174,1440,0.12083333333333333
KRW-YGG,2026-09-01,275,1440,0.1909722222222222
KRW-ZAMA,2026-09-01,176,1440,0.12222222222222222
KRW-ZBT,2026-09-01,685,1440,0.4756944444444444
KRW-ZETA,2026-09-01,231,1440,0.16041666666666668
KRW-ZIL,2026-09-01,878,1440,0.6097222222222223
KRW-ZK,2026-09-01,795,1440,0.5520833333333334
KRW-ZKC,2026-09-01,1298,1440,0.9013888888888889
KRW-ZKP,2026-09-01,1172,1440,0.8138888888888889
KRW-ZORA,2026-09-01,1356,1440,0.9416666666666667
KRW-ZRO,2026-09-01,543,1440,0.3770833333333333
KRW-ZRX,2026-09-01,189,1440,0.13125
KRW-0G,2026-09-02,1227,1440,0.8520833333333333
KRW-1INCH,2026-09-02,150,1440,0.10416666666666667
KRW-2Z,2026-09-02,381,1440,0.26458333333333334
KRW-A,2026-09-02,277,1440,0.19236111111111112
KRW-AAVE,2026-09-02,932,1440,0.6472222222222223
KRW-AERO,2026-09-02,271,1440,0.18819444444444444
KRW-AGLD,2026-09-02,207,1440,0.14375
KRW-AHT,2026-09-02,591,1440,0.41041666666666665
KRW-AI,2026-09-02,265,1440,0.1840277777777778
KRW-AKT,2026-09-02,470,1440,0.3263888888888889
KRW-ALGO,2026-09-02,497,1440,0.3451388888888889
KRW-ALT,2026-09-02,192,1440,0.13333333333333333
KRW-ANIME,2026-09-02,785,1440,0.5451388888888888
KRW-ANKR,2026-09-02,561,1440,0.38958333333333334
KRW-API3,2026-09-02,189,1440,0.13125
KRW-APT,2026-09-02,873,1440,0.60625
KRW-ARB,2026-09-02,960,1440,0.6666666666666666
KRW-ARDR,2026-09-02,843,1440,0.5854166666666667
KRW-ARK,2026-09-02,274,1440,0.19027777777777777
KRW-ARKM,2026-09-02,100,1440,0.06944444444444445
KRW-ARX,2026-09-02,328,1440,0.22777777777777777
KRW-ASTR,2026-09-02,156,1440,0.10833333333333334
KRW-ATH,2026-09-02,528,1440,0.36666666666666664
KRW-ATOM,2026-09-02,470,1440,0.3263888888888889
KRW-AUCTION,2026-09-02,712,1440,0.49444444444444446
KRW-AVAX,2026-09-02,844,1440,0.5861111111111111
KRW-AVNT,2026-09-02,362,1440,0.2513888888888889
KRW-AWE,2026-09-02,295,1440,0.2048611111111111
KRW-AXL,2026-09-02,525,1440,0.3645833333333333
KRW-AXS,2026-09-02,781,1440,0.5423611111111111
KRW-AZTEC,2026-09-02,113,1440,0.07847222222222222
KRW-B3,2026-09-02,479,1440,0.3326388888888889
KRW-BABY,2026-09-02,144,1440,0.1
KRW-BARD,2026-09-02,500,1440,0.3472222222222222
KRW-BAT,2026-09-02,189,1440,0.13125
KRW-BCH,2026-09-02,708,1440,0.49166666666666664
KRW-BEAM,2026-09-02,398,1440,0.2763888888888889
KRW-BERA,2026-09-02,414,1440,0.2875
KRW-BFC,2026-09-02,0,1440,0.0
KRW-BIGTIME,2026-09-02,672,1440,0.4666666666666667
KRW-BIO,2026-09-02,205,1440,0.1423611111111111
KRW-BIRB,2026-09-02,388,1440,0.26944444444444443
KRW-BLAST,2026-09-02,490,1440,0.3402777777777778
KRW-BLEND,2026-09-02,315,1440,0.21875
KRW-BLUR,2026-09-02,259,1440,0.1798611111111111
KRW-BORA,2026-09-02,366,1440,0.25416666666666665
KRW-BOUNTY,2026-09-02,536,1440,0.37222222222222223
KRW-BREV,2026-09-02,269,1440,0.18680555555555556
KRW-BSB,2026-09-02,197,1440,0.13680555555555557
KRW-BSV,2026-09-02,345,1440,0.23958333333333334
KRW-BTT,2026-09-02,389,1440,0.2701388888888889
KRW-CAP,2026-09-02,428,1440,0.2972222222222222
KRW-CARV,2026-09-02,597,1440,0.41458333333333336
KRW-CBK,2026-09-02,324,1440,0.225
KRW-CC,2026-09-02,353,1440,0.24513888888888888
KRW-CELO,2026-09-02,276,1440,0.19166666666666668
KRW-CFG,2026-09-02,417,1440,0.28958333333333336
KRW-CFX,2026-09-02,125,1440,0.08680555555555555
KRW-CHIP,2026-09-02,1189,1440,0.8256944444444444
KRW-CHZ,2026-09-02,424,1440,0.29444444444444445
KRW-CKB,2026-09-02,176,1440,0.12222222222222222
KRW-COMP,2026-09-02,120,1440,0.08333333333333333
KRW-COW,2026-09-02,175,1440,0.12152777777777778
KRW-CP,2026-09-02,0,1440,0.0
KRW-CPOOL,2026-09-02,308,1440,0.21388888888888888
KRW-CRO,2026-09-02,483,1440,0.33541666666666664
KRW-CRV,2026-09-02,1338,1440,0.9291666666666667
KRW-CTC,2026-09-02,383,1440,0.2659722222222222
KRW-CVC,2026-09-02,539,1440,0.37430555555555556
KRW-CYBER,2026-09-02,235,1440,0.16319444444444445
KRW-DATA,2026-09-02,830,1440,0.5763888888888888
KRW-DEEP,2026-09-02,369,1440,0.25625
KRW-DKA,2026-09-02,299,1440,0.2076388888888889
KRW-DOOD,2026-09-02,441,1440,0.30625
KRW-DOS,2026-09-02,1092,1440,0.7583333333333333
KRW-DOT,2026-09-02,586,1440,0.40694444444444444
KRW-DRV,2026-09-02,385,1440,0.2673611111111111
KRW-EDGE,2026-09-02,233,1440,0.16180555555555556
KRW-EGLD,2026-09-02,593,1440,0.41180555555555554
KRW-ELF,2026-09-02,160,1440,0.1111111111111111
KRW-ELSA,2026-09-02,322,1440,0.22361111111111112
KRW-ENA,2026-09-02,1238,1440,0.8597222222222223
KRW-ENS,2026-09-02,1170,1440,0.8125
KRW-ENSO,2026-09-02,712,1440,0.49444444444444446
KRW-ERA,2026-09-02,673,1440,0.4673611111111111
KRW-ESP,2026-09-02,225,1440,0.15625
KRW-ETC,2026-09-02,723,1440,0.5020833333333333
KRW-ETHFI,2026-09-02,510,1440,0.3541666666666667
KRW-EUL,2026-09-02,486,1440,0.3375
KRW-EURC,2026-09-02,104,1440,0.07222222222222222
KRW-F,2026-09-02,354,1440,0.24583333333333332
KRW-FCT2,2026-09-02,469,1440,0.32569444444444445
KRW-FF,2026-09-02,1126,1440,0.7819444444444444
KRW-FIL,2026-09-02,1172,1440,0.8138888888888889
KRW-FLOCK,2026-09-02,1044,1440,0.725
KRW-FLUID,2026-09-02,326,1440,0.2263888888888889
KRW-FOLD,2026-09-02,1199,1440,0.8326388888888889
KRW-G,2026-09-02,337,1440,0.23402777777777778
KRW-GAME2,2026-09-02,537,1440,0.3729166666666667
KRW-GAS,2026-09-02,641,1440,0.44513888888888886
KRW-GEOD,2026-09-02,318,1440,0.22083333333333333
KRW-GLM,2026-09-02,192,1440,0.13333333333333333
KRW-GMT,2026-09-02,382,1440,0.2652777777777778
KRW-GRT,2026-09-02,211,1440,0.14652777777777778
KRW-GRVT,2026-09-02,874,1440,0.6069444444444444
KRW-HBAR,2026-09-02,673,1440,0.4673611111111111
KRW-HIVE,2026-09-02,696,1440,0.48333333333333334
KRW-HOLO,2026-09-02,494,1440,0.34305555555555556
KRW-HOME,2026-09-02,846,1440,0.5875
KRW-HP,2026-09-02,183,1440,0.12708333333333333
KRW-HUNT,2026-09-02,194,1440,0.13472222222222222
KRW-HYPER,2026-09-02,305,1440,0.21180555555555555
KRW-ICP,2026-09-02,383,1440,0.2659722222222222
KRW-ICX,2026-09-02,1291,1440,0.8965277777777778
KRW-ID,2026-09-02,493,1440,0.3423611111111111
KRW-IMX,2026-09-02,215,1440,0.14930555555555555
KRW-IN,2026-09-02,665,1440,0.4618055555555556
KRW-INJ,2026-09-02,922,1440,0.6402777777777777
KRW-IO,2026-09-02,92,1440,0.06388888888888888
KRW-IOST,2026-09-02,597,1440,0.41458333333333336
KRW-IOTA,2026-09-02,448,1440,0.3111111111111111
KRW-IQ,2026-09-02,1021,1440,0.7090277777777778
KRW-IRYS,2026-09-02,350,1440,0.24305555555555555
KRW-JPYC,2026-09-02,0,1440,0.0
KRW-JST,2026-09-02,216,1440,0.15
KRW-JTO,2026-09-02,680,1440,0.4722222222222222
KRW-JUP,2026-09-02,515,1440,0.3576388888888889
KRW-KAITO,2026-09-02,533,1440,0.3701388888888889
KRW-KAT,2026-09-02,429,1440,0.29791666666666666
KRW-KAVA,2026-09-02,318,1440,0.22083333333333333
KRW-KERNEL,2026-09-02,202,1440,0.14027777777777778
KRW-KITE,2026-09-02,774,1440,0.5375
KRW-KMNO,2026-09-02,85,1440,0.059027777777777776
KRW-KNC,2026-09-02,109,1440,0.07569444444444444
KRW-LA,2026-09-02,1249,1440,0.8673611111111111
KRW-LAYER,2026-09-02,364,1440,0.25277777777777777
KRW-LINEA,2026-09-02,211,1440,0.14652777777777778
KRW-LINK,2026-09-02,1048,1440,0.7277777777777777
KRW-LIT,2026-09-02,820,1440,0.5694444444444444
KRW-LPT,2026-09-02,124,1440,0.08611111111111111
KRW-LSK,2026-09-02,309,1440,0.21458333333333332
KRW-MANA,2026-09-02,256,1440,0.17777777777777778
KRW-MANTRA,2026-09-02,691,1440,0.4798611111111111
KRW-MASK,2026-09-02,188,1440,0.13055555555555556
KRW-MBL,2026-09-02,922,1440,0.6402777777777777
KRW-ME,2026-09-02,622,1440,0.43194444444444446
KRW-MED,2026-09-02,468,1440,0.325
KRW-MEGA,2026-09-02,269,1440,0.18680555555555556
KRW-MET2,2026-09-02,113,1440,0.07847222222222222
KRW-META,2026-09-02,133,1440,0.09236111111111112
KRW-META2,2026-09-02,361,1440,0.25069444444444444
KRW-MEW,2026-09-02,347,1440,0.24097222222222223
KRW-MINA,2026-09-02,732,1440,0.5083333333333333
KRW-MIRA,2026-09-02,1208,1440,0.8388888888888889
KRW-MLK,2026-09-02,470,1440,0.3263888888888889
KRW-MMT,2026-09-02,380,1440,0.2638888888888889
KRW-MNT,2026-09-02,265,1440,0.1840277777777778
KRW-MOC,2026-09-02,946,1440,0.6569444444444444
KRW-MOCA,2026-09-02,232,1440,0.16111111111111112
KRW-MON,2026-09-02,387,1440,0.26875
KRW-MOODENG,2026-09-02,265,1440,0.1840277777777778
KRW-MORPHO,2026-09-02,416,1440,0.28888888888888886
KRW-MOVE,2026-09-02,639,1440,0.44375
KRW-MTL,2026-09-02,156,1440,0.10833333333333334
KRW-MVL,2026-09-02,289,1440,0.20069444444444445
KRW-NCT,2026-09-02,850,1440,0.5902777777777778
KRW-NEAR,2026-09-02,1267,1440,0.8798611111111111
KRW-NEO,2026-09-02,318,1440,0.22083333333333333
KRW-NEWT,2026-09-02,265,1440,0.1840277777777778
KRW-NXPC,2026-09-02,182,1440,0.12638888888888888
KRW-O,2026-09-02,503,1440,0.34930555555555554
KRW-ONDO,2026-09-02,1302,1440,0.9041666666666667
KRW-ONG,2026-09-02,1378,1440,0.9569444444444445
KRW-ONT,2026-09-02,761,1440,0.5284722222222222
KRW-OP,2026-09-02,383,1440,0.2659722222222222
KRW-OPEN,2026-09-02,505,1440,0.3506944444444444
KRW-OPG,2026-09-02,202,1440,0.14027777777777778
KRW-ORBS,2026-09-02,196,1440,0.1361111111111111
KRW-ORCA,2026-09-02,231,1440,0.16041666666666668
KRW-ORDER,2026-09-02,625,1440,0.4340277777777778
KRW-PENDLE,2026-09-02,556,1440,0.3861111111111111
KRW-PENGU,2026-09-02,669,1440,0.46458333333333335
KRW-PEPE,2026-09-02,621,1440,0.43125
KRW-PIEVERSE,2026-09-02,578,1440,0.4013888888888889
KRW-PLUME,2026-09-02,480,1440,0.3333333333333333
KRW-POKT,2026-09-02,562,1440,0.3902777777777778
KRW-POL,2026-09-02,579,1440,0.40208333333333335
KRW-POLYX,2026-09-02,452,1440,0.3138888888888889
KRW-POWR,2026-09-02,301,1440,0.20902777777777778
KRW-PRL,2026-09-02,999,1440,0.69375
KRW-PROM,2026-09-02,1300,1440,0.9027777777777778
KRW-PROS,2026-09-02,230,1440,0.1597222222222222
KRW-PROVE,2026-09-02,188,1440,0.13055555555555556
KRW-PUMP,2026-09-02,585,1440,0.40625
KRW-PUNDIX,2026-09-02,398,1440,0.2763888888888889
KRW-PYTH,2026-09-02,864,1440,0.6
KRW-PYUSD,2026-09-02,0,1440,0.0
KRW-QKC,2026-09-02,238,1440,0.16527777777777777
KRW-QTUM,2026-09-02,210,1440,0.14583333333333334
KRW-QUID,2026-09-02,477,1440,0.33125
KRW-RAY,2026-09-02,247,1440,0.17152777777777778
KRW-RE,2026-09-02,722,1440,0.5013888888888889
KRW-RED,2026-09-02,534,1440,0.37083333333333335
KRW-RENDER,2026-09-02,441,1440,0.30625
KRW-RLUSD,2026-09-02,36,1440,0.025
KRW-RVN,2026-09-02,843,1440,0.5854166666666667
KRW-SAFE,2026-09-02,454,1440,0.31527777777777777
KRW-SAHARA,2026-09-02,616,1440,0.42777777777777776
KRW-SAND,2026-09-02,1130,1440,0.7847222222222222
KRW-SC,2026-09-02,1421,1440,0.9868055555555556
KRW-SEI,2026-09-02,860,1440,0.5972222222222222
KRW-SENT,2026-09-02,151,1440,0.10486111111111111
KRW-SHIB,2026-09-02,1264,1440,0.8777777777777778
KRW-SIGN,2026-09-02,568,1440,0.39444444444444443
KRW-SKR,2026-09-02,1426,1440,0.9902777777777778
KRW-SKY,2026-09-02,390,1440,0.2708333333333333
KRW-SLX,2026-09-02,974,1440,0.6763888888888889
KRW-SNT,2026-09-02,362,1440,0.2513888888888889
KRW-SOMI,2026-09-02,571,1440,0.39652777777777776
KRW-SONIC,2026-09-02,638,1440,0.44305555555555554
KRW-SOON,2026-09-02,354,1440,0.24583333333333332
KRW-SOPH,2026-09-02,992,1440,0.6888888888888889
KRW-SPK,2026-09-02,330,1440,0.22916666666666666
KRW-SPX,2026-09-02,254,1440,0.1763888888888889
KRW-STEEM,2026-09-02,319,1440,0.22152777777777777
KRW-STRAX,2026-09-02,626,1440,0.43472222222222223
KRW-STX,2026-09-02,931,1440,0.6465277777777778
KRW-SUI,2026-09-02,1220,1440,0.8472222222222222
KRW-SUN,2026-09-02,194,1440,0.13472222222222222
KRW-SUPER,2026-09-02,137,1440,0.09513888888888888
KRW-SYRUP,2026-09-02,452,1440,0.3138888888888889
KRW-T,2026-09-02,928,1440,0.6444444444444445
KRW-TAIKO,2026-09-02,176,1440,0.12222222222222222
KRW-TAO,2026-09-02,609,1440,0.42291666666666666
KRW-TFUEL,2026-09-02,205,1440,0.1423611111111111
KRW-THETA,2026-09-02,143,1440,0.09930555555555555
KRW-TIA,2026-09-02,253,1440,0.17569444444444443
KRW-TOKAMAK,2026-09-02,251,1440,0.17430555555555555
KRW-TOSHI,2026-09-02,153,1440,0.10625
KRW-TRAC,2026-09-02,321,1440,0.22291666666666668
KRW-TREE,2026-09-02,711,1440,0.49375
KRW-TRUMP,2026-09-02,1430,1440,0.9930555555555556
KRW-TRUST,2026-09-02,240,1440,0.16666666666666666
KRW-UNI,2026-09-02,1314,1440,0.9125
KRW-UP2,2026-09-02,448,1440,0.3111111111111111
KRW-USD1,2026-09-02,188,1440,0.13055555555555556
KRW-USDE,2026-09-02,29,1440,0.02013888888888889
KRW-USDG,2026-09-02,18,1440,0.0125
KRW-USDS,2026-09-02,17,1440,0.011805555555555555
KRW-VANA,2026-09-02,385,1440,0.2673611111111111
KRW-VET,2026-09-02,445,1440,0.3090277777777778
KRW-VIRTUAL,2026-09-02,775,1440,0.5381944444444444
KRW-VTHO,2026-09-02,177,1440,0.12291666666666666
KRW-VVV,2026-09-02,243,1440,0.16875
KRW-W,2026-09-02,281,1440,0.1951388888888889
KRW-WAL,2026-09-02,477,1440,0.33125
KRW-WAVES,2026-09-02,357,1440,0.24791666666666667
KRW-WAXP,2026-09-02,558,1440,0.3875
KRW-WCT,2026-09-02,244,1440,0.16944444444444445
KRW-WET,2026-09-02,303,1440,0.21041666666666667
KRW-WIF,2026-09-02,49,1440,0.034027777777777775
KRW-WLD,2026-09-02,1071,1440,0.74375
KRW-WLFI,2026-09-02,453,1440,0.3145833333333333
KRW-XAUT,2026-09-02,370,1440,0.2569444444444444
KRW-XCN,2026-09-02,126,1440,0.0875
KRW-XEC,2026-09-02,424,1440,0.29444444444444445
KRW-XLM,2026-09-02,1220,1440,0.8472222222222222
KRW-XPL,2026-09-02,695,1440,0.4826388888888889
KRW-XTZ,2026-09-02,216,1440,0.15
KRW-YGG,2026-09-02,264,1440,0.18333333333333332
KRW-ZAMA,2026-09-02,167,1440,0.11597222222222223
KRW-ZBT,2026-09-02,636,1440,0.44166666666666665
KRW-ZETA,2026-09-02,240,1440,0.16666666666666666
KRW-ZIL,2026-09-02,797,1440,0.5534722222222223
KRW-ZK,2026-09-02,531,1440,0.36875
KRW-ZKC,2026-09-02,1064,1440,0.7388888888888889
KRW-ZKP,2026-09-02,1036,1440,0.7194444444444444
KRW-ZORA,2026-09-02,985,1440,0.6840277777777778
KRW-ZRO,2026-09-02,494,1440,0.34305555555555556
KRW-ZRX,2026-09-02,196,1440,0.1361111111111111
KRW-0G,2026-09-03,913,1440,0.6340277777777777
KRW-1INCH,2026-09-03,166,1440,0.11527777777777778
KRW-2Z,2026-09-03,222,1440,0.15416666666666667
KRW-A,2026-09-03,253,1440,0.17569444444444443
KRW-AAVE,2026-09-03,687,1440,0.47708333333333336
KRW-AERO,2026-09-03,330,1440,0.22916666666666666
KRW-AGLD,2026-09-03,169,1440,0.11736111111111111
KRW-AHT,2026-09-03,242,1440,0.16805555555555557
KRW-AI,2026-09-03,222,1440,0.15416666666666667
KRW-AKT,2026-09-03,398,1440,0.2763888888888889
KRW-ALGO,2026-09-03,529,1440,0.36736111111111114
KRW-ALT,2026-09-03,144,1440,0.1
KRW-ANIME,2026-09-03,506,1440,0.35138888888888886
KRW-ANKR,2026-09-03,1001,1440,0.6951388888888889
KRW-API3,2026-09-03,84,1440,0.058333333333333334
KRW-APT,2026-09-03,1030,1440,0.7152777777777778
KRW-ARB,2026-09-03,1314,1440,0.9125
KRW-ARDR,2026-09-03,544,1440,0.37777777777777777
KRW-ARK,2026-09-03,557,1440,0.38680555555555557
KRW-ARKM,2026-09-03,121,1440,0.08402777777777778
KRW-ARX,2026-09-03,276,1440,0.19166666666666668
KRW-ASTR,2026-09-03,183,1440,0.12708333333333333
KRW-ATH,2026-09-03,334,1440,0.23194444444444445
KRW-ATOM,2026-09-03,490,1440,0.3402777777777778
KRW-AUCTION,2026-09-03,394,1440,0.27361111111111114
KRW-AVAX,2026-09-03,760,1440,0.5277777777777778
KRW-AVNT,2026-09-03,259,1440,0.1798611111111111
KRW-AWE,2026-09-03,234,1440,0.1625
KRW-AXL,2026-09-03,379,1440,0.26319444444444445
KRW-AXS,2026-09-03,578,1440,0.4013888888888889
KRW-AZTEC,2026-09-03,99,1440,0.06875
KRW-B3,2026-09-03,419,1440,0.29097222222222224
KRW-BABY,2026-09-03,135,1440,0.09375
KRW-BARD,2026-09-03,313,1440,0.21736111111111112
KRW-BAT,2026-09-03,255,1440,0.17708333333333334
KRW-BCH,2026-09-03,863,1440,0.5993055555555555
KRW-BEAM,2026-09-03,376,1440,0.2611111111111111
KRW-BERA,2026-09-03,376,1440,0.2611111111111111
KRW-BFC,2026-09-03,0,1440,0.0
KRW-BIGTIME,2026-09-03,582,1440,0.4041666666666667
KRW-BIO,2026-09-03,284,1440,0.19722222222222222
KRW-BIRB,2026-09-03,333,1440,0.23125
KRW-BLAST,2026-09-03,194,1440,0.13472222222222222
KRW-BLEND,2026-09-03,147,1440,0.10208333333333333
KRW-BLUR,2026-09-03,318,1440,0.22083333333333333
KRW-BORA,2026-09-03,405,1440,0.28125
KRW-BOUNTY,2026-09-03,301,1440,0.20902777777777778
KRW-BREV,2026-09-03,178,1440,0.12361111111111112
KRW-BSB,2026-09-03,241,1440,0.1673611111111111
KRW-BSV,2026-09-03,343,1440,0.23819444444444443
KRW-BTT,2026-09-03,448,1440,0.3111111111111111
KRW-CAP,2026-09-03,905,1440,0.6284722222222222
KRW-CARV,2026-09-03,428,1440,0.2972222222222222
KRW-CBK,2026-09-03,398,1440,0.2763888888888889
KRW-CC,2026-09-03,336,1440,0.23333333333333334
KRW-CELO,2026-09-03,392,1440,0.2722222222222222
KRW-CFG,2026-09-03,469,1440,0.32569444444444445
KRW-CFX,2026-09-03,137,1440,0.09513888888888888
KRW-CHIP,2026-09-03,1141,1440,0.7923611111111111
KRW-CHZ,2026-09-03,298,1440,0.20694444444444443
KRW-CKB,2026-09-03,140,1440,0.09722222222222222
KRW-COMP,2026-09-03,458,1440,0.31805555555555554
KRW-COW,2026-09-03,142,1440,0.09861111111111111
KRW-CP,2026-09-03,0,1440,0.0
KRW-CPOOL,2026-09-03,227,1440,0.15763888888888888
KRW-CRO,2026-09-03,464,1440,0.32222222222222224
KRW-CRV,2026-09-03,694,1440,0.48194444444444445
KRW-CTC,2026-09-03,529,1440,0.36736111111111114
KRW-CVC,2026-09-03,539,1440,0.37430555555555556
KRW-CYBER,2026-09-03,167,1440,0.11597222222222223
KRW-DATA,2026-09-03,763,1440,0.5298611111111111
KRW-DEEP,2026-09-03,420,1440,0.2916666666666667
KRW-DKA,2026-09-03,302,1440,0.20972222222222223
KRW-DOOD,2026-09-03,314,1440,0.21805555555555556
KRW-DOS,2026-09-03,948,1440,0.6583333333333333
KRW-DOT,2026-09-03,470,1440,0.3263888888888889
KRW-DRV,2026-09-03,233,1440,0.16180555555555556
KRW-EDGE,2026-09-03,223,1440,0.15486111111111112
KRW-EGLD,2026-09-03,1290,1440,0.8958333333333334
KRW-ELF,2026-09-03,284,1440,0.19722222222222222
KRW-ELSA,2026-09-03,287,1440,0.19930555555555557
KRW-ENA,2026-09-03,1105,1440,0.7673611111111112
KRW-ENS,2026-09-03,1019,1440,0.7076388888888889
KRW-ENSO,2026-09-03,433,1440,0.30069444444444443
KRW-ERA,2026-09-03,522,1440,0.3625
KRW-ESP,2026-09-03,208,1440,0.14444444444444443
KRW-ETC,2026-09-03,635,1440,0.4409722222222222
KRW-ETHFI,2026-09-03,460,1440,0.3194444444444444
KRW-EUL,2026-09-03,529,1440,0.36736111111111114
KRW-EURC,2026-09-03,61,1440,0.04236111111111111
KRW-F,2026-09-03,387,1440,0.26875
KRW-FCT2,2026-09-03,240,1440,0.16666666666666666
KRW-FF,2026-09-03,843,1440,0.5854166666666667
KRW-FIL,2026-09-03,776,1440,0.5388888888888889
KRW-FLOCK,2026-09-03,1245,1440,0.8645833333333334
KRW-FLUID,2026-09-03,161,1440,0.11180555555555556
KRW-FOLD,2026-09-03,1107,1440,0.76875
KRW-G,2026-09-03,254,1440,0.1763888888888889
KRW-GAME2,2026-09-03,392,1440,0.2722222222222222
KRW-GAS,2026-09-03,502,1440,0.3486111111111111
KRW-GEOD,2026-09-03,186,1440,0.12916666666666668
KRW-GLM,2026-09-03,440,1440,0.3055555555555556
KRW-GMT,2026-09-03,464,1440,0.32222222222222224
KRW-GRT,2026-09-03,274,1440,0.19027777777777777
KRW-GRVT,2026-09-03,558,1440,0.3875
KRW-HBAR,2026-09-03,680,1440,0.4722222222222222
KRW-HIVE,2026-09-03,994,1440,0.6902777777777778
KRW-HOLO,2026-09-03,494,1440,0.34305555555555556
KRW-HOME,2026-09-03,738,1440,0.5125
KRW-HP,2026-09-03,154,1440,0.10694444444444444
KRW-HUNT,2026-09-03,277,1440,0.19236111111111112
KRW-HYPER,2026-09-03,260,1440,0.18055555555555555
KRW-ICP,2026-09-03,246,1440,0.17083333333333334
KRW-ICX,2026-09-03,891,1440,0.61875
KRW-ID,2026-09-03,397,1440,0.27569444444444446
KRW-IMX,2026-09-03,155,1440,0.1076388888888889
KRW-IN,2026-09-03,556,1440,0.3861111111111111
KRW-INJ,2026-09-03,979,1440,0.6798611111111111
KRW-IO,2026-09-03,170,1440,0.11805555555555555
KRW-IOST,2026-09-03,479,1440,0.3326388888888889
KRW-IOTA,2026-09-03,445,1440,0.3090277777777778
KRW-IQ,2026-09-03,476,1440,0.33055555555555555
KRW-IRYS,2026-09-03,316,1440,0.21944444444444444
KRW-JPYC,2026-09-03,0,1440,0.0
KRW-JST,2026-09-03,161,1440,0.11180555555555556
KRW-JTO,2026-09-03,543,1440,0.3770833333333333
KRW-JUP,2026-09-03,500,1440,0.3472222222222222
KRW-KAITO,2026-09-03,476,1440,0.33055555555555555
KRW-KAT,2026-09-03,285,1440,0.19791666666666666
KRW-KAVA,2026-09-03,356,1440,0.24722222222222223
KRW-KERNEL,2026-09-03,252,1440,0.175
KRW-KITE,2026-09-03,730,1440,0.5069444444444444
KRW-KMNO,2026-09-03,65,1440,0.04513888888888889
KRW-KNC,2026-09-03,105,1440,0.07291666666666667
KRW-LA,2026-09-03,1414,1440,0.9819444444444444
KRW-LAYER,2026-09-03,294,1440,0.20416666666666666
KRW-LINEA,2026-09-03,214,1440,0.1486111111111111
KRW-LINK,2026-09-03,999,1440,0.69375
KRW-LIT,2026-09-03,785,1440,0.5451388888888888
KRW-LPT,2026-09-03,161,1440,0.11180555555555556
KRW-LSK,2026-09-03,308,1440,0.21388888888888888
KRW-MANA,2026-09-03,188,1440,0.13055555555555556
KRW-MANTRA,2026-09-03,397,1440,0.27569444444444446
KRW-MASK,2026-09-03,99,1440,0.06875
KRW-MBL,2026-09-03,532,1440,0.36944444444444446
KRW-ME,2026-09-03,575,1440,0.3993055555555556
KRW-MED,2026-09-03,256,1440,0.17777777777777778
KRW-MEGA,2026-09-03,551,1440,0.38263888888888886
KRW-MET2,2026-09-03,154,1440,0.10694444444444444
KRW-META,2026-09-03,113,1440,0.07847222222222222
KRW-META2,2026-09-03,410,1440,0.2847222222222222
KRW-MEW,2026-09-03,264,1440,0.18333333333333332
KRW-MINA,2026-09-03,574,1440,0.39861111111111114
KRW-MIRA,2026-09-03,1092,1440,0.7583333333333333
KRW-MLK,2026-09-03,337,1440,0.23402777777777778
KRW-MMT,2026-09-03,340,1440,0.2361111111111111
KRW-MNT,2026-09-03,205,1440,0.1423611111111111
KRW-MOC,2026-09-03,954,1440,0.6625
KRW-MOCA,2026-09-03,193,1440,0.13402777777777777
KRW-MON,2026-09-03,384,1440,0.26666666666666666
KRW-MOODENG,2026-09-03,218,1440,0.15138888888888888
KRW-MORPHO,2026-09-03,574,1440,0.39861111111111114
KRW-MOVE,2026-09-03,607,1440,0.4215277777777778
KRW-MTL,2026-09-03,206,1440,0.14305555555555555
KRW-MVL,2026-09-03,94,1440,0.06527777777777778
KRW-NCT,2026-09-03,570,1440,0.3958333333333333
KRW-NEAR,2026-09-03,1018,1440,0.7069444444444445
KRW-NEO,2026-09-03,259,1440,0.1798611111111111
KRW-NEWT,2026-09-03,231,1440,0.16041666666666668
KRW-NXPC,2026-09-03,182,1440,0.12638888888888888
KRW-O,2026-09-03,365,1440,0.2534722222222222
KRW-ONDO,2026-09-03,1236,1440,0.8583333333333333
KRW-ONG,2026-09-03,1123,1440,0.7798611111111111
KRW-ONT,2026-09-03,675,1440,0.46875
KRW-OP,2026-09-03,341,1440,0.23680555555555555
KRW-OPEN,2026-09-03,584,1440,0.40555555555555556
KRW-OPG,2026-09-03,146,1440,0.10138888888888889
KRW-ORBS,2026-09-03,190,1440,0.13194444444444445
KRW-ORCA,2026-09-03,195,1440,0.13541666666666666
KRW-ORDER,2026-09-03,557,1440,0.38680555555555557
KRW-PENDLE,2026-09-03,449,1440,0.31180555555555556
KRW-PENGU,2026-09-03,627,1440,0.4354166666666667
KRW-PEPE,2026-09-03,698,1440,0.4847222222222222
KRW-PIEVERSE,2026-09-03,557,1440,0.38680555555555557
KRW-PLUME,2026-09-03,336,1440,0.23333333333333334
KRW-POKT,2026-09-03,523,1440,0.36319444444444443
KRW-POL,2026-09-03,571,1440,0.39652777777777776
KRW-POLYX,2026-09-03,440,1440,0.3055555555555556
KRW-POWR,2026-09-03,269,1440,0.18680555555555556
KRW-PRL,2026-09-03,959,1440,0.6659722222222222
KRW-PROM,2026-09-03,1275,1440,0.8854166666666666
KRW-PROS,2026-09-03,126,1440,0.0875
KRW-PROVE,2026-09-03,137,1440,0.09513888888888888
KRW-PUMP,2026-09-03,883,1440,0.6131944444444445
KRW-PUNDIX,2026-09-03,540,1440,0.375
KRW-PYTH,2026-09-03,923,1440,0.6409722222222223
KRW-PYUSD,2026-09-03,0,1440,0.0
KRW-QKC,2026-09-03,482,1440,0.3347222222222222
KRW-QTUM,2026-09-03,190,1440,0.13194444444444445
KRW-QUID,2026-09-03,442,1440,0.30694444444444446
KRW-RAY,2026-09-03,195,1440,0.13541666666666666
KRW-RE,2026-09-03,752,1440,0.5222222222222223
KRW-RED,2026-09-03,678,1440,0.4708333333333333
KRW-RENDER,2026-09-03,387,1440,0.26875
KRW-RLUSD,2026-09-03,57,1440,0.03958333333333333
KRW-RVN,2026-09-03,732,1440,0.5083333333333333
KRW-SAFE,2026-09-03,343,1440,0.23819444444444443
KRW-SAHARA,2026-09-03,812,1440,0.5638888888888889
KRW-SAND,2026-09-03,898,1440,0.6236111111111111
KRW-SC,2026-09-03,1163,1440,0.8076388888888889
KRW-SEI,2026-09-03,904,1440,0.6277777777777778
KRW-SENT,2026-09-03,167,1440,0.11597222222222223
KRW-SHIB,2026-09-03,1172,1440,0.8138888888888889
KRW-SIGN,2026-09-03,593,1440,0.41180555555555554
KRW-SKR,2026-09-03,1418,1440,0.9847222222222223
KRW-SKY,2026-09-03,271,1440,0.18819444444444444
KRW-SLX,2026-09-03,861,1440,0.5979166666666667
KRW-SNT,2026-09-03,927,1440,0.64375
KRW-SOMI,2026-09-03,274,1440,0.19027777777777777
KRW-SONIC,2026-09-03,418,1440,0.2902777777777778
KRW-SOON,2026-09-03,191,1440,0.1326388888888889
KRW-SOPH,2026-09-03,1267,1440,0.8798611111111111
KRW-SPK,2026-09-03,472,1440,0.3277777777777778
KRW-SPX,2026-09-03,181,1440,0.12569444444444444
KRW-STEEM,2026-09-03,537,1440,0.3729166666666667
KRW-STRAX,2026-09-03,334,1440,0.23194444444444445
KRW-STX,2026-09-03,1061,1440,0.7368055555555556
KRW-SUI,2026-09-03,1295,1440,0.8993055555555556
KRW-SUN,2026-09-03,90,1440,0.0625
KRW-SUPER,2026-09-03,96,1440,0.06666666666666667
KRW-SYRUP,2026-09-03,343,1440,0.23819444444444443
KRW-T,2026-09-03,1439,1440,0.9993055555555556
KRW-TAIKO,2026-09-03,254,1440,0.1763888888888889
KRW-TAO,2026-09-03,545,1440,0.3784722222222222
KRW-TFUEL,2026-09-03,130,1440,0.09027777777777778
KRW-THETA,2026-09-03,130,1440,0.09027777777777778
KRW-TIA,2026-09-03,220,1440,0.1527777777777778
KRW-TOKAMAK,2026-09-03,386,1440,0.26805555555555555
KRW-TOSHI,2026-09-03,156,1440,0.10833333333333334
KRW-TRAC,2026-09-03,206,1440,0.14305555555555555
KRW-TREE,2026-09-03,669,1440,0.46458333333333335
KRW-TRUMP,2026-09-03,1408,1440,0.9777777777777777
KRW-TRUST,2026-09-03,209,1440,0.1451388888888889
KRW-UNI,2026-09-03,1142,1440,0.7930555555555555
KRW-UP2,2026-09-03,353,1440,0.24513888888888888
KRW-USD1,2026-09-03,164,1440,0.11388888888888889
KRW-USDE,2026-09-03,24,1440,0.016666666666666666
KRW-USDG,2026-09-03,15,1440,0.010416666666666666
KRW-USDS,2026-09-03,12,1440,0.008333333333333333
KRW-VANA,2026-09-03,274,1440,0.19027777777777777
KRW-VET,2026-09-03,390,1440,0.2708333333333333
KRW-VIRTUAL,2026-09-03,702,1440,0.4875
KRW-VTHO,2026-09-03,153,1440,0.10625
KRW-VVV,2026-09-03,188,1440,0.13055555555555556
KRW-W,2026-09-03,301,1440,0.20902777777777778
KRW-WAL,2026-09-03,315,1440,0.21875
KRW-WAVES,2026-09-03,279,1440,0.19375
KRW-WAXP,2026-09-03,679,1440,0.47152777777777777
KRW-WCT,2026-09-03,214,1440,0.1486111111111111
KRW-WET,2026-09-03,214,1440,0.1486111111111111
KRW-WIF,2026-09-03,62,1440,0.043055555555555555
KRW-WLD,2026-09-03,1045,1440,0.7256944444444444
KRW-WLFI,2026-09-03,487,1440,0.33819444444444446
KRW-XAUT,2026-09-03,338,1440,0.23472222222222222
KRW-XCN,2026-09-03,184,1440,0.12777777777777777
KRW-XEC,2026-09-03,378,1440,0.2625
KRW-XLM,2026-09-03,1153,1440,0.8006944444444445
KRW-XPL,2026-09-03,816,1440,0.5666666666666667
KRW-XTZ,2026-09-03,181,1440,0.12569444444444444
KRW-YGG,2026-09-03,155,1440,0.1076388888888889
KRW-ZAMA,2026-09-03,460,1440,0.3194444444444444
KRW-ZBT,2026-09-03,432,1440,0.3
KRW-ZETA,2026-09-03,321,1440,0.22291666666666668
KRW-ZIL,2026-09-03,368,1440,0.25555555555555554
KRW-ZK,2026-09-03,354,1440,0.24583333333333332
KRW-ZKC,2026-09-03,871,1440,0.6048611111111111
KRW-ZKP,2026-09-03,1019,1440,0.7076388888888889
KRW-ZORA,2026-09-03,714,1440,0.49583333333333335
KRW-ZRO,2026-09-03,699,1440,0.48541666666666666
KRW-ZRX,2026-09-03,169,1440,0.11736111111111111
KRW-0G,2026-09-04,786,1440,0.5458333333333333
KRW-1INCH,2026-09-04,368,1440,0.25555555555555554
KRW-2Z,2026-09-04,468,1440,0.325
KRW-A,2026-09-04,278,1440,0.19305555555555556
KRW-AAVE,2026-09-04,872,1440,0.6055555555555555
KRW-AERO,2026-09-04,431,1440,0.29930555555555555
KRW-AGLD,2026-09-04,212,1440,0.14722222222222223
KRW-AHT,2026-09-04,164,1440,0.11388888888888889
KRW-AI,2026-09-04,205,1440,0.1423611111111111
KRW-AKT,2026-09-04,458,1440,0.31805555555555554
KRW-ALGO,2026-09-04,522,1440,0.3625
KRW-ALT,2026-09-04,200,1440,0.1388888888888889
KRW-ANIME,2026-09-04,449,1440,0.31180555555555556
KRW-ANKR,2026-09-04,1169,1440,0.8118055555555556
KRW-API3,2026-09-04,160,1440,0.1111111111111111
KRW-APT,2026-09-04,837,1440,0.58125
KRW-ARB,2026-09-04,1182,1440,0.8208333333333333
KRW-ARDR,2026-09-04,745,1440,0.5173611111111112
KRW-ARK,2026-09-04,653,1440,0.4534722222222222
KRW-ARKM,2026-09-04,193,1440,0.13402777777777777
KRW-ARX,2026-09-04,350,1440,0.24305555555555555
KRW-ASTR,2026-09-04,212,1440,0.14722222222222223
KRW-ATH,2026-09-04,600,1440,0.4166666666666667
KRW-ATOM,2026-09-04,521,1440,0.36180555555555555
KRW-AUCTION,2026-09-04,408,1440,0.2833333333333333
KRW-AVAX,2026-09-04,920,1440,0.6388888888888888
KRW-AVNT,2026-09-04,396,1440,0.275
KRW-AWE,2026-09-04,368,1440,0.25555555555555554
KRW-AXL,2026-09-04,387,1440,0.26875
KRW-AXS,2026-09-04,753,1440,0.5229166666666667
KRW-AZTEC,2026-09-04,496,1440,0.34444444444444444
KRW-B3,2026-09-04,330,1440,0.22916666666666666
KRW-BABY,2026-09-04,236,1440,0.1638888888888889
KRW-BARD,2026-09-04,367,1440,0.2548611111111111
KRW-BAT,2026-09-04,340,1440,0.2361111111111111
KRW-BCH,2026-09-04,1013,1440,0.7034722222222223
KRW-BEAM,2026-09-04,280,1440,0.19444444444444445
KRW-BERA,2026-09-04,560,1440,0.3888888888888889
KRW-BFC,2026-09-04,0,1440,0.0
KRW-BIGTIME,2026-09-04,568,1440,0.39444444444444443
KRW-BIO,2026-09-04,388,1440,0.26944444444444443
KRW-BIRB,2026-09-04,655,1440,0.4548611111111111
KRW-BLAST,2026-09-04,269,1440,0.18680555555555556
KRW-BLEND,2026-09-04,210,1440,0.14583333333333334
KRW-BLUR,2026-09-04,260,1440,0.18055555555555555
KRW-BORA,2026-09-04,367,1440,0.2548611111111111
KRW-BOUNTY,2026-09-04,199,1440,0.13819444444444445
KRW-BREV,2026-09-04,238,1440,0.16527777777777777
KRW-BSB,2026-09-04,199,1440,0.13819444444444445
KRW-BSV,2026-09-04,519,1440,0.36041666666666666
KRW-BTT,2026-09-04,458,1440,0.31805555555555554
KRW-CAP,2026-09-04,1405,1440,0.9756944444444444
KRW-CARV,2026-09-04,349,1440,0.2423611111111111
KRW-CBK,2026-09-04,256,1440,0.17777777777777778
KRW-CC,2026-09-04,456,1440,0.31666666666666665
KRW-CELO,2026-09-04,290,1440,0.2013888888888889
KRW-CFG,2026-09-04,616,1440,0.42777777777777776
KRW-CFX,2026-09-04,184,1440,0.12777777777777777
KRW-CHIP,2026-09-04,1437,1440,0.9979166666666667
KRW-CHZ,2026-09-04,479,1440,0.3326388888888889
KRW-CKB,2026-09-04,266,1440,0.18472222222222223
KRW-COMP,2026-09-04,283,1440,0.19652777777777777
KRW-COW,2026-09-04,177,1440,0.12291666666666666
KRW-CP,2026-09-04,0,1440,0.0
KRW-CPOOL,2026-09-04,324,1440,0.225
KRW-CRO,2026-09-04,491,1440,0.34097222222222223
KRW-CRV,2026-09-04,669,1440,0.46458333333333335
KRW-CTC,2026-09-04,575,1440,0.3993055555555556
KRW-CVC,2026-09-04,432,1440,0.3
KRW-CYBER,2026-09-04,223,1440,0.15486111111111112
KRW-DATA,2026-09-04,820,1440,0.5694444444444444
KRW-DEEP,2026-09-04,313,1440,0.21736111111111112
KRW-DKA,2026-09-04,368,1440,0.25555555555555554
KRW-DOOD,2026-09-04,373,1440,0.2590277777777778
KRW-DOS,2026-09-04,974,1440,0.6763888888888889
KRW-DOT,2026-09-04,641,1440,0.44513888888888886
KRW-DRV,2026-09-04,324,1440,0.225
KRW-EDGE,2026-09-04,324,1440,0.225
KRW-EGLD,2026-09-04,858,1440,0.5958333333333333
KRW-ELF,2026-09-04,223,1440,0.15486111111111112
KRW-ELSA,2026-09-04,820,1440,0.5694444444444444
KRW-ENA,2026-09-04,1377,1440,0.95625
KRW-ENS,2026-09-04,1155,1440,0.8020833333333334
KRW-ENSO,2026-09-04,542,1440,0.3763888888888889
KRW-ERA,2026-09-04,448,1440,0.3111111111111111
KRW-ESP,2026-09-04,256,1440,0.17777777777777778
KRW-ETC,2026-09-04,860,1440,0.5972222222222222
KRW-ETHFI,2026-09-04,586,1440,0.40694444444444444
KRW-EUL,2026-09-04,570,1440,0.3958333333333333
KRW-EURC,2026-09-04,69,1440,0.04791666666666667
KRW-F,2026-09-04,402,1440,0.2791666666666667
KRW-FCT2,2026-09-04,182,1440,0.12638888888888888
KRW-FF,2026-09-04,624,1440,0.43333333333333335
KRW-FIL,2026-09-04,626,1440,0.43472222222222223
KRW-FLOCK,2026-09-04,1252,1440,0.8694444444444445
KRW-FLUID,2026-09-04,269,1440,0.18680555555555556
KRW-FOLD,2026-09-04,1075,1440,0.7465277777777778
KRW-G,2026-09-04,280,1440,0.19444444444444445
KRW-GAME2,2026-09-04,338,1440,0.23472222222222222
KRW-GAS,2026-09-04,623,1440,0.4326388888888889
KRW-GEOD,2026-09-04,216,1440,0.15
KRW-GLM,2026-09-04,243,1440,0.16875
KRW-GMT,2026-09-04,291,1440,0.20208333333333334
KRW-GRT,2026-09-04,328,1440,0.22777777777777777
KRW-GRVT,2026-09-04,525,1440,0.3645833333333333
KRW-HBAR,2026-09-04,848,1440,0.5888888888888889
KRW-HIVE,2026-09-04,1197,1440,0.83125
KRW-HOLO,2026-09-04,738,1440,0.5125
KRW-HOME,2026-09-04,587,1440,0.4076388888888889
KRW-HP,2026-09-04,235,1440,0.16319444444444445
KRW-HUNT,2026-09-04,176,1440,0.12222222222222222
KRW-HYPER,2026-09-04,282,1440,0.19583333333333333
KRW-ICP,2026-09-04,415,1440,0.2881944444444444
KRW-ICX,2026-09-04,570,1440,0.3958333333333333
KRW-ID,2026-09-04,443,1440,0.3076388888888889
KRW-IMX,2026-09-04,228,1440,0.15833333333333333
KRW-IN,2026-09-04,576,1440,0.4
KRW-INJ,2026-09-04,478,1440,0.33194444444444443
KRW-IO,2026-09-04,144,1440,0.1
KRW-IOST,2026-09-04,380,1440,0.2638888888888889
KRW-IOTA,2026-09-04,541,1440,0.37569444444444444
KRW-IQ,2026-09-04,333,1440,0.23125
KRW-IRYS,2026-09-04,352,1440,0.24444444444444444
KRW-JPYC,2026-09-04,0,1440,0.0
KRW-JST,2026-09-04,191,1440,0.1326388888888889
KRW-JTO,2026-09-04,825,1440,0.5729166666666666
KRW-JUP,2026-09-04,580,1440,0.4027777777777778
KRW-KAITO,2026-09-04,518,1440,0.3597222222222222
KRW-KAT,2026-09-04,439,1440,0.30486111111111114
KRW-KAVA,2026-09-04,245,1440,0.1701388888888889
KRW-KERNEL,2026-09-04,179,1440,0.12430555555555556
KRW-KITE,2026-09-04,468,1440,0.325
KRW-KMNO,2026-09-04,131,1440,0.09097222222222222
KRW-KNC,2026-09-04,170,1440,0.11805555555555555
KRW-LA,2026-09-04,1354,1440,0.9402777777777778
KRW-LAYER,2026-09-04,307,1440,0.21319444444444444
KRW-LINEA,2026-09-04,240,1440,0.16666666666666666
KRW-LINK,2026-09-04,1234,1440,0.8569444444444444
KRW-LIT,2026-09-04,1143,1440,0.79375
KRW-LPT,2026-09-04,877,1440,0.6090277777777777
KRW-LSK,2026-09-04,180,1440,0.125
KRW-MANA,2026-09-04,295,1440,0.2048611111111111
KRW-MANTRA,2026-09-04,433,1440,0.30069444444444443
KRW-MASK,2026-09-04,167,1440,0.11597222222222223
KRW-MBL,2026-09-04,318,1440,0.22083333333333333
KRW-ME,2026-09-04,597,1440,0.41458333333333336
KRW-MED,2026-09-04,226,1440,0.15694444444444444
KRW-MEGA,2026-09-04,491,1440,0.34097222222222223
KRW-MET2,2026-09-04,207,1440,0.14375
KRW-META,2026-09-04,99,1440,0.06875
KRW-META2,2026-09-04,1073,1440,0.7451388888888889
KRW-MEW,2026-09-04,381,1440,0.26458333333333334
KRW-MINA,2026-09-04,574,1440,0.39861111111111114
KRW-MIRA,2026-09-04,877,1440,0.6090277777777777
KRW-MLK,2026-09-04,414,1440,0.2875
KRW-MMT,2026-09-04,598,1440,0.4152777777777778
KRW-MNT,2026-09-04,311,1440,0.21597222222222223
KRW-MOC,2026-09-04,409,1440,0.28402777777777777
KRW-MOCA,2026-09-04,205,1440,0.1423611111111111
KRW-MON,2026-09-04,529,1440,0.36736111111111114
KRW-MOODENG,2026-09-04,420,1440,0.2916666666666667
KRW-MORPHO,2026-09-04,543,1440,0.3770833333333333
KRW-MOVE,2026-09-04,878,1440,0.6097222222222223
KRW-MTL,2026-09-04,190,1440,0.13194444444444445
KRW-MVL,2026-09-04,105,1440,0.07291666666666667
KRW-NCT,2026-09-04,591,1440,0.41041666666666665
KRW-NEAR,2026-09-04,1242,1440,0.8625
KRW-NEO,2026-09-04,346,1440,0.24027777777777778
KRW-NEWT,2026-09-04,293,1440,0.20347222222222222
KRW-NXPC,2026-09-04,250,1440,0.1736111111111111
KRW-O,2026-09-04,467,1440,0.32430555555555557
KRW-ONDO,2026-09-04,1367,1440,0.9493055555555555
KRW-ONG,2026-09-04,1207,1440,0.8381944444444445
KRW-ONT,2026-09-04,705,1440,0.4895833333333333
KRW-OP,2026-09-04,354,1440,0.24583333333333332
KRW-OPEN,2026-09-04,367,1440,0.2548611111111111
KRW-OPG,2026-09-04,182,1440,0.12638888888888888
KRW-ORBS,2026-09-04,192,1440,0.13333333333333333
KRW-ORCA,2026-09-04,260,1440,0.18055555555555555
KRW-ORDER,2026-09-04,299,1440,0.2076388888888889
KRW-PENDLE,2026-09-04,527,1440,0.3659722222222222
KRW-PENGU,2026-09-04,790,1440,0.5486111111111112
KRW-PEPE,2026-09-04,953,1440,0.6618055555555555
KRW-PIEVERSE,2026-09-04,675,1440,0.46875
KRW-PLUME,2026-09-04,370,1440,0.2569444444444444
KRW-POKT,2026-09-04,419,1440,0.29097222222222224
KRW-POL,2026-09-04,733,1440,0.5090277777777777
KRW-POLYX,2026-09-04,364,1440,0.25277777777777777
KRW-POWR,2026-09-04,392,1440,0.2722222222222222
KRW-PRL,2026-09-04,989,1440,0.6868055555555556
KRW-PROM,2026-09-04,1340,1440,0.9305555555555556
KRW-PROS,2026-09-04,165,1440,0.11458333333333333
KRW-PROVE,2026-09-04,174,1440,0.12083333333333333
KRW-PUMP,2026-09-04,883,1440,0.6131944444444445
KRW-PUNDIX,2026-09-04,641,1440,0.44513888888888886
KRW-PYTH,2026-09-04,670,1440,0.4652777777777778
KRW-PYUSD,2026-09-04,0,1440,0.0
KRW-QKC,2026-09-04,301,1440,0.20902777777777778
KRW-QTUM,2026-09-04,404,1440,0.28055555555555556
KRW-QUID,2026-09-04,909,1440,0.63125
KRW-RAY,2026-09-04,347,1440,0.24097222222222223
KRW-RE,2026-09-04,855,1440,0.59375
KRW-RED,2026-09-04,479,1440,0.3326388888888889
KRW-RENDER,2026-09-04,513,1440,0.35625
KRW-RLUSD,2026-09-04,116,1440,0.08055555555555556
KRW-RVN,2026-09-04,1025,1440,0.7118055555555556
KRW-SAFE,2026-09-04,227,1440,0.15763888888888888
KRW-SAHARA,2026-09-04,915,1440,0.6354166666666666
KRW-SAND,2026-09-04,1035,1440,0.71875
KRW-SC,2026-09-04,951,1440,0.6604166666666667
KRW-SEI,2026-09-04,746,1440,0.5180555555555556
KRW-SENT,2026-09-04,183,1440,0.12708333333333333
KRW-SHIB,2026-09-04,1286,1440,0.8930555555555556
KRW-SIGN,2026-09-04,742,1440,0.5152777777777777
KRW-SKR,2026-09-04,1361,1440,0.9451388888888889
KRW-SKY,2026-09-04,300,1440,0.20833333333333334
KRW-SLX,2026-09-04,1040,1440,0.7222222222222222
KRW-SNT,2026-09-04,836,1440,0.5805555555555556
KRW-SOMI,2026-09-04,194,1440,0.13472222222222222
KRW-SONIC,2026-09-04,498,1440,0.3458333333333333
KRW-SOON,2026-09-04,152,1440,0.10555555555555556
KRW-SOPH,2026-09-04,689,1440,0.47847222222222224
KRW-SPK,2026-09-04,847,1440,0.5881944444444445
KRW-SPX,2026-09-04,606,1440,0.42083333333333334
KRW-STEEM,2026-09-04,411,1440,0.28541666666666665
KRW-STRAX,2026-09-04,327,1440,0.22708333333333333
KRW-STX,2026-09-04,1071,1440,0.74375
KRW-SUI,2026-09-04,1314,1440,0.9125
KRW-SUN,2026-09-04,138,1440,0.09583333333333334
KRW-SUPER,2026-09-04,173,1440,0.12013888888888889
KRW-SYRUP,2026-09-04,508,1440,0.3527777777777778
KRW-T,2026-09-04,1238,1440,0.8597222222222223
KRW-TAIKO,2026-09-04,673,1440,0.4673611111111111
KRW-TAO,2026-09-04,634,1440,0.44027777777777777
KRW-TFUEL,2026-09-04,187,1440,0.12986111111111112
KRW-THETA,2026-09-04,208,1440,0.14444444444444443
KRW-TIA,2026-09-04,224,1440,0.15555555555555556
KRW-TOKAMAK,2026-09-04,284,1440,0.19722222222222222
KRW-TOSHI,2026-09-04,208,1440,0.14444444444444443
KRW-TRAC,2026-09-04,327,1440,0.22708333333333333
KRW-TREE,2026-09-04,592,1440,0.4111111111111111
KRW-TRUMP,2026-09-04,1439,1440,0.9993055555555556
KRW-TRUST,2026-09-04,335,1440,0.2326388888888889
KRW-UNI,2026-09-04,1242,1440,0.8625
KRW-UP2,2026-09-04,354,1440,0.24583333333333332
KRW-USD1,2026-09-04,213,1440,0.14791666666666667
KRW-USDE,2026-09-04,44,1440,0.030555555555555555
KRW-USDG,2026-09-04,38,1440,0.02638888888888889
KRW-USDS,2026-09-04,30,1440,0.020833333333333332
KRW-VANA,2026-09-04,934,1440,0.6486111111111111
KRW-VET,2026-09-04,478,1440,0.33194444444444443
KRW-VIRTUAL,2026-09-04,921,1440,0.6395833333333333
KRW-VTHO,2026-09-04,188,1440,0.13055555555555556
KRW-VVV,2026-09-04,334,1440,0.23194444444444445
KRW-W,2026-09-04,409,1440,0.28402777777777777
KRW-WAL,2026-09-04,296,1440,0.20555555555555555
KRW-WAVES,2026-09-04,476,1440,0.33055555555555555
KRW-WAXP,2026-09-04,468,1440,0.325
KRW-WCT,2026-09-04,285,1440,0.19791666666666666
KRW-WET,2026-09-04,285,1440,0.19791666666666666
KRW-WIF,2026-09-04,154,1440,0.10694444444444444
KRW-WLD,2026-09-04,1230,1440,0.8541666666666666
KRW-WLFI,2026-09-04,692,1440,0.48055555555555557
KRW-XAUT,2026-09-04,426,1440,0.29583333333333334
KRW-XCN,2026-09-04,841,1440,0.5840277777777778
KRW-XEC,2026-09-04,511,1440,0.3548611111111111
KRW-XLM,2026-09-04,1325,1440,0.9201388888888888
KRW-XPL,2026-09-04,1057,1440,0.7340277777777777
KRW-XTZ,2026-09-04,351,1440,0.24375
KRW-YGG,2026-09-04,191,1440,0.1326388888888889
KRW-ZAMA,2026-09-04,500,1440,0.3472222222222222
KRW-ZBT,2026-09-04,448,1440,0.3111111111111111
KRW-ZETA,2026-09-04,278,1440,0.19305555555555556
KRW-ZIL,2026-09-04,465,1440,0.3229166666666667
KRW-ZK,2026-09-04,471,1440,0.32708333333333334
KRW-ZKC,2026-09-04,786,1440,0.5458333333333333
KRW-ZKP,2026-09-04,803,1440,0.5576388888888889
KRW-ZORA,2026-09-04,729,1440,0.50625
KRW-ZRO,2026-09-04,825,1440,0.5729166666666666
KRW-ZRX,2026-09-04,249,1440,0.17291666666666666
KRW-0G,2026-09-05,941,1440,0.6534722222222222
KRW-1INCH,2026-09-05,125,1440,0.08680555555555555
KRW-2Z,2026-09-05,263,1440,0.18263888888888888
KRW-A,2026-09-05,189,1440,0.13125
KRW-AAVE,2026-09-05,571,1440,0.39652777777777776
KRW-AERO,2026-09-05,217,1440,0.15069444444444444
KRW-AGLD,2026-09-05,244,1440,0.16944444444444445
KRW-AHT,2026-09-05,98,1440,0.06805555555555555
KRW-AI,2026-09-05,244,1440,0.16944444444444445
KRW-AKT,2026-09-05,327,1440,0.22708333333333333
KRW-ALGO,2026-09-05,437,1440,0.3034722222222222
KRW-ALT,2026-09-05,134,1440,0.09305555555555556
KRW-ANIME,2026-09-05,392,1440,0.2722222222222222
KRW-ANKR,2026-09-05,567,1440,0.39375
KRW-API3,2026-09-05,126,1440,0.0875
KRW-APT,2026-09-05,637,1440,0.4423611111111111
KRW-ARB,2026-09-05,749,1440,0.5201388888888889
KRW-ARDR,2026-09-05,398,1440,0.2763888888888889
KRW-ARK,2026-09-05,315,1440,0.21875
KRW-ARKM,2026-09-05,129,1440,0.08958333333333333
KRW-ARX,2026-09-05,431,1440,0.29930555555555555
KRW-ASTR,2026-09-05,218,1440,0.15138888888888888
KRW-ATH,2026-09-05,666,1440,0.4625
KRW-ATOM,2026-09-05,463,1440,0.3215277777777778
KRW-AUCTION,2026-09-05,171,1440,0.11875
KRW-AVAX,2026-09-05,590,1440,0.4097222222222222
KRW-AVNT,2026-09-05,338,1440,0.23472222222222222
KRW-AWE,2026-09-05,274,1440,0.19027777777777777
KRW-AXL,2026-09-05,330,1440,0.22916666666666666
KRW-AXS,2026-09-05,445,1440,0.3090277777777778
KRW-AZTEC,2026-09-05,1185,1440,0.8229166666666666
KRW-B3,2026-09-05,278,1440,0.19305555555555556
KRW-BABY,2026-09-05,189,1440,0.13125
KRW-BARD,2026-09-05,232,1440,0.16111111111111112
KRW-BAT,2026-09-05,123,1440,0.08541666666666667
KRW-BCH,2026-09-05,748,1440,0.5194444444444445
KRW-BEAM,2026-09-05,162,1440,0.1125
KRW-BERA,2026-09-05,417,1440,0.28958333333333336
KRW-BFC,2026-09-05,0,1440,0.0
KRW-BIGTIME,2026-09-05,420,1440,0.2916666666666667
KRW-BIO,2026-09-05,160,1440,0.1111111111111111
KRW-BIRB,2026-09-05,427,1440,0.2965277777777778
KRW-BLAST,2026-09-05,191,1440,0.1326388888888889
KRW-BLEND,2026-09-05,164,1440,0.11388888888888889
KRW-BLUR,2026-09-05,183,1440,0.12708333333333333
KRW-BORA,2026-09-05,366,1440,0.25416666666666665
KRW-BOUNTY,2026-09-05,118,1440,0.08194444444444444
KRW-BREV,2026-09-05,189,1440,0.13125
KRW-BSB,2026-09-05,137,1440,0.09513888888888888
KRW-BSV,2026-09-05,365,1440,0.2534722222222222
KRW-BTT,2026-09-05,319,1440,0.22152777777777777
KRW-CAP,2026-09-05,1306,1440,0.9069444444444444
KRW-CARV,2026-09-05,263,1440,0.18263888888888888
KRW-CBK,2026-09-05,120,1440,0.08333333333333333
KRW-CC,2026-09-05,257,1440,0.17847222222222223
KRW-CELO,2026-09-05,213,1440,0.14791666666666667
KRW-CFG,2026-09-05,342,1440,0.2375
KRW-CFX,2026-09-05,78,1440,0.05416666666666667
KRW-CHIP,2026-09-05,1370,1440,0.9513888888888888
KRW-CHZ,2026-09-05,306,1440,0.2125
KRW-CKB,2026-09-05,250,1440,0.1736111111111111
KRW-COMP,2026-09-05,116,1440,0.08055555555555556
KRW-COW,2026-09-05,141,1440,0.09791666666666667
KRW-CP,2026-09-05,0,1440,0.0
KRW-CPOOL,2026-09-05,222,1440,0.15416666666666667
KRW-CRO,2026-09-05,361,1440,0.25069444444444444
KRW-CRV,2026-09-05,420,1440,0.2916666666666667
KRW-CTC,2026-09-05,319,1440,0.22152777777777777
KRW-CVC,2026-09-05,270,1440,0.1875
KRW-CYBER,2026-09-05,128,1440,0.08888888888888889
KRW-DATA,2026-09-05,760,1440,0.5277777777777778
KRW-DEEP,2026-09-05,381,1440,0.26458333333333334
KRW-DKA,2026-09-05,226,1440,0.15694444444444444
KRW-DOOD,2026-09-05,441,1440,0.30625
KRW-DOS,2026-09-05,771,1440,0.5354166666666667
KRW-DOT,2026-09-05,515,1440,0.3576388888888889
KRW-DRV,2026-09-05,992,1440,0.6888888888888889
KRW-EDGE,2026-09-05,431,1440,0.29930555555555555
KRW-EGLD,2026-09-05,520,1440,0.3611111111111111
KRW-ELF,2026-09-05,560,1440,0.3888888888888889
KRW-ELSA,2026-09-05,1113,1440,0.7729166666666667
KRW-ENA,2026-09-05,1040,1440,0.7222222222222222
KRW-ENS,2026-09-05,891,1440,0.61875
KRW-ENSO,2026-09-05,544,1440,0.37777777777777777
KRW-ERA,2026-09-05,331,1440,0.2298611111111111
KRW-ESP,2026-09-05,349,1440,0.2423611111111111
KRW-ETC,2026-09-05,713,1440,0.4951388888888889
KRW-ETHFI,2026-09-05,279,1440,0.19375
KRW-EUL,2026-09-05,566,1440,0.39305555555555555
KRW-EURC,2026-09-05,64,1440,0.044444444444444446
KRW-F,2026-09-05,172,1440,0.11944444444444445
KRW-FCT2,2026-09-05,96,1440,0.06666666666666667
KRW-FF,2026-09-05,647,1440,0.44930555555555557
KRW-FIL,2026-09-05,421,1440,0.2923611111111111
KRW-FLOCK,2026-09-05,1439,1440,0.9993055555555556
KRW-FLUID,2026-09-05,137,1440,0.09513888888888888
KRW-FOLD,2026-09-05,980,1440,0.6805555555555556
KRW-G,2026-09-05,176,1440,0.12222222222222222
KRW-GAME2,2026-09-05,130,1440,0.09027777777777778
KRW-GAS,2026-09-05,429,1440,0.29791666666666666
KRW-GEOD,2026-09-05,824,1440,0.5722222222222222
KRW-GLM,2026-09-05,151,1440,0.10486111111111111
KRW-GMT,2026-09-05,180,1440,0.125
KRW-GRT,2026-09-05,262,1440,0.18194444444444444
KRW-GRVT,2026-09-05,371,1440,0.25763888888888886
KRW-HBAR,2026-09-05,638,1440,0.44305555555555554
KRW-HIVE,2026-09-05,631,1440,0.43819444444444444
KRW-HOLO,2026-09-05,621,1440,0.43125
KRW-HOME,2026-09-05,517,1440,0.3590277777777778
KRW-HP,2026-09-05,97,1440,0.06736111111111111
KRW-HUNT,2026-09-05,90,1440,0.0625
KRW-HYPER,2026-09-05,346,1440,0.24027777777777778
KRW-ICP,2026-09-05,591,1440,0.41041666666666665
KRW-ICX,2026-09-05,569,1440,0.3951388888888889
KRW-ID,2026-09-05,431,1440,0.29930555555555555
KRW-IMX,2026-09-05,99,1440,0.06875
KRW-IN,2026-09-05,537,1440,0.3729166666666667
KRW-INJ,2026-09-05,467,1440,0.32430555555555557
KRW-IO,2026-09-05,84,1440,0.058333333333333334
KRW-IOST,2026-09-05,312,1440,0.21666666666666667
KRW-IOTA,2026-09-05,342,1440,0.2375
KRW-IQ,2026-09-05,182,1440,0.12638888888888888
KRW-IRYS,2026-09-05,406,1440,0.28194444444444444
KRW-JPYC,2026-09-05,0,1440,0.0
KRW-JST,2026-09-05,133,1440,0.09236111111111112
KRW-JTO,2026-09-05,731,1440,0.5076388888888889
KRW-JUP,2026-09-05,340,1440,0.2361111111111111
KRW-KAITO,2026-09-05,485,1440,0.3368055555555556
KRW-KAT,2026-09-05,321,1440,0.22291666666666668
KRW-KAVA,2026-09-05,151,1440,0.10486111111111111
KRW-KERNEL,2026-09-05,222,1440,0.15416666666666667
KRW-KITE,2026-09-05,471,1440,0.32708333333333334
KRW-KMNO,2026-09-05,78,1440,0.05416666666666667
KRW-KNC,2026-09-05,79,1440,0.05486111111111111
KRW-LA,2026-09-05,1348,1440,0.9361111111111111
KRW-LAYER,2026-09-05,313,1440,0.21736111111111112
KRW-LINEA,2026-09-05,132,1440,0.09166666666666666
KRW-LINK,2026-09-05,939,1440,0.6520833333333333
KRW-LIT,2026-09-05,961,1440,0.6673611111111111
KRW-LPT,2026-09-05,768,1440,0.5333333333333333
KRW-LSK,2026-09-05,237,1440,0.16458333333333333
KRW-MANA,2026-09-05,165,1440,0.11458333333333333
KRW-MANTRA,2026-09-05,389,1440,0.2701388888888889
KRW-MASK,2026-09-05,103,1440,0.07152777777777777
KRW-MBL,2026-09-05,193,1440,0.13402777777777777
KRW-ME,2026-09-05,343,1440,0.23819444444444443
KRW-MED,2026-09-05,116,1440,0.08055555555555556
KRW-MEGA,2026-09-05,242,1440,0.16805555555555557
KRW-MET2,2026-09-05,187,1440,0.12986111111111112
KRW-META,2026-09-05,71,1440,0.049305555555555554
KRW-META2,2026-09-05,954,1440,0.6625
KRW-MEW,2026-09-05,243,1440,0.16875
KRW-MINA,2026-09-05,273,1440,0.18958333333333333
KRW-MIRA,2026-09-05,856,1440,0.5944444444444444
KRW-MLK,2026-09-05,294,1440,0.20416666666666666
KRW-MMT,2026-09-05,384,1440,0.26666666666666666
KRW-MNT,2026-09-05,162,1440,0.1125
KRW-MOC,2026-09-05,183,1440,0.12708333333333333
KRW-MOCA,2026-09-05,93,1440,0.06458333333333334
KRW-MON,2026-09-05,471,1440,0.32708333333333334
KRW-MOODENG,2026-09-05,293,1440,0.20347222222222222
KRW-MORPHO,2026-09-05,408,1440,0.2833333333333333
KRW-MOVE,2026-09-05,457,1440,0.3173611111111111
KRW-MTL,2026-09-05,109,1440,0.07569444444444444
KRW-MVL,2026-09-05,65,1440,0.04513888888888889
KRW-NCT,2026-09-05,439,1440,0.30486111111111114
KRW-NEAR,2026-09-05,1388,1440,0.9638888888888889
KRW-NEO,2026-09-05,228,1440,0.15833333333333333
KRW-NEWT,2026-09-05,246,1440,0.17083333333333334
KRW-NXPC,2026-09-05,152,1440,0.10555555555555556
KRW-O,2026-09-05,399,1440,0.27708333333333335
KRW-ONDO,2026-09-05,1256,1440,0.8722222222222222
KRW-ONG,2026-09-05,895,1440,0.6215277777777778
KRW-ONT,2026-09-05,626,1440,0.43472222222222223
KRW-OP,2026-09-05,183,1440,0.12708333333333333
KRW-OPEN,2026-09-05,483,1440,0.33541666666666664
KRW-OPG,2026-09-05,235,1440,0.16319444444444445
KRW-ORBS,2026-09-05,119,1440,0.08263888888888889
KRW-ORCA,2026-09-05,199,1440,0.13819444444444445
KRW-ORDER,2026-09-05,203,1440,0.14097222222222222
KRW-PENDLE,2026-09-05,271,1440,0.18819444444444444
KRW-PENGU,2026-09-05,522,1440,0.3625
KRW-PEPE,2026-09-05,711,1440,0.49375
KRW-PIEVERSE,2026-09-05,727,1440,0.5048611111111111
KRW-PLUME,2026-09-05,304,1440,0.2111111111111111
KRW-POKT,2026-09-05,249,1440,0.17291666666666666
KRW-POL,2026-09-05,431,1440,0.29930555555555555
KRW-POLYX,2026-09-05,267,1440,0.18541666666666667
KRW-POWR,2026-09-05,286,1440,0.1986111111111111
KRW-PRL,2026-09-05,723,1440,0.5020833333333333
KRW-PROM,2026-09-05,1183,1440,0.8215277777777777
KRW-PROS,2026-09-05,189,1440,0.13125
KRW-PROVE,2026-09-05,106,1440,0.07361111111111111
KRW-PUMP,2026-09-05,598,1440,0.4152777777777778
KRW-PUNDIX,2026-09-05,316,1440,0.21944444444444444
KRW-PYTH,2026-09-05,290,1440,0.2013888888888889
KRW-PYUSD,2026-09-05,0,1440,0.0
KRW-QKC,2026-09-05,123,1440,0.08541666666666667
KRW-QTUM,2026-09-05,231,1440,0.16041666666666668
KRW-QUID,2026-09-05,831,1440,0.5770833333333333
KRW-RAY,2026-09-05,131,1440,0.09097222222222222
KRW-RE,2026-09-05,869,1440,0.6034722222222222
KRW-RED,2026-09-05,399,1440,0.27708333333333335
KRW-RENDER,2026-09-05,375,1440,0.2604166666666667
KRW-RLUSD,2026-09-05,36,1440,0.025
KRW-RVN,2026-09-05,858,1440,0.5958333333333333
KRW-SAFE,2026-09-05,139,1440,0.09652777777777778
KRW-SAHARA,2026-09-05,895,1440,0.6215277777777778
KRW-SAND,2026-09-05,814,1440,0.5652777777777778
KRW-SC,2026-09-05,628,1440,0.4361111111111111
KRW-SEI,2026-09-05,583,1440,0.4048611111111111
KRW-SENT,2026-09-05,137,1440,0.09513888888888888
KRW-SHIB,2026-09-05,1189,1440,0.8256944444444444
KRW-SIGN,2026-09-05,891,1440,0.61875
KRW-SKR,2026-09-05,1395,1440,0.96875
KRW-SKY,2026-09-05,163,1440,0.11319444444444444
KRW-SLX,2026-09-05,907,1440,0.6298611111111111
KRW-SNT,2026-09-05,333,1440,0.23125
KRW-SOMI,2026-09-05,212,1440,0.14722222222222223
KRW-SONIC,2026-09-05,330,1440,0.22916666666666666
KRW-SOON,2026-09-05,130,1440,0.09027777777777778
KRW-SOPH,2026-09-05,777,1440,0.5395833333333333
KRW-SPK,2026-09-05,512,1440,0.35555555555555557
KRW-SPX,2026-09-05,346,1440,0.24027777777777778
KRW-STEEM,2026-09-05,191,1440,0.1326388888888889
KRW-STRAX,2026-09-05,223,1440,0.15486111111111112
KRW-STX,2026-09-05,713,1440,0.4951388888888889
KRW-SUI,2026-09-05,1204,1440,0.8361111111111111
KRW-SUN,2026-09-05,93,1440,0.06458333333333334
KRW-SUPER,2026-09-05,52,1440,0.03611111111111111
KRW-SYRUP,2026-09-05,419,1440,0.29097222222222224
KRW-T,2026-09-05,886,1440,0.6152777777777778
KRW-TAIKO,2026-09-05,367,1440,0.2548611111111111
KRW-TAO,2026-09-05,680,1440,0.4722222222222222
KRW-TFUEL,2026-09-05,148,1440,0.10277777777777777
KRW-THETA,2026-09-05,105,1440,0.07291666666666667
KRW-TIA,2026-09-05,172,1440,0.11944444444444445
KRW-TOKAMAK,2026-09-05,187,1440,0.12986111111111112
KRW-TOSHI,2026-09-05,156,1440,0.10833333333333334
KRW-TRAC,2026-09-05,295,1440,0.2048611111111111
KRW-TREE,2026-09-05,520,1440,0.3611111111111111
KRW-TRUMP,2026-09-05,1396,1440,0.9694444444444444
KRW-TRUST,2026-09-05,241,1440,0.1673611111111111
KRW-UNI,2026-09-05,987,1440,0.6854166666666667
KRW-UP2,2026-09-05,247,1440,0.17152777777777778
KRW-USD1,2026-09-05,143,1440,0.09930555555555555
KRW-USDE,2026-09-05,20,1440,0.013888888888888888
KRW-USDG,2026-09-05,34,1440,0.02361111111111111
KRW-USDS,2026-09-05,10,1440,0.006944444444444444
KRW-VANA,2026-09-05,756,1440,0.525
KRW-VET,2026-09-05,326,1440,0.2263888888888889
KRW-VIRTUAL,2026-09-05,865,1440,0.6006944444444444
KRW-VTHO,2026-09-05,141,1440,0.09791666666666667
KRW-VVV,2026-09-05,304,1440,0.2111111111111111
KRW-W,2026-09-05,283,1440,0.19652777777777777
KRW-WAL,2026-09-05,380,1440,0.2638888888888889
KRW-WAVES,2026-09-05,325,1440,0.22569444444444445
KRW-WAXP,2026-09-05,218,1440,0.15138888888888888
KRW-WCT,2026-09-05,237,1440,0.16458333333333333
KRW-WET,2026-09-05,214,1440,0.1486111111111111
KRW-WIF,2026-09-05,116,1440,0.08055555555555556
KRW-WLD,2026-09-05,1076,1440,0.7472222222222222
KRW-WLFI,2026-09-05,496,1440,0.34444444444444444
KRW-XAUT,2026-09-05,213,1440,0.14791666666666667
KRW-XCN,2026-09-05,1313,1440,0.9118055555555555
KRW-XEC,2026-09-05,261,1440,0.18125
KRW-XLM,2026-09-05,1107,1440,0.76875
KRW-XPL,2026-09-05,629,1440,0.43680555555555556
KRW-XTZ,2026-09-05,157,1440,0.10902777777777778
KRW-YGG,2026-09-05,182,1440,0.12638888888888888
KRW-ZAMA,2026-09-05,309,1440,0.21458333333333332
KRW-ZBT,2026-09-05,341,1440,0.23680555555555555
KRW-ZETA,2026-09-05,146,1440,0.10138888888888889
KRW-ZIL,2026-09-05,305,1440,0.21180555555555555
KRW-ZK,2026-09-05,822,1440,0.5708333333333333
KRW-ZKC,2026-09-05,779,1440,0.5409722222222222
KRW-ZKP,2026-09-05,1026,1440,0.7125
KRW-ZORA,2026-09-05,1235,1440,0.8576388888888888
KRW-ZRO,2026-09-05,442,1440,0.30694444444444446
KRW-ZRX,2026-09-05,170,1440,0.11805555555555555
KRW-0G,2026-09-06,807,1440,0.5604166666666667
KRW-1INCH,2026-09-06,304,1440,0.2111111111111111
KRW-2Z,2026-09-06,439,1440,0.30486111111111114
KRW-A,2026-09-06,228,1440,0.15833333333333333
KRW-AAVE,2026-09-06,857,1440,0.5951388888888889
KRW-AERO,2026-09-06,451,1440,0.31319444444444444
KRW-AGLD,2026-09-06,186,1440,0.12916666666666668
KRW-AHT,2026-09-06,135,1440,0.09375
KRW-AI,2026-09-06,196,1440,0.1361111111111111
KRW-AKT,2026-09-06,545,1440,0.3784722222222222
KRW-ALGO,2026-09-06,479,1440,0.3326388888888889
KRW-ALT,2026-09-06,123,1440,0.08541666666666667
KRW-ANIME,2026-09-06,349,1440,0.2423611111111111
KRW-ANKR,2026-09-06,424,1440,0.29444444444444445
KRW-API3,2026-09-06,189,1440,0.13125
KRW-APT,2026-09-06,829,1440,0.5756944444444444
KRW-ARB,2026-09-06,1333,1440,0.9256944444444445
KRW-ARDR,2026-09-06,297,1440,0.20625
KRW-ARK,2026-09-06,201,1440,0.13958333333333334
KRW-ARKM,2026-09-06,137,1440,0.09513888888888888
KRW-ARX,2026-09-06,609,1440,0.42291666666666666
KRW-ASTR,2026-09-06,240,1440,0.16666666666666666
KRW-ATH,2026-09-06,404,1440,0.28055555555555556
KRW-ATOM,2026-09-06,572,1440,0.3972222222222222
KRW-AUCTION,2026-09-06,215,1440,0.14930555555555555
KRW-AVAX,2026-09-06,878,1440,0.6097222222222223
KRW-AVNT,2026-09-06,296,1440,0.20555555555555555
KRW-AWE,2026-09-06,276,1440,0.19166666666666668
KRW-AXL,2026-09-06,272,1440,0.18888888888888888
KRW-AXS,2026-09-06,523,1440,0.36319444444444443
KRW-AZTEC,2026-09-06,639,1440,0.44375
KRW-B3,2026-09-06,323,1440,0.22430555555555556
KRW-BABY,2026-09-06,181,1440,0.12569444444444444
KRW-BARD,2026-09-06,354,1440,0.24583333333333332
KRW-BAT,2026-09-06,239,1440,0.16597222222222222
KRW-BCH,2026-09-06,943,1440,0.6548611111111111
KRW-BEAM,2026-09-06,207,1440,0.14375
KRW-BERA,2026-09-06,433,1440,0.30069444444444443
KRW-BFC,2026-09-06,0,1440,0.0
KRW-BIGTIME,2026-09-06,430,1440,0.2986111111111111
KRW-BIO,2026-09-06,169,1440,0.11736111111111111
KRW-BIRB,2026-09-06,402,1440,0.2791666666666667
KRW-BLAST,2026-09-06,253,1440,0.17569444444444443
KRW-BLEND,2026-09-06,343,1440,0.23819444444444443
KRW-BLUR,2026-09-06,274,1440,0.19027777777777777
KRW-BORA,2026-09-06,284,1440,0.19722222222222222
KRW-BOUNTY,2026-09-06,149,1440,0.10347222222222222
KRW-BREV,2026-09-06,259,1440,0.1798611111111111
KRW-BSB,2026-09-06,197,1440,0.13680555555555557
KRW-BSV,2026-09-06,251,1440,0.17430555555555555
KRW-BTT,2026-09-06,383,1440,0.2659722222222222
KRW-CAP,2026-09-06,1131,1440,0.7854166666666667
KRW-CARV,2026-09-06,237,1440,0.16458333333333333
KRW-CBK,2026-09-06,187,1440,0.12986111111111112
KRW-CC,2026-09-06,298,1440,0.20694444444444443
KRW-CELO,2026-09-06,225,1440,0.15625
KRW-CFG,2026-09-06,413,1440,0.28680555555555554
KRW-CFX,2026-09-06,129,1440,0.08958333333333333
KRW-CHIP,2026-09-06,1320,1440,0.9166666666666666
KRW-CHZ,2026-09-06,406,1440,0.28194444444444444
KRW-CKB,2026-09-06,235,1440,0.16319444444444445
KRW-COMP,2026-09-06,223,1440,0.15486111111111112
KRW-COW,2026-09-06,152,1440,0.10555555555555556
KRW-CP,2026-09-06,0,1440,0.0
KRW-CPOOL,2026-09-06,225,1440,0.15625
KRW-CRO,2026-09-06,437,1440,0.3034722222222222
KRW-CRV,2026-09-06,607,1440,0.4215277777777778
KRW-CTC,2026-09-06,447,1440,0.3104166666666667
KRW-CVC,2026-09-06,263,1440,0.18263888888888888
KRW-CYBER,2026-09-06,179,1440,0.12430555555555556
KRW-DATA,2026-09-06,721,1440,0.5006944444444444
KRW-DEEP,2026-09-06,450,1440,0.3125
KRW-DKA,2026-09-06,183,1440,0.12708333333333333
KRW-DOOD,2026-09-06,854,1440,0.5930555555555556
KRW-DOS,2026-09-06,738,1440,0.5125
KRW-DOT,2026-09-06,677,1440,0.4701388888888889
KRW-DRV,2026-09-06,1279,1440,0.8881944444444444
KRW-EDGE,2026-09-06,440,1440,0.3055555555555556
KRW-EGLD,2026-09-06,399,1440,0.27708333333333335
KRW-ELF,2026-09-06,352,1440,0.24444444444444444
KRW-ELSA,2026-09-06,1077,1440,0.7479166666666667
KRW-ENA,2026-09-06,1278,1440,0.8875
KRW-ENS,2026-09-06,1086,1440,0.7541666666666667
KRW-ENSO,2026-09-06,756,1440,0.525
KRW-ERA,2026-09-06,362,1440,0.2513888888888889
KRW-ESP,2026-09-06,271,1440,0.18819444444444444
KRW-ETC,2026-09-06,794,1440,0.5513888888888889
KRW-ETHFI,2026-09-06,489,1440,0.33958333333333335
KRW-EUL,2026-09-06,500,1440,0.3472222222222222
KRW-EURC,2026-09-06,48,1440,0.03333333333333333
KRW-F,2026-09-06,238,1440,0.16527777777777777
KRW-FCT2,2026-09-06,96,1440,0.06666666666666667
KRW-FF,2026-09-06,638,1440,0.44305555555555554
KRW-FIL,2026-09-06,650,1440,0.4513888888888889
KRW-FLOCK,2026-09-06,1440,1440,1.0
KRW-FLUID,2026-09-06,147,1440,0.10208333333333333
KRW-FOLD,2026-09-06,867,1440,0.6020833333333333
KRW-G,2026-09-06,147,1440,0.10208333333333333
KRW-GAME2,2026-09-06,151,1440,0.10486111111111111
KRW-GAS,2026-09-06,442,1440,0.30694444444444446
KRW-GEOD,2026-09-06,546,1440,0.37916666666666665
KRW-GLM,2026-09-06,132,1440,0.09166666666666666
KRW-GMT,2026-09-06,170,1440,0.11805555555555555
KRW-GRT,2026-09-06,766,1440,0.5319444444444444
KRW-GRVT,2026-09-06,397,1440,0.27569444444444446
KRW-HBAR,2026-09-06,687,1440,0.47708333333333336
KRW-HIVE,2026-09-06,523,1440,0.36319444444444443
KRW-HOLO,2026-09-06,558,1440,0.3875
KRW-HOME,2026-09-06,365,1440,0.2534722222222222
KRW-HP,2026-09-06,180,1440,0.125
KRW-HUNT,2026-09-06,146,1440,0.10138888888888889
KRW-HYPER,2026-09-06,299,1440,0.2076388888888889
KRW-ICP,2026-09-06,465,1440,0.3229166666666667
KRW-ICX,2026-09-06,536,1440,0.37222222222222223
KRW-ID,2026-09-06,393,1440,0.27291666666666664
KRW-IMX,2026-09-06,456,1440,0.31666666666666665
KRW-IN,2026-09-06,478,1440,0.33194444444444443
KRW-INJ,2026-09-06,423,1440,0.29375
KRW-IO,2026-09-06,165,1440,0.11458333333333333
KRW-IOST,2026-09-06,1342,1440,0.9319444444444445
KRW-IOTA,2026-09-06,602,1440,0.41805555555555557
KRW-IQ,2026-09-06,330,1440,0.22916666666666666
KRW-IRYS,2026-09-06,218,1440,0.15138888888888888
KRW-JPYC,2026-09-06,0,1440,0.0
KRW-JST,2026-09-06,147,1440,0.10208333333333333
KRW-JTO,2026-09-06,896,1440,0.6222222222222222
KRW-JUP,2026-09-06,857,1440,0.5951388888888889
KRW-KAITO,2026-09-06,373,1440,0.2590277777777778
KRW-KAT,2026-09-06,387,1440,0.26875
KRW-KAVA,2026-09-06,206,1440,0.14305555555555555
KRW-KERNEL,2026-09-06,228,1440,0.15833333333333333
KRW-KITE,2026-09-06,567,1440,0.39375
KRW-KMNO,2026-09-06,89,1440,0.06180555555555556
KRW-KNC,2026-09-06,69,1440,0.04791666666666667
KRW-LA,2026-09-06,1346,1440,0.9347222222222222
KRW-LAYER,2026-09-06,452,1440,0.3138888888888889
KRW-LINEA,2026-09-06,333,1440,0.23125
KRW-LINK,2026-09-06,1178,1440,0.8180555555555555
KRW-LIT,2026-09-06,701,1440,0.48680555555555555
KRW-LPT,2026-09-06,362,1440,0.2513888888888889
KRW-LSK,2026-09-06,169,1440,0.11736111111111111
KRW-MANA,2026-09-06,190,1440,0.13194444444444445
KRW-MANTRA,2026-09-06,279,1440,0.19375
KRW-MASK,2026-09-06,191,1440,0.1326388888888889
KRW-MBL,2026-09-06,210,1440,0.14583333333333334
KRW-ME,2026-09-06,464,1440,0.32222222222222224
KRW-MED,2026-09-06,161,1440,0.11180555555555556
KRW-MEGA,2026-09-06,302,1440,0.20972222222222223
KRW-MET2,2026-09-06,499,1440,0.34652777777777777
KRW-META,2026-09-06,88,1440,0.06111111111111111
KRW-META2,2026-09-06,719,1440,0.49930555555555556
KRW-MEW,2026-09-06,458,1440,0.31805555555555554
KRW-MINA,2026-09-06,231,1440,0.16041666666666668
KRW-MIRA,2026-09-06,696,1440,0.48333333333333334
KRW-MLK,2026-09-06,316,1440,0.21944444444444444
KRW-MMT,2026-09-06,384,1440,0.26666666666666666
KRW-MNT,2026-09-06,323,1440,0.22430555555555556
KRW-MOC,2026-09-06,302,1440,0.20972222222222223
KRW-MOCA,2026-09-06,139,1440,0.09652777777777778
KRW-MON,2026-09-06,623,1440,0.4326388888888889
KRW-MOODENG,2026-09-06,785,1440,0.5451388888888888
KRW-MORPHO,2026-09-06,497,1440,0.3451388888888889
KRW-MOVE,2026-09-06,474,1440,0.32916666666666666
KRW-MTL,2026-09-06,112,1440,0.07777777777777778
KRW-MVL,2026-09-06,90,1440,0.0625
KRW-NCT,2026-09-06,362,1440,0.2513888888888889
KRW-NEAR,2026-09-06,1355,1440,0.9409722222222222
KRW-NEO,2026-09-06,242,1440,0.16805555555555557
KRW-NEWT,2026-09-06,243,1440,0.16875
KRW-NXPC,2026-09-06,192,1440,0.13333333333333333
KRW-O,2026-09-06,460,1440,0.3194444444444444
KRW-ONDO,2026-09-06,1271,1440,0.8826388888888889
KRW-ONG,2026-09-06,827,1440,0.5743055555555555
KRW-ONT,2026-09-06,497,1440,0.3451388888888889
KRW-OP,2026-09-06,501,1440,0.34791666666666665
KRW-OPEN,2026-09-06,284,1440,0.19722222222222222
KRW-OPG,2026-09-06,162,1440,0.1125
KRW-ORBS,2026-09-06,133,1440,0.09236111111111112
KRW-ORCA,2026-09-06,736,1440,0.5111111111111111
KRW-ORDER,2026-09-06,180,1440,0.125
KRW-PENDLE,2026-09-06,624,1440,0.43333333333333335
KRW-PENGU,2026-09-06,557,1440,0.38680555555555557
KRW-PEPE,2026-09-06,703,1440,0.48819444444444443
KRW-PIEVERSE,2026-09-06,553,1440,0.3840277777777778
KRW-PLUME,2026-09-06,433,1440,0.30069444444444443
KRW-POKT,2026-09-06,248,1440,0.17222222222222222
KRW-POL,2026-09-06,663,1440,0.46041666666666664
KRW-POLYX,2026-09-06,363,1440,0.2520833333333333
KRW-POWR,2026-09-06,215,1440,0.14930555555555555
KRW-PRL,2026-09-06,782,1440,0.5430555555555555
KRW-PROM,2026-09-06,1197,1440,0.83125
KRW-PROS,2026-09-06,173,1440,0.12013888888888889
KRW-PROVE,2026-09-06,99,1440,0.06875
KRW-PUMP,2026-09-06,1023,1440,0.7104166666666667
KRW-PUNDIX,2026-09-06,222,1440,0.15416666666666667
KRW-PYTH,2026-09-06,536,1440,0.37222222222222223
KRW-PYUSD,2026-09-06,0,1440,0.0
KRW-QKC,2026-09-06,110,1440,0.0763888888888889
KRW-QTUM,2026-09-06,249,1440,0.17291666666666666
KRW-QUID,2026-09-06,964,1440,0.6694444444444444
KRW-RAY,2026-09-06,1027,1440,0.7131944444444445
KRW-RE,2026-09-06,718,1440,0.4986111111111111
KRW-RED,2026-09-06,284,1440,0.19722222222222222
KRW-RENDER,2026-09-06,485,1440,0.3368055555555556
KRW-RLUSD,2026-09-06,50,1440,0.034722222222222224
KRW-RVN,2026-09-06,833,1440,0.5784722222222223
KRW-SAFE,2026-09-06,127,1440,0.08819444444444445
KRW-SAHARA,2026-09-06,842,1440,0.5847222222222223
KRW-SAND,2026-09-06,734,1440,0.5097222222222222
KRW-SC,2026-09-06,542,1440,0.3763888888888889
KRW-SEI,2026-09-06,725,1440,0.5034722222222222
KRW-SENT,2026-09-06,93,1440,0.06458333333333334
KRW-SHIB,2026-09-06,1240,1440,0.8611111111111112
KRW-SIGN,2026-09-06,647,1440,0.44930555555555557
KRW-SKR,2026-09-06,1315,1440,0.9131944444444444
KRW-SKY,2026-09-06,170,1440,0.11805555555555555
KRW-SLX,2026-09-06,889,1440,0.6173611111111111
KRW-SNT,2026-09-06,345,1440,0.23958333333333334
KRW-SOMI,2026-09-06,393,1440,0.27291666666666664
KRW-SONIC,2026-09-06,371,1440,0.25763888888888886
KRW-SOON,2026-09-06,187,1440,0.12986111111111112
KRW-SOPH,2026-09-06,1385,1440,0.9618055555555556
KRW-SPK,2026-09-06,813,1440,0.5645833333333333
KRW-SPX,2026-09-06,239,1440,0.16597222222222222
KRW-STEEM,2026-09-06,201,1440,0.13958333333333334
KRW-STRAX,2026-09-06,224,1440,0.15555555555555556
KRW-STX,2026-09-06,815,1440,0.5659722222222222
KRW-SUI,2026-09-06,1355,1440,0.9409722222222222
KRW-SUN,2026-09-06,90,1440,0.0625
KRW-SUPER,2026-09-06,91,1440,0.06319444444444444
KRW-SYRUP,2026-09-06,342,1440,0.2375
KRW-T,2026-09-06,1100,1440,0.7638888888888888
KRW-TAIKO,2026-09-06,447,1440,0.3104166666666667
KRW-TAO,2026-09-06,763,1440,0.5298611111111111
KRW-TFUEL,2026-09-06,97,1440,0.06736111111111111
KRW-THETA,2026-09-06,129,1440,0.08958333333333333
KRW-TIA,2026-09-06,348,1440,0.24166666666666667
KRW-TOKAMAK,2026-09-06,189,1440,0.13125
KRW-TOSHI,2026-09-06,347,1440,0.24097222222222223
KRW-TRAC,2026-09-06,419,1440,0.29097222222222224
KRW-TREE,2026-09-06,446,1440,0.30972222222222223
KRW-TRUMP,2026-09-06,1394,1440,0.9680555555555556
KRW-TRUST,2026-09-06,234,1440,0.1625
KRW-UNI,2026-09-06,1355,1440,0.9409722222222222
KRW-UP2,2026-09-06,457,1440,0.3173611111111111
KRW-USD1,2026-09-06,172,1440,0.11944444444444445
KRW-USDE,2026-09-06,33,1440,0.022916666666666665
KRW-USDG,2026-09-06,20,1440,0.013888888888888888
KRW-USDS,2026-09-06,17,1440,0.011805555555555555
KRW-VANA,2026-09-06,527,1440,0.3659722222222222
KRW-VET,2026-09-06,396,1440,0.275
KRW-VIRTUAL,2026-09-06,884,1440,0.6138888888888889
KRW-VTHO,2026-09-06,157,1440,0.10902777777777778
KRW-VVV,2026-09-06,250,1440,0.1736111111111111
KRW-W,2026-09-06,317,1440,0.22013888888888888
KRW-WAL,2026-09-06,393,1440,0.27291666666666664
KRW-WAVES,2026-09-06,354,1440,0.24583333333333332
KRW-WAXP,2026-09-06,227,1440,0.15763888888888888
KRW-WCT,2026-09-06,211,1440,0.14652777777777778
KRW-WET,2026-09-06,234,1440,0.1625
KRW-WIF,2026-09-06,91,1440,0.06319444444444444
KRW-WLD,2026-09-06,1100,1440,0.7638888888888888
KRW-WLFI,2026-09-06,544,1440,0.37777777777777777
KRW-XAUT,2026-09-06,320,1440,0.2222222222222222
KRW-XCN,2026-09-06,783,1440,0.54375
KRW-XEC,2026-09-06,361,1440,0.25069444444444444
KRW-XLM,2026-09-06,1170,1440,0.8125
KRW-XPL,2026-09-06,623,1440,0.4326388888888889
KRW-XTZ,2026-09-06,230,1440,0.1597222222222222
KRW-YGG,2026-09-06,216,1440,0.15
KRW-ZAMA,2026-09-06,638,1440,0.44305555555555554
KRW-ZBT,2026-09-06,399,1440,0.27708333333333335
KRW-ZETA,2026-09-06,218,1440,0.15138888888888888
KRW-ZIL,2026-09-06,286,1440,0.1986111111111111
KRW-ZK,2026-09-06,746,1440,0.5180555555555556
KRW-ZKC,2026-09-06,725,1440,0.5034722222222222
KRW-ZKP,2026-09-06,696,1440,0.48333333333333334
KRW-ZORA,2026-09-06,945,1440,0.65625
KRW-ZRO,2026-09-06,708,1440,0.49166666666666664
KRW-ZRX,2026-09-06,176,1440,0.12222222222222222
KRW-0G,2026-09-07,761,1440,0.5284722222222222
KRW-1INCH,2026-09-07,214,1440,0.1486111111111111
KRW-2Z,2026-09-07,376,1440,0.2611111111111111
KRW-A,2026-09-07,250,1440,0.1736111111111111
KRW-AAVE,2026-09-07,830,1440,0.5763888888888888
KRW-AERO,2026-09-07,298,1440,0.20694444444444443
KRW-AGLD,2026-09-07,172,1440,0.11944444444444445
KRW-AHT,2026-09-07,359,1440,0.24930555555555556
KRW-AI,2026-09-07,387,1440,0.26875
KRW-AKT,2026-09-07,525,1440,0.3645833333333333
KRW-ALGO,2026-09-07,509,1440,0.35347222222222224
KRW-ALT,2026-09-07,168,1440,0.11666666666666667
KRW-ANIME,2026-09-07,413,1440,0.28680555555555554
KRW-ANKR,2026-09-07,422,1440,0.29305555555555557
KRW-API3,2026-09-07,261,1440,0.18125
KRW-APT,2026-09-07,739,1440,0.5131944444444444
KRW-ARB,2026-09-07,1374,1440,0.9541666666666667
KRW-ARDR,2026-09-07,281,1440,0.1951388888888889
KRW-ARK,2026-09-07,172,1440,0.11944444444444445
KRW-ARKM,2026-09-07,336,1440,0.23333333333333334
KRW-ARX,2026-09-07,1204,1440,0.8361111111111111
KRW-ASTR,2026-09-07,621,1440,0.43125
KRW-ATH,2026-09-07,517,1440,0.3590277777777778
KRW-ATOM,2026-09-07,607,1440,0.4215277777777778
KRW-AUCTION,2026-09-07,421,1440,0.2923611111111111
KRW-AVAX,2026-09-07,1036,1440,0.7194444444444444
KRW-AVNT,2026-09-07,466,1440,0.3236111111111111
KRW-AWE,2026-09-07,229,1440,0.15902777777777777
KRW-AXL,2026-09-07,387,1440,0.26875
KRW-AXS,2026-09-07,505,1440,0.3506944444444444
KRW-AZTEC,2026-09-07,381,1440,0.26458333333333334
KRW-B3,2026-09-07,382,1440,0.2652777777777778
KRW-BABY,2026-09-07,152,1440,0.10555555555555556
KRW-BARD,2026-09-07,532,1440,0.36944444444444446
KRW-BAT,2026-09-07,221,1440,0.15347222222222223
KRW-BCH,2026-09-07,868,1440,0.6027777777777777
KRW-BEAM,2026-09-07,341,1440,0.23680555555555555
KRW-BERA,2026-09-07,382,1440,0.2652777777777778
KRW-BFC,2026-09-07,0,1440,0.0
KRW-BIGTIME,2026-09-07,903,1440,0.6270833333333333
KRW-BIO,2026-09-07,222,1440,0.15416666666666667
KRW-BIRB,2026-09-07,370,1440,0.2569444444444444
KRW-BLAST,2026-09-07,294,1440,0.20416666666666666
KRW-BLEND,2026-09-07,401,1440,0.27847222222222223
KRW-BLUR,2026-09-07,320,1440,0.2222222222222222
KRW-BORA,2026-09-07,305,1440,0.21180555555555555
KRW-BOUNTY,2026-09-07,215,1440,0.14930555555555555
KRW-BREV,2026-09-07,199,1440,0.13819444444444445
KRW-BSB,2026-09-07,153,1440,0.10625
KRW-BSV,2026-09-07,339,1440,0.23541666666666666
KRW-BTT,2026-09-07,426,1440,0.29583333333333334
KRW-CAP,2026-09-07,1213,1440,0.8423611111111111
KRW-CARV,2026-09-07,349,1440,0.2423611111111111
KRW-CBK,2026-09-07,231,1440,0.16041666666666668
KRW-CC,2026-09-07,387,1440,0.26875
KRW-CELO,2026-09-07,268,1440,0.18611111111111112
KRW-CFG,2026-09-07,1012,1440,0.7027777777777777
KRW-CFX,2026-09-07,84,1440,0.058333333333333334
KRW-CHIP,2026-09-07,1075,1440,0.7465277777777778
KRW-CHZ,2026-09-07,397,1440,0.27569444444444446
KRW-CKB,2026-09-07,224,1440,0.15555555555555556
KRW-COMP,2026-09-07,200,1440,0.1388888888888889
KRW-COW,2026-09-07,119,1440,0.08263888888888889
KRW-CP,2026-09-07,0,1440,0.0
KRW-CPOOL,2026-09-07,341,1440,0.23680555555555555
KRW-CRO,2026-09-07,360,1440,0.25
KRW-CRV,2026-09-07,595,1440,0.4131944444444444
KRW-CTC,2026-09-07,692,1440,0.48055555555555557
KRW-CVC,2026-09-07,301,1440,0.20902777777777778
KRW-CYBER,2026-09-07,163,1440,0.11319444444444444
KRW-DATA,2026-09-07,772,1440,0.5361111111111111
KRW-DEEP,2026-09-07,425,1440,0.2951388888888889
KRW-DKA,2026-09-07,214,1440,0.1486111111111111
KRW-DOOD,2026-09-07,1429,1440,0.9923611111111111
KRW-DOS,2026-09-07,699,1440,0.48541666666666666
KRW-DOT,2026-09-07,881,1440,0.6118055555555556
KRW-DRV,2026-09-07,661,1440,0.45902777777777776
KRW-EDGE,2026-09-07,427,1440,0.2965277777777778
KRW-EGLD,2026-09-07,437,1440,0.3034722222222222
KRW-ELF,2026-09-07,229,1440,0.15902777777777777
KRW-ELSA,2026-09-07,753,1440,0.5229166666666667
KRW-ENA,2026-09-07,1251,1440,0.86875
KRW-ENS,2026-09-07,1050,1440,0.7291666666666666
KRW-ENSO,2026-09-07,427,1440,0.2965277777777778
KRW-ERA,2026-09-07,459,1440,0.31875
KRW-ESP,2026-09-07,211,1440,0.14652777777777778
KRW-ETC,2026-09-07,792,1440,0.55
KRW-ETHFI,2026-09-07,564,1440,0.39166666666666666
KRW-EUL,2026-09-07,498,1440,0.3458333333333333
KRW-EURC,2026-09-07,74,1440,0.05138888888888889
KRW-F,2026-09-07,340,1440,0.2361111111111111
KRW-FCT2,2026-09-07,111,1440,0.07708333333333334
KRW-FF,2026-09-07,343,1440,0.23819444444444443
KRW-FIL,2026-09-07,776,1440,0.5388888888888889
KRW-FLOCK,2026-09-07,1434,1440,0.9958333333333333
KRW-FLUID,2026-09-07,190,1440,0.13194444444444445
KRW-FOLD,2026-09-07,857,1440,0.5951388888888889
KRW-G,2026-09-07,206,1440,0.14305555555555555
KRW-GAME2,2026-09-07,733,1440,0.5090277777777777
KRW-GAS,2026-09-07,480,1440,0.3333333333333333
KRW-GEOD,2026-09-07,413,1440,0.28680555555555554
KRW-GLM,2026-09-07,156,1440,0.10833333333333334
KRW-GMT,2026-09-07,259,1440,0.1798611111111111
KRW-GRT,2026-09-07,545,1440,0.3784722222222222
KRW-GRVT,2026-09-07,730,1440,0.5069444444444444
KRW-HBAR,2026-09-07,672,1440,0.4666666666666667
KRW-HIVE,2026-09-07,440,1440,0.3055555555555556
KRW-HOLO,2026-09-07,412,1440,0.2861111111111111
KRW-HOME,2026-09-07,487,1440,0.33819444444444446
KRW-HP,2026-09-07,91,1440,0.06319444444444444
KRW-HUNT,2026-09-07,98,1440,0.06805555555555555
KRW-HYPER,2026-09-07,346,1440,0.24027777777777778
KRW-ICP,2026-09-07,731,1440,0.5076388888888889
KRW-ICX,2026-09-07,924,1440,0.6416666666666667
KRW-ID,2026-09-07,522,1440,0.3625
KRW-IMX,2026-09-07,285,1440,0.19791666666666666
KRW-IN,2026-09-07,403,1440,0.2798611111111111
KRW-INJ,2026-09-07,681,1440,0.47291666666666665
KRW-IO,2026-09-07,197,1440,0.13680555555555557
KRW-IOST,2026-09-07,1183,1440,0.8215277777777777
KRW-IOTA,2026-09-07,493,1440,0.3423611111111111
KRW-IQ,2026-09-07,338,1440,0.23472222222222222
KRW-IRYS,2026-09-07,496,1440,0.34444444444444444
KRW-JPYC,2026-09-07,0,1440,0.0
KRW-JST,2026-09-07,178,1440,0.12361111111111112
KRW-JTO,2026-09-07,971,1440,0.6743055555555556
KRW-JUP,2026-09-07,1154,1440,0.8013888888888889
KRW-KAITO,2026-09-07,494,1440,0.34305555555555556
KRW-KAT,2026-09-07,328,1440,0.22777777777777777
KRW-KAVA,2026-09-07,465,1440,0.3229166666666667
KRW-KERNEL,2026-09-07,210,1440,0.14583333333333334
KRW-KITE,2026-09-07,512,1440,0.35555555555555557
KRW-KMNO,2026-09-07,109,1440,0.07569444444444444
KRW-KNC,2026-09-07,208,1440,0.14444444444444443
KRW-LA,2026-09-07,1237,1440,0.8590277777777777
KRW-LAYER,2026-09-07,1008,1440,0.7
KRW-LINEA,2026-09-07,337,1440,0.23402777777777778
KRW-LINK,2026-09-07,1286,1440,0.8930555555555556
KRW-LIT,2026-09-07,645,1440,0.4479166666666667
KRW-LPT,2026-09-07,332,1440,0.23055555555555557
KRW-LSK,2026-09-07,281,1440,0.1951388888888889
KRW-MANA,2026-09-07,210,1440,0.14583333333333334
KRW-MANTRA,2026-09-07,749,1440,0.5201388888888889
KRW-MASK,2026-09-07,215,1440,0.14930555555555555
KRW-MBL,2026-09-07,396,1440,0.275
KRW-ME,2026-09-07,593,1440,0.41180555555555554
KRW-MED,2026-09-07,247,1440,0.17152777777777778
KRW-MEGA,2026-09-07,339,1440,0.23541666666666666
KRW-MET2,2026-09-07,500,1440,0.3472222222222222
KRW-META,2026-09-07,99,1440,0.06875
KRW-META2,2026-09-07,655,1440,0.4548611111111111
KRW-MEW,2026-09-07,553,1440,0.3840277777777778
KRW-MINA,2026-09-07,419,1440,0.29097222222222224
KRW-MIRA,2026-09-07,710,1440,0.4930555555555556
KRW-MLK,2026-09-07,224,1440,0.15555555555555556
KRW-MMT,2026-09-07,338,1440,0.23472222222222222
KRW-MNT,2026-09-07,588,1440,0.4083333333333333
KRW-MOC,2026-09-07,222,1440,0.15416666666666667
KRW-MOCA,2026-09-07,170,1440,0.11805555555555555
KRW-MON,2026-09-07,518,1440,0.3597222222222222
KRW-MOODENG,2026-09-07,590,1440,0.4097222222222222
KRW-MORPHO,2026-09-07,536,1440,0.37222222222222223
KRW-MOVE,2026-09-07,583,1440,0.4048611111111111
KRW-MTL,2026-09-07,193,1440,0.13402777777777777
KRW-MVL,2026-09-07,163,1440,0.11319444444444444
KRW-NCT,2026-09-07,441,1440,0.30625
KRW-NEAR,2026-09-07,1362,1440,0.9458333333333333
KRW-NEO,2026-09-07,284,1440,0.19722222222222222
KRW-NEWT,2026-09-07,258,1440,0.17916666666666667
KRW-NXPC,2026-09-07,188,1440,0.13055555555555556
KRW-O,2026-09-07,417,1440,0.28958333333333336
KRW-ONDO,2026-09-07,1323,1440,0.91875
KRW-ONG,2026-09-07,837,1440,0.58125
KRW-ONT,2026-09-07,632,1440,0.4388888888888889
KRW-OP,2026-09-07,317,1440,0.22013888888888888
KRW-OPEN,2026-09-07,324,1440,0.225
KRW-OPG,2026-09-07,203,1440,0.14097222222222222
KRW-ORBS,2026-09-07,220,1440,0.1527777777777778
KRW-ORCA,2026-09-07,1295,1440,0.8993055555555556
KRW-ORDER,2026-09-07,224,1440,0.15555555555555556
KRW-PENDLE,2026-09-07,470,1440,0.3263888888888889
KRW-PENGU,2026-09-07,588,1440,0.4083333333333333
KRW-PEPE,2026-09-07,715,1440,0.4965277777777778
KRW-PIEVERSE,2026-09-07,907,1440,0.6298611111111111
KRW-PLUME,2026-09-07,450,1440,0.3125
KRW-POKT,2026-09-07,251,1440,0.17430555555555555
KRW-POL,2026-09-07,568,1440,0.39444444444444443
KRW-POLYX,2026-09-07,340,1440,0.2361111111111111
KRW-POWR,2026-09-07,205,1440,0.1423611111111111
KRW-PRL,2026-09-07,860,1440,0.5972222222222222
KRW-PROM,2026-09-07,1231,1440,0.8548611111111111
KRW-PROS,2026-09-07,624,1440,0.43333333333333335
KRW-PROVE,2026-09-07,334,1440,0.23194444444444445
KRW-PUMP,2026-09-07,1032,1440,0.7166666666666667
KRW-PUNDIX,2026-09-07,248,1440,0.17222222222222222
KRW-PYTH,2026-09-07,614,1440,0.4263888888888889
KRW-PYUSD,2026-09-07,0,1440,0.0
KRW-QKC,2026-09-07,119,1440,0.08263888888888889
KRW-QTUM,2026-09-07,272,1440,0.18888888888888888
KRW-QUID,2026-09-07,865,1440,0.6006944444444444
KRW-RAY,2026-09-07,1439,1440,0.9993055555555556
KRW-RE,2026-09-07,772,1440,0.5361111111111111
KRW-RED,2026-09-07,331,1440,0.2298611111111111
KRW-RENDER,2026-09-07,680,1440,0.4722222222222222
KRW-RLUSD,2026-09-07,56,1440,0.03888888888888889
KRW-RVN,2026-09-07,784,1440,0.5444444444444444
KRW-SAFE,2026-09-07,162,1440,0.1125
KRW-SAHARA,2026-09-07,717,1440,0.4979166666666667
KRW-SAND,2026-09-07,909,1440,0.63125
KRW-SC,2026-09-07,571,1440,0.39652777777777776
KRW-SEI,2026-09-07,810,1440,0.5625
KRW-SENT,2026-09-07,195,1440,0.13541666666666666
KRW-SHIB,2026-09-07,1196,1440,0.8305555555555556
KRW-SIGN,2026-09-07,569,1440,0.3951388888888889
KRW-SKR,2026-09-07,1207,1440,0.8381944444444445
KRW-SKY,2026-09-07,137,1440,0.09513888888888888
KRW-SLX,2026-09-07,977,1440,0.6784722222222223
KRW-SNT,2026-09-07,285,1440,0.19791666666666666
KRW-SOMI,2026-09-07,271,1440,0.18819444444444444
KRW-SONIC,2026-09-07,816,1440,0.5666666666666667
KRW-SOON,2026-09-07,213,1440,0.14791666666666667
KRW-SOPH,2026-09-07,1177,1440,0.8173611111111111
KRW-SPK,2026-09-07,555,1440,0.3854166666666667
KRW-SPX,2026-09-07,203,1440,0.14097222222222222
KRW-STEEM,2026-09-07,213,1440,0.14791666666666667
KRW-STRAX,2026-09-07,264,1440,0.18333333333333332
KRW-STX,2026-09-07,901,1440,0.6256944444444444
KRW-SUI,2026-09-07,1283,1440,0.8909722222222223
KRW-SUN,2026-09-07,126,1440,0.0875
KRW-SUPER,2026-09-07,121,1440,0.08402777777777778
KRW-SYRUP,2026-09-07,271,1440,0.18819444444444444
KRW-T,2026-09-07,1148,1440,0.7972222222222223
KRW-TAIKO,2026-09-07,422,1440,0.29305555555555557
KRW-TAO,2026-09-07,1150,1440,0.7986111111111112
KRW-TFUEL,2026-09-07,182,1440,0.12638888888888888
KRW-THETA,2026-09-07,180,1440,0.125
KRW-TIA,2026-09-07,680,1440,0.4722222222222222
KRW-TOKAMAK,2026-09-07,281,1440,0.1951388888888889
KRW-TOSHI,2026-09-07,746,1440,0.5180555555555556
KRW-TRAC,2026-09-07,504,1440,0.35
KRW-TREE,2026-09-07,538,1440,0.3736111111111111
KRW-TRUMP,2026-09-07,1373,1440,0.9534722222222223
KRW-TRUST,2026-09-07,248,1440,0.17222222222222222
KRW-UNI,2026-09-07,1131,1440,0.7854166666666667
KRW-UP2,2026-09-07,318,1440,0.22083333333333333
KRW-USD1,2026-09-07,201,1440,0.13958333333333334
KRW-USDE,2026-09-07,76,1440,0.05277777777777778
KRW-USDG,2026-09-07,40,1440,0.027777777777777776
KRW-USDS,2026-09-07,11,1440,0.007638888888888889
KRW-VANA,2026-09-07,474,1440,0.32916666666666666
KRW-VET,2026-09-07,547,1440,0.3798611111111111
KRW-VIRTUAL,2026-09-07,1030,1440,0.7152777777777778
KRW-VTHO,2026-09-07,159,1440,0.11041666666666666
KRW-VVV,2026-09-07,338,1440,0.23472222222222222
KRW-W,2026-09-07,315,1440,0.21875
KRW-WAL,2026-09-07,339,1440,0.23541666666666666
KRW-WAVES,2026-09-07,367,1440,0.2548611111111111
KRW-WAXP,2026-09-07,292,1440,0.20277777777777778
KRW-WCT,2026-09-07,192,1440,0.13333333333333333
KRW-WET,2026-09-07,420,1440,0.2916666666666667
KRW-WIF,2026-09-07,125,1440,0.08680555555555555
KRW-WLD,2026-09-07,1274,1440,0.8847222222222222
KRW-WLFI,2026-09-07,588,1440,0.4083333333333333
KRW-XAUT,2026-09-07,412,1440,0.2861111111111111
KRW-XCN,2026-09-07,412,1440,0.2861111111111111
KRW-XEC,2026-09-07,400,1440,0.2777777777777778
KRW-XLM,2026-09-07,1253,1440,0.8701388888888889
KRW-XPL,2026-09-07,765,1440,0.53125
KRW-XTZ,2026-09-07,247,1440,0.17152777777777778
KRW-YGG,2026-09-07,724,1440,0.5027777777777778
KRW-ZAMA,2026-09-07,982,1440,0.6819444444444445
KRW-ZBT,2026-09-07,341,1440,0.23680555555555555
KRW-ZETA,2026-09-07,311,1440,0.21597222222222223
KRW-ZIL,2026-09-07,490,1440,0.3402777777777778
KRW-ZK,2026-09-07,636,1440,0.44166666666666665
KRW-ZKC,2026-09-07,491,1440,0.34097222222222223
KRW-ZKP,2026-09-07,594,1440,0.4125
KRW-ZORA,2026-09-07,640,1440,0.4444444444444444
KRW-ZRO,2026-09-07,892,1440,0.6194444444444445
KRW-ZRX,2026-09-07,157,1440,0.10902777777777778
KRW-0G,2026-09-08,782,1440,0.5430555555555555
KRW-1INCH,2026-09-08,199,1440,0.13819444444444445
KRW-2Z,2026-09-08,509,1440,0.35347222222222224
KRW-A,2026-09-08,243,1440,0.16875
KRW-AAVE,2026-09-08,715,1440,0.4965277777777778
KRW-AERO,2026-09-08,966,1440,0.6708333333333333
KRW-AGLD,2026-09-08,218,1440,0.15138888888888888
KRW-AHT,2026-09-08,219,1440,0.15208333333333332
KRW-AI,2026-09-08,407,1440,0.2826388888888889
KRW-AKT,2026-09-08,452,1440,0.3138888888888889
KRW-ALGO,2026-09-08,537,1440,0.3729166666666667
KRW-ALT,2026-09-08,202,1440,0.14027777777777778
KRW-ANIME,2026-09-08,508,1440,0.3527777777777778
KRW-ANKR,2026-09-08,341,1440,0.23680555555555555
KRW-API3,2026-09-08,201,1440,0.13958333333333334
KRW-APT,2026-09-08,843,1440,0.5854166666666667
KRW-ARB,2026-09-08,1292,1440,0.8972222222222223
KRW-ARDR,2026-09-08,339,1440,0.23541666666666666
KRW-ARK,2026-09-08,200,1440,0.1388888888888889
KRW-ARKM,2026-09-08,243,1440,0.16875
KRW-ARX,2026-09-08,882,1440,0.6125
KRW-ASTR,2026-09-08,283,1440,0.19652777777777777
KRW-ATH,2026-09-08,672,1440,0.4666666666666667
KRW-ATOM,2026-09-08,641,1440,0.44513888888888886
KRW-AUCTION,2026-09-08,276,1440,0.19166666666666668
KRW-AVAX,2026-09-08,1022,1440,0.7097222222222223
KRW-AVNT,2026-09-08,865,1440,0.6006944444444444
KRW-AWE,2026-09-08,357,1440,0.24791666666666667
KRW-AXL,2026-09-08,286,1440,0.1986111111111111
KRW-AXS,2026-09-08,515,1440,0.3576388888888889
KRW-AZTEC,2026-09-08,359,1440,0.24930555555555556
KRW-B3,2026-09-08,384,1440,0.26666666666666666
KRW-BABY,2026-09-08,204,1440,0.14166666666666666
KRW-BARD,2026-09-08,355,1440,0.2465277777777778
KRW-BAT,2026-09-08,216,1440,0.15
KRW-BCH,2026-09-08,908,1440,0.6305555555555555
KRW-BEAM,2026-09-08,409,1440,0.28402777777777777
KRW-BERA,2026-09-08,489,1440,0.33958333333333335
KRW-BFC,2026-09-08,0,1440,0.0
KRW-BIGTIME,2026-09-08,786,1440,0.5458333333333333
KRW-BIO,2026-09-08,288,1440,0.2
KRW-BIRB,2026-09-08,575,1440,0.3993055555555556
KRW-BLAST,2026-09-08,874,1440,0.6069444444444444
KRW-BLEND,2026-09-08,248,1440,0.17222222222222222
KRW-BLUR,2026-09-08,203,1440,0.14097222222222222
KRW-BORA,2026-09-08,288,1440,0.2
KRW-BOUNTY,2026-09-08,239,1440,0.16597222222222222
KRW-BREV,2026-09-08,135,1440,0.09375
KRW-BSB,2026-09-08,208,1440,0.14444444444444443
KRW-BSV,2026-09-08,281,1440,0.1951388888888889
KRW-BTT,2026-09-08,394,1440,0.27361111111111114
KRW-CAP,2026-09-08,1195,1440,0.8298611111111112
KRW-CARV,2026-09-08,255,1440,0.17708333333333334
KRW-CBK,2026-09-08,347,1440,0.24097222222222223
KRW-CC,2026-09-08,566,1440,0.39305555555555555
KRW-CELO,2026-09-08,206,1440,0.14305555555555555
KRW-CFG,2026-09-08,1222,1440,0.8486111111111111
KRW-CFX,2026-09-08,75,1440,0.052083333333333336
KRW-CHIP,2026-09-08,1079,1440,0.7493055555555556
KRW-CHZ,2026-09-08,443,1440,0.3076388888888889
KRW-CKB,2026-09-08,203,1440,0.14097222222222222
KRW-COMP,2026-09-08,189,1440,0.13125
KRW-COW,2026-09-08,170,1440,0.11805555555555555
KRW-CP,2026-09-08,565,1440,0.3923611111111111
KRW-CPOOL,2026-09-08,457,1440,0.3173611111111111
KRW-CRO,2026-09-08,649,1440,0.45069444444444445
KRW-CRV,2026-09-08,431,1440,0.29930555555555555
KRW-CTC,2026-09-08,539,1440,0.37430555555555556
KRW-CVC,2026-09-08,341,1440,0.23680555555555555
KRW-CYBER,2026-09-08,198,1440,0.1375
KRW-DATA,2026-09-08,760,1440,0.5277777777777778
KRW-DEEP,2026-09-08,330,1440,0.22916666666666666
KRW-DKA,2026-09-08,384,1440,0.26666666666666666
KRW-DOOD,2026-09-08,1313,1440,0.9118055555555555
KRW-DOS,2026-09-08,826,1440,0.5736111111111111
KRW-DOT,2026-09-08,1099,1440,0.7631944444444444
KRW-DRV,2026-09-08,565,1440,0.3923611111111111
KRW-EDGE,2026-09-08,348,1440,0.24166666666666667
KRW-EGLD,2026-09-08,381,1440,0.26458333333333334
KRW-ELF,2026-09-08,232,1440,0.16111111111111112
KRW-ELSA,2026-09-08,505,1440,0.3506944444444444
KRW-ENA,2026-09-08,1225,1440,0.8506944444444444
KRW-ENS,2026-09-08,983,1440,0.6826388888888889
KRW-ENSO,2026-09-08,497,1440,0.3451388888888889
KRW-ERA,2026-09-08,473,1440,0.3284722222222222
KRW-ESP,2026-09-08,261,1440,0.18125
KRW-ETC,2026-09-08,1008,1440,0.7
KRW-ETHFI,2026-09-08,431,1440,0.29930555555555555
KRW-EUL,2026-09-08,457,1440,0.3173611111111111
KRW-EURC,2026-09-08,42,1440,0.029166666666666667
KRW-F,2026-09-08,412,1440,0.2861111111111111
KRW-FCT2,2026-09-08,236,1440,0.1638888888888889
KRW-FF,2026-09-08,542,1440,0.3763888888888889
KRW-FIL,2026-09-08,850,1440,0.5902777777777778
KRW-FLOCK,2026-09-08,1436,1440,0.9972222222222222
KRW-FLUID,2026-09-08,151,1440,0.10486111111111111
KRW-FOLD,2026-09-08,767,1440,0.5326388888888889
KRW-G,2026-09-08,615,1440,0.4270833333333333
KRW-GAME2,2026-09-08,472,1440,0.3277777777777778
KRW-GAS,2026-09-08,707,1440,0.4909722222222222
KRW-GEOD,2026-09-08,307,1440,0.21319444444444444
KRW-GLM,2026-09-08,215,1440,0.14930555555555555
KRW-GMT,2026-09-08,249,1440,0.17291666666666666
KRW-GRT,2026-09-08,463,1440,0.3215277777777778
KRW-GRVT,2026-09-08,692,1440,0.48055555555555557
KRW-HBAR,2026-09-08,682,1440,0.4736111111111111
KRW-HIVE,2026-09-08,509,1440,0.35347222222222224
KRW-HOLO,2026-09-08,330,1440,0.22916666666666666
KRW-HOME,2026-09-08,416,1440,0.28888888888888886
KRW-HP,2026-09-08,170,1440,0.11805555555555555
KRW-HUNT,2026-09-08,129,1440,0.08958333333333333
KRW-HYPER,2026-09-08,345,1440,0.23958333333333334
KRW-ICP,2026-09-08,717,1440,0.4979166666666667
KRW-ICX,2026-09-08,865,1440,0.6006944444444444
KRW-ID,2026-09-08,442,1440,0.30694444444444446
KRW-IMX,2026-09-08,203,1440,0.14097222222222222
KRW-IN,2026-09-08,422,1440,0.29305555555555557
KRW-INJ,2026-09-08,921,1440,0.6395833333333333
KRW-IO,2026-09-08,109,1440,0.07569444444444444
KRW-IOST,2026-09-08,1404,1440,0.975
KRW-IOTA,2026-09-08,523,1440,0.36319444444444443
KRW-IQ,2026-09-08,388,1440,0.26944444444444443
KRW-IRYS,2026-09-08,475,1440,0.3298611111111111
KRW-JPYC,2026-09-08,0,1440,0.0
KRW-JST,2026-09-08,188,1440,0.13055555555555556
KRW-JTO,2026-09-08,811,1440,0.5631944444444444
KRW-JUP,2026-09-08,752,1440,0.5222222222222223
KRW-KAITO,2026-09-08,846,1440,0.5875
KRW-KAT,2026-09-08,504,1440,0.35
KRW-KAVA,2026-09-08,701,1440,0.48680555555555555
KRW-KERNEL,2026-09-08,196,1440,0.1361111111111111
KRW-KITE,2026-09-08,617,1440,0.4284722222222222
KRW-KMNO,2026-09-08,90,1440,0.0625
KRW-KNC,2026-09-08,263,1440,0.18263888888888888
KRW-LA,2026-09-08,1186,1440,0.8236111111111111
KRW-LAYER,2026-09-08,659,1440,0.4576388888888889
KRW-LINEA,2026-09-08,238,1440,0.16527777777777777
KRW-LINK,2026-09-08,1231,1440,0.8548611111111111
KRW-LIT,2026-09-08,688,1440,0.4777777777777778
KRW-LPT,2026-09-08,450,1440,0.3125
KRW-LSK,2026-09-08,219,1440,0.15208333333333332
KRW-MANA,2026-09-08,171,1440,0.11875
KRW-MANTRA,2026-09-08,989,1440,0.6868055555555556
KRW-MASK,2026-09-08,181,1440,0.12569444444444444
KRW-MBL,2026-09-08,429,1440,0.29791666666666666
KRW-ME,2026-09-08,550,1440,0.3819444444444444
KRW-MED,2026-09-08,827,1440,0.5743055555555555
KRW-MEGA,2026-09-08,802,1440,0.5569444444444445
KRW-MET2,2026-09-08,446,1440,0.30972222222222223
KRW-META,2026-09-08,205,1440,0.1423611111111111
KRW-META2,2026-09-08,511,1440,0.3548611111111111
KRW-MEW,2026-09-08,383,1440,0.2659722222222222
KRW-MINA,2026-09-08,387,1440,0.26875
KRW-MIRA,2026-09-08,989,1440,0.6868055555555556
KRW-MLK,2026-09-08,340,1440,0.2361111111111111
KRW-MMT,2026-09-08,340,1440,0.2361111111111111
KRW-MNT,2026-09-08,402,1440,0.2791666666666667
KRW-MOC,2026-09-08,278,1440,0.19305555555555556
KRW-MOCA,2026-09-08,265,1440,0.1840277777777778
KRW-MON,2026-09-08,565,1440,0.3923611111111111
KRW-MOODENG,2026-09-08,440,1440,0.3055555555555556
KRW-MORPHO,2026-09-08,568,1440,0.39444444444444443
KRW-MOVE,2026-09-08,609,1440,0.42291666666666666
KRW-MTL,2026-09-08,160,1440,0.1111111111111111
KRW-MVL,2026-09-08,162,1440,0.1125
KRW-NCT,2026-09-08,538,1440,0.3736111111111111
KRW-NEAR,2026-09-08,1214,1440,0.8430555555555556
KRW-NEO,2026-09-08,363,1440,0.2520833333333333
KRW-NEWT,2026-09-08,516,1440,0.35833333333333334
KRW-NXPC,2026-09-08,310,1440,0.2152777777777778
KRW-O,2026-09-08,330,1440,0.22916666666666666
KRW-ONDO,2026-09-08,1334,1440,0.9263888888888889
KRW-ONG,2026-09-08,980,1440,0.6805555555555556
KRW-ONT,2026-09-08,617,1440,0.4284722222222222
KRW-OP,2026-09-08,264,1440,0.18333333333333332
KRW-OPEN,2026-09-08,359,1440,0.24930555555555556
KRW-OPG,2026-09-08,162,1440,0.1125
KRW-ORBS,2026-09-08,350,1440,0.24305555555555555
KRW-ORCA,2026-09-08,1331,1440,0.9243055555555556
KRW-ORDER,2026-09-08,367,1440,0.2548611111111111
KRW-PENDLE,2026-09-08,645,1440,0.4479166666666667
KRW-PENGU,2026-09-08,700,1440,0.4861111111111111
KRW-PEPE,2026-09-08,626,1440,0.43472222222222223
KRW-PIEVERSE,2026-09-08,1359,1440,0.94375
KRW-PLUME,2026-09-08,387,1440,0.26875
KRW-POKT,2026-09-08,613,1440,0.42569444444444443
KRW-POL,2026-09-08,653,1440,0.4534722222222222
KRW-POLYX,2026-09-08,396,1440,0.275
KRW-POWR,2026-09-08,261,1440,0.18125
KRW-PRL,2026-09-08,1170,1440,0.8125
KRW-PROM,2026-09-08,1169,1440,0.8118055555555556
KRW-PROS,2026-09-08,827,1440,0.5743055555555555
KRW-PROVE,2026-09-08,456,1440,0.31666666666666665
KRW-PUMP,2026-09-08,957,1440,0.6645833333333333
KRW-PUNDIX,2026-09-08,218,1440,0.15138888888888888
KRW-PYTH,2026-09-08,413,1440,0.28680555555555554
KRW-PYUSD,2026-09-08,0,1440,0.0
KRW-QKC,2026-09-08,933,1440,0.6479166666666667
KRW-QTUM,2026-09-08,305,1440,0.21180555555555555
KRW-QUID,2026-09-08,865,1440,0.6006944444444444
KRW-RAY,2026-09-08,1259,1440,0.8743055555555556
KRW-RE,2026-09-08,775,1440,0.5381944444444444
KRW-RED,2026-09-08,294,1440,0.20416666666666666
KRW-RENDER,2026-09-08,697,1440,0.4840277777777778
KRW-RLUSD,2026-09-08,63,1440,0.04375
KRW-RVN,2026-09-08,720,1440,0.5
KRW-SAFE,2026-09-08,636,1440,0.44166666666666665
KRW-SAHARA,2026-09-08,711,1440,0.49375
KRW-SAND,2026-09-08,852,1440,0.5916666666666667
KRW-SC,2026-09-08,486,1440,0.3375
KRW-SEI,2026-09-08,845,1440,0.5868055555555556
KRW-SENT,2026-09-08,419,1440,0.29097222222222224
KRW-SHIB,2026-09-08,1218,1440,0.8458333333333333
KRW-SIGN,2026-09-08,455,1440,0.3159722222222222
KRW-SKR,2026-09-08,1180,1440,0.8194444444444444
KRW-SKY,2026-09-08,190,1440,0.13194444444444445
KRW-SLX,2026-09-08,921,1440,0.6395833333333333
KRW-SNT,2026-09-08,555,1440,0.3854166666666667
KRW-SOMI,2026-09-08,406,1440,0.28194444444444444
KRW-SONIC,2026-09-08,736,1440,0.5111111111111111
KRW-SOON,2026-09-08,292,1440,0.20277777777777778
KRW-SOPH,2026-09-08,1397,1440,0.9701388888888889
KRW-SPK,2026-09-08,442,1440,0.30694444444444446
KRW-SPX,2026-09-08,188,1440,0.13055555555555556
KRW-STEEM,2026-09-08,220,1440,0.1527777777777778
KRW-STRAX,2026-09-08,453,1440,0.3145833333333333
KRW-STX,2026-09-08,969,1440,0.6729166666666667
KRW-SUI,2026-09-08,1340,1440,0.9305555555555556
KRW-SUN,2026-09-08,98,1440,0.06805555555555555
KRW-SUPER,2026-09-08,130,1440,0.09027777777777778
KRW-SYRUP,2026-09-08,410,1440,0.2847222222222222
KRW-T,2026-09-08,988,1440,0.6861111111111111
KRW-TAIKO,2026-09-08,239,1440,0.16597222222222222
KRW-TAO,2026-09-08,796,1440,0.5527777777777778
KRW-TFUEL,2026-09-08,205,1440,0.1423611111111111
KRW-THETA,2026-09-08,187,1440,0.12986111111111112
KRW-TIA,2026-09-08,295,1440,0.2048611111111111
KRW-TOKAMAK,2026-09-08,274,1440,0.19027777777777777
KRW-TOSHI,2026-09-08,418,1440,0.2902777777777778
KRW-TRAC,2026-09-08,491,1440,0.34097222222222223
KRW-TREE,2026-09-08,801,1440,0.55625
KRW-TRUMP,2026-09-08,1326,1440,0.9208333333333333
KRW-TRUST,2026-09-08,265,1440,0.1840277777777778
KRW-UNI,2026-09-08,1158,1440,0.8041666666666667
KRW-UP2,2026-09-08,258,1440,0.17916666666666667
KRW-USD1,2026-09-08,185,1440,0.1284722222222222
KRW-USDE,2026-09-08,36,1440,0.025
KRW-USDG,2026-09-08,12,1440,0.008333333333333333
KRW-USDS,2026-09-08,14,1440,0.009722222222222222
KRW-VANA,2026-09-08,658,1440,0.45694444444444443
KRW-VET,2026-09-08,714,1440,0.49583333333333335
KRW-VIRTUAL,2026-09-08,1003,1440,0.6965277777777777
KRW-VTHO,2026-09-08,306,1440,0.2125
KRW-VVV,2026-09-08,561,1440,0.38958333333333334
KRW-W,2026-09-08,269,1440,0.18680555555555556
KRW-WAL,2026-09-08,466,1440,0.3236111111111111
KRW-WAVES,2026-09-08,909,1440,0.63125
KRW-WAXP,2026-09-08,248,1440,0.17222222222222222
KRW-WCT,2026-09-08,248,1440,0.17222222222222222
KRW-WET,2026-09-08,322,1440,0.22361111111111112
KRW-WIF,2026-09-08,67,1440,0.04652777777777778
KRW-WLD,2026-09-08,1420,1440,0.9861111111111112
KRW-WLFI,2026-09-08,587,1440,0.4076388888888889
KRW-XAUT,2026-09-08,317,1440,0.22013888888888888
KRW-XCN,2026-09-08,345,1440,0.23958333333333334
KRW-XEC,2026-09-08,374,1440,0.25972222222222224
KRW-XLM,2026-09-08,1279,1440,0.8881944444444444
KRW-XPL,2026-09-08,887,1440,0.6159722222222223
KRW-XTZ,2026-09-08,301,1440,0.20902777777777778
KRW-YGG,2026-09-08,643,1440,0.4465277777777778
KRW-ZAMA,2026-09-08,758,1440,0.5263888888888889
KRW-ZBT,2026-09-08,441,1440,0.30625
KRW-ZETA,2026-09-08,200,1440,0.1388888888888889
KRW-ZIL,2026-09-08,554,1440,0.38472222222222224
KRW-ZK,2026-09-08,444,1440,0.30833333333333335
KRW-ZKC,2026-09-08,536,1440,0.37222222222222223
KRW-ZKP,2026-09-08,567,1440,0.39375
KRW-ZORA,2026-09-08,740,1440,0.5138888888888888
KRW-ZRO,2026-09-08,739,1440,0.5131944444444444
KRW-ZRX,2026-09-08,163,1440,0.11319444444444444
KRW-0G,2026-09-09,689,1440,0.47847222222222224
KRW-1INCH,2026-09-09,142,1440,0.09861111111111111
KRW-2Z,2026-09-09,475,1440,0.3298611111111111
KRW-A,2026-09-09,364,1440,0.25277777777777777
KRW-AAVE,2026-09-09,645,1440,0.4479166666666667
KRW-AERO,2026-09-09,427,1440,0.2965277777777778
KRW-AGLD,2026-09-09,215,1440,0.14930555555555555
KRW-AHT,2026-09-09,285,1440,0.19791666666666666
KRW-AI,2026-09-09,211,1440,0.14652777777777778
KRW-AKT,2026-09-09,693,1440,0.48125
KRW-ALGO,2026-09-09,597,1440,0.41458333333333336
KRW-ALT,2026-09-09,203,1440,0.14097222222222222
KRW-ANIME,2026-09-09,631,1440,0.43819444444444444
KRW-ANKR,2026-09-09,269,1440,0.18680555555555556
KRW-API3,2026-09-09,178,1440,0.12361111111111112
KRW-APT,2026-09-09,870,1440,0.6041666666666666
KRW-ARB,2026-09-09,993,1440,0.6895833333333333
KRW-ARDR,2026-09-09,830,1440,0.5763888888888888
KRW-ARK,2026-09-09,243,1440,0.16875
KRW-ARKM,2026-09-09,150,1440,0.10416666666666667
KRW-ARX,2026-09-09,1053,1440,0.73125
KRW-ASTR,2026-09-09,245,1440,0.1701388888888889
KRW-ATH,2026-09-09,738,1440,0.5125
KRW-ATOM,2026-09-09,1057,1440,0.7340277777777777
KRW-AUCTION,2026-09-09,210,1440,0.14583333333333334
KRW-AVAX,2026-09-09,889,1440,0.6173611111111111
KRW-AVNT,2026-09-09,628,1440,0.4361111111111111
KRW-AWE,2026-09-09,320,1440,0.2222222222222222
KRW-AXL,2026-09-09,283,1440,0.19652777777777777
KRW-AXS,2026-09-09,510,1440,0.3541666666666667
KRW-AZTEC,2026-09-09,430,1440,0.2986111111111111
KRW-B3,2026-09-09,433,1440,0.30069444444444443
KRW-BABY,2026-09-09,148,1440,0.10277777777777777
KRW-BARD,2026-09-09,264,1440,0.18333333333333332
KRW-BAT,2026-09-09,250,1440,0.1736111111111111
KRW-BCH,2026-09-09,820,1440,0.5694444444444444
KRW-BEAM,2026-09-09,279,1440,0.19375
KRW-BERA,2026-09-09,388,1440,0.26944444444444443
KRW-BFC,2026-09-09,0,1440,0.0
KRW-BIGTIME,2026-09-09,550,1440,0.3819444444444444
KRW-BIO,2026-09-09,291,1440,0.20208333333333334
KRW-BIRB,2026-09-09,757,1440,0.5256944444444445
KRW-BLAST,2026-09-09,806,1440,0.5597222222222222
KRW-BLEND,2026-09-09,295,1440,0.2048611111111111
KRW-BLUR,2026-09-09,340,1440,0.2361111111111111
KRW-BORA,2026-09-09,765,1440,0.53125
KRW-BOUNTY,2026-09-09,351,1440,0.24375
KRW-BREV,2026-09-09,309,1440,0.21458333333333332
KRW-BSB,2026-09-09,174,1440,0.12083333333333333
KRW-BSV,2026-09-09,300,1440,0.20833333333333334
KRW-BTT,2026-09-09,582,1440,0.4041666666666667
KRW-CAP,2026-09-09,800,1440,0.5555555555555556
KRW-CARV,2026-09-09,230,1440,0.1597222222222222
KRW-CBK,2026-09-09,246,1440,0.17083333333333334
KRW-CC,2026-09-09,379,1440,0.26319444444444445
KRW-CELO,2026-09-09,362,1440,0.2513888888888889
KRW-CFG,2026-09-09,860,1440,0.5972222222222222
KRW-CFX,2026-09-09,75,1440,0.052083333333333336
KRW-CHIP,2026-09-09,1136,1440,0.7888888888888889
KRW-CHZ,2026-09-09,421,1440,0.2923611111111111
KRW-CKB,2026-09-09,182,1440,0.12638888888888888
KRW-COMP,2026-09-09,197,1440,0.13680555555555557
KRW-COW,2026-09-09,163,1440,0.11319444444444444
KRW-CP,2026-09-09,1422,1440,0.9875
KRW-CPOOL,2026-09-09,367,1440,0.2548611111111111
KRW-CRO,2026-09-09,1017,1440,0.70625
KRW-CRV,2026-09-09,288,1440,0.2
KRW-CTC,2026-09-09,330,1440,0.22916666666666666
KRW-CVC,2026-09-09,388,1440,0.26944444444444443
KRW-CYBER,2026-09-09,204,1440,0.14166666666666666
KRW-DATA,2026-09-09,835,1440,0.5798611111111112
KRW-DEEP,2026-09-09,326,1440,0.2263888888888889
KRW-DKA,2026-09-09,455,1440,0.3159722222222222
KRW-DOOD,2026-09-09,854,1440,0.5930555555555556
KRW-DOS,2026-09-09,831,1440,0.5770833333333333
KRW-DOT,2026-09-09,1265,1440,0.8784722222222222
KRW-DRV,2026-09-09,327,1440,0.22708333333333333
KRW-EDGE,2026-09-09,297,1440,0.20625
KRW-EGLD,2026-09-09,577,1440,0.40069444444444446
KRW-ELF,2026-09-09,326,1440,0.2263888888888889
KRW-ELSA,2026-09-09,353,1440,0.24513888888888888
KRW-ENA,2026-09-09,1153,1440,0.8006944444444445
KRW-ENS,2026-09-09,1134,1440,0.7875
KRW-ENSO,2026-09-09,413,1440,0.28680555555555554
KRW-ERA,2026-09-09,445,1440,0.3090277777777778
KRW-ESP,2026-09-09,179,1440,0.12430555555555556
KRW-ETC,2026-09-09,1262,1440,0.8763888888888889
KRW-ETHFI,2026-09-09,512,1440,0.35555555555555557
KRW-EUL,2026-09-09,420,1440,0.2916666666666667
KRW-EURC,2026-09-09,59,1440,0.04097222222222222
KRW-F,2026-09-09,407,1440,0.2826388888888889
KRW-FCT2,2026-09-09,264,1440,0.18333333333333332
KRW-FF,2026-09-09,1045,1440,0.7256944444444444
KRW-FIL,2026-09-09,619,1440,0.42986111111111114
KRW-FLOCK,2026-09-09,1422,1440,0.9875
KRW-FLUID,2026-09-09,148,1440,0.10277777777777777
KRW-FOLD,2026-09-09,706,1440,0.49027777777777776
KRW-G,2026-09-09,1090,1440,0.7569444444444444
KRW-GAME2,2026-09-09,279,1440,0.19375
KRW-GAS,2026-09-09,502,1440,0.3486111111111111
KRW-GEOD,2026-09-09,182,1440,0.12638888888888888
KRW-GLM,2026-09-09,400,1440,0.2777777777777778
KRW-GMT,2026-09-09,225,1440,0.15625
KRW-GRT,2026-09-09,303,1440,0.21041666666666667
KRW-GRVT,2026-09-09,505,1440,0.3506944444444444
KRW-HBAR,2026-09-09,778,1440,0.5402777777777777
KRW-HIVE,2026-09-09,415,1440,0.2881944444444444
KRW-HOLO,2026-09-09,566,1440,0.39305555555555555
KRW-HOME,2026-09-09,355,1440,0.2465277777777778
KRW-HP,2026-09-09,300,1440,0.20833333333333334
KRW-HUNT,2026-09-09,125,1440,0.08680555555555555
KRW-HYPER,2026-09-09,298,1440,0.20694444444444443
KRW-ICP,2026-09-09,392,1440,0.2722222222222222
KRW-ICX,2026-09-09,528,1440,0.36666666666666664
KRW-ID,2026-09-09,449,1440,0.31180555555555556
KRW-IMX,2026-09-09,184,1440,0.12777777777777777
KRW-IN,2026-09-09,453,1440,0.3145833333333333
KRW-INJ,2026-09-09,518,1440,0.3597222222222222
KRW-IO,2026-09-09,148,1440,0.10277777777777777
KRW-IOST,2026-09-09,1216,1440,0.8444444444444444
KRW-IOTA,2026-09-09,447,1440,0.3104166666666667
KRW-IQ,2026-09-09,416,1440,0.28888888888888886
KRW-IRYS,2026-09-09,439,1440,0.30486111111111114
KRW-JPYC,2026-09-09,0,1440,0.0
KRW-JST,2026-09-09,155,1440,0.1076388888888889
KRW-JTO,2026-09-09,770,1440,0.5347222222222222
KRW-JUP,2026-09-09,646,1440,0.4486111111111111
KRW-KAITO,2026-09-09,779,1440,0.5409722222222222
KRW-KAT,2026-09-09,941,1440,0.6534722222222222
KRW-KAVA,2026-09-09,329,1440,0.22847222222222222
KRW-KERNEL,2026-09-09,203,1440,0.14097222222222222
KRW-KITE,2026-09-09,560,1440,0.3888888888888889
KRW-KMNO,2026-09-09,188,1440,0.13055555555555556
KRW-KNC,2026-09-09,216,1440,0.15
KRW-LA,2026-09-09,1149,1440,0.7979166666666667
KRW-LAYER,2026-09-09,529,1440,0.36736111111111114
KRW-LINEA,2026-09-09,169,1440,0.11736111111111111
KRW-LINK,2026-09-09,1161,1440,0.80625
KRW-LIT,2026-09-09,841,1440,0.5840277777777778
KRW-LPT,2026-09-09,338,1440,0.23472222222222222
KRW-LSK,2026-09-09,391,1440,0.27152777777777776
KRW-MANA,2026-09-09,196,1440,0.1361111111111111
KRW-MANTRA,2026-09-09,623,1440,0.4326388888888889
KRW-MASK,2026-09-09,137,1440,0.09513888888888888
KRW-MBL,2026-09-09,559,1440,0.38819444444444445
KRW-ME,2026-09-09,583,1440,0.4048611111111111
KRW-MED,2026-09-09,608,1440,0.4222222222222222
KRW-MEGA,2026-09-09,827,1440,0.5743055555555555
KRW-MET2,2026-09-09,282,1440,0.19583333333333333
KRW-META,2026-09-09,140,1440,0.09722222222222222
KRW-META2,2026-09-09,457,1440,0.3173611111111111
KRW-MEW,2026-09-09,378,1440,0.2625
KRW-MINA,2026-09-09,679,1440,0.47152777777777777
KRW-MIRA,2026-09-09,1188,1440,0.825
KRW-MLK,2026-09-09,480,1440,0.3333333333333333
KRW-MMT,2026-09-09,321,1440,0.22291666666666668
KRW-MNT,2026-09-09,269,1440,0.18680555555555556
KRW-MOC,2026-09-09,341,1440,0.23680555555555555
KRW-MOCA,2026-09-09,263,1440,0.18263888888888888
KRW-MON,2026-09-09,424,1440,0.29444444444444445
KRW-MOODENG,2026-09-09,430,1440,0.2986111111111111
KRW-MORPHO,2026-09-09,443,1440,0.3076388888888889
KRW-MOVE,2026-09-09,591,1440,0.41041666666666665
KRW-MTL,2026-09-09,216,1440,0.15
KRW-MVL,2026-09-09,184,1440,0.12777777777777777
KRW-NCT,2026-09-09,536,1440,0.37222222222222223
KRW-NEAR,2026-09-09,1286,1440,0.8930555555555556
KRW-NEO,2026-09-09,404,1440,0.28055555555555556
KRW-NEWT,2026-09-09,509,1440,0.35347222222222224
KRW-NXPC,2026-09-09,430,1440,0.2986111111111111
KRW-O,2026-09-09,256,1440,0.17777777777777778
KRW-ONDO,2026-09-09,1312,1440,0.9111111111111111
KRW-ONG,2026-09-09,713,1440,0.4951388888888889
KRW-ONT,2026-09-09,386,1440,0.26805555555555555
KRW-OP,2026-09-09,279,1440,0.19375
KRW-OPEN,2026-09-09,298,1440,0.20694444444444443
KRW-OPG,2026-09-09,156,1440,0.10833333333333334
KRW-ORBS,2026-09-09,796,1440,0.5527777777777778
KRW-ORCA,2026-09-09,1042,1440,0.7236111111111111
KRW-ORDER,2026-09-09,619,1440,0.42986111111111114
KRW-PENDLE,2026-09-09,517,1440,0.3590277777777778
KRW-PENGU,2026-09-09,730,1440,0.5069444444444444
KRW-PEPE,2026-09-09,726,1440,0.5041666666666667
KRW-PIEVERSE,2026-09-09,935,1440,0.6493055555555556
KRW-PLUME,2026-09-09,281,1440,0.1951388888888889
KRW-POKT,2026-09-09,527,1440,0.3659722222222222
KRW-POL,2026-09-09,610,1440,0.4236111111111111
KRW-POLYX,2026-09-09,378,1440,0.2625
KRW-POWR,2026-09-09,487,1440,0.33819444444444446
KRW-PRL,2026-09-09,1001,1440,0.6951388888888889
KRW-PROM,2026-09-09,1155,1440,0.8020833333333334
KRW-PROS,2026-09-09,910,1440,0.6319444444444444
KRW-PROVE,2026-09-09,350,1440,0.24305555555555555
KRW-PUMP,2026-09-09,891,1440,0.61875
KRW-PUNDIX,2026-09-09,150,1440,0.10416666666666667
KRW-PYTH,2026-09-09,381,1440,0.26458333333333334
KRW-PYUSD,2026-09-09,0,1440,0.0
KRW-QKC,2026-09-09,1387,1440,0.9631944444444445
KRW-QTUM,2026-09-09,489,1440,0.33958333333333335
KRW-QUID,2026-09-09,627,1440,0.4354166666666667
KRW-RAY,2026-09-09,1249,1440,0.8673611111111111
KRW-RE,2026-09-09,851,1440,0.5909722222222222
KRW-RED,2026-09-09,237,1440,0.16458333333333333
KRW-RENDER,2026-09-09,552,1440,0.38333333333333336
KRW-RLUSD,2026-09-09,68,1440,0.04722222222222222
KRW-RVN,2026-09-09,596,1440,0.41388888888888886
KRW-SAFE,2026-09-09,364,1440,0.25277777777777777
KRW-SAHARA,2026-09-09,764,1440,0.5305555555555556
KRW-SAND,2026-09-09,694,1440,0.48194444444444445
KRW-SC,2026-09-09,623,1440,0.4326388888888889
KRW-SEI,2026-09-09,913,1440,0.6340277777777777
KRW-SENT,2026-09-09,293,1440,0.20347222222222222
KRW-SHIB,2026-09-09,1278,1440,0.8875
KRW-SIGN,2026-09-09,497,1440,0.3451388888888889
KRW-SKR,2026-09-09,1108,1440,0.7694444444444445
KRW-SKY,2026-09-09,241,1440,0.1673611111111111
KRW-SLX,2026-09-09,1010,1440,0.7013888888888888
KRW-SNT,2026-09-09,345,1440,0.23958333333333334
KRW-SOMI,2026-09-09,203,1440,0.14097222222222222
KRW-SONIC,2026-09-09,500,1440,0.3472222222222222
KRW-SOON,2026-09-09,285,1440,0.19791666666666666
KRW-SOPH,2026-09-09,1435,1440,0.9965277777777778
KRW-SPK,2026-09-09,387,1440,0.26875
KRW-SPX,2026-09-09,176,1440,0.12222222222222222
KRW-STEEM,2026-09-09,339,1440,0.23541666666666666
KRW-STRAX,2026-09-09,396,1440,0.275
KRW-STX,2026-09-09,791,1440,0.5493055555555556
KRW-SUI,2026-09-09,1273,1440,0.8840277777777777
KRW-SUN,2026-09-09,83,1440,0.05763888888888889
KRW-SUPER,2026-09-09,87,1440,0.06041666666666667
KRW-SYRUP,2026-09-09,239,1440,0.16597222222222222
KRW-T,2026-09-09,706,1440,0.49027777777777776
KRW-TAIKO,2026-09-09,188,1440,0.13055555555555556
KRW-TAO,2026-09-09,850,1440,0.5902777777777778
KRW-TFUEL,2026-09-09,147,1440,0.10208333333333333
KRW-THETA,2026-09-09,171,1440,0.11875
KRW-TIA,2026-09-09,230,1440,0.1597222222222222
KRW-TOKAMAK,2026-09-09,316,1440,0.21944444444444444
KRW-TOSHI,2026-09-09,262,1440,0.18194444444444444
KRW-TRAC,2026-09-09,299,1440,0.2076388888888889
KRW-TREE,2026-09-09,640,1440,0.4444444444444444
KRW-TRUMP,2026-09-09,1364,1440,0.9472222222222222
KRW-TRUST,2026-09-09,363,1440,0.2520833333333333
KRW-UNI,2026-09-09,1089,1440,0.75625
KRW-UP2,2026-09-09,834,1440,0.5791666666666667
KRW-USD1,2026-09-09,192,1440,0.13333333333333333
KRW-USDE,2026-09-09,50,1440,0.034722222222222224
KRW-USDG,2026-09-09,12,1440,0.008333333333333333
KRW-USDS,2026-09-09,15,1440,0.010416666666666666
KRW-VANA,2026-09-09,456,1440,0.31666666666666665
KRW-VET,2026-09-09,626,1440,0.43472222222222223
KRW-VIRTUAL,2026-09-09,1018,1440,0.7069444444444445
KRW-VTHO,2026-09-09,423,1440,0.29375
KRW-VVV,2026-09-09,1440,1440,1.0
KRW-W,2026-09-09,224,1440,0.15555555555555556
KRW-WAL,2026-09-09,542,1440,0.3763888888888889
KRW-WAVES,2026-09-09,1373,1440,0.9534722222222223
KRW-WAXP,2026-09-09,377,1440,0.26180555555555557
KRW-WCT,2026-09-09,321,1440,0.22291666666666668
KRW-WET,2026-09-09,417,1440,0.28958333333333336
KRW-WIF,2026-09-09,63,1440,0.04375
KRW-WLD,2026-09-09,1368,1440,0.95
KRW-WLFI,2026-09-09,587,1440,0.4076388888888889
KRW-XAUT,2026-09-09,354,1440,0.24583333333333332
KRW-XCN,2026-09-09,255,1440,0.17708333333333334
KRW-XEC,2026-09-09,353,1440,0.24513888888888888
KRW-XLM,2026-09-09,1260,1440,0.875
KRW-XPL,2026-09-09,803,1440,0.5576388888888889
KRW-XTZ,2026-09-09,665,1440,0.4618055555555556
KRW-YGG,2026-09-09,289,1440,0.20069444444444445
KRW-ZAMA,2026-09-09,450,1440,0.3125
KRW-ZBT,2026-09-09,424,1440,0.29444444444444445
KRW-ZETA,2026-09-09,217,1440,0.15069444444444444
KRW-ZIL,2026-09-09,424,1440,0.29444444444444445
KRW-ZK,2026-09-09,293,1440,0.20347222222222222
KRW-ZKC,2026-09-09,596,1440,0.41388888888888886
KRW-ZKP,2026-09-09,479,1440,0.3326388888888889
KRW-ZORA,2026-09-09,715,1440,0.4965277777777778
KRW-ZRO,2026-09-09,567,1440,0.39375
KRW-ZRX,2026-09-09,588,1440,0.4083333333333333
KRW-0G,2026-09-10,695,1440,0.4826388888888889
KRW-1INCH,2026-09-10,179,1440,0.12430555555555556
KRW-2Z,2026-09-10,553,1440,0.3840277777777778
KRW-A,2026-09-10,312,1440,0.21666666666666667
KRW-AAVE,2026-09-10,710,1440,0.4930555555555556
KRW-AERO,2026-09-10,471,1440,0.32708333333333334
KRW-AGLD,2026-09-10,324,1440,0.225
KRW-AHT,2026-09-10,483,1440,0.33541666666666664
KRW-AI,2026-09-10,363,1440,0.2520833333333333
KRW-AKT,2026-09-10,456,1440,0.31666666666666665
KRW-ALGO,2026-09-10,661,1440,0.45902777777777776
KRW-ALT,2026-09-10,231,1440,0.16041666666666668
KRW-ANIME,2026-09-10,941,1440,0.6534722222222222
KRW-ANKR,2026-09-10,365,1440,0.2534722222222222
KRW-API3,2026-09-10,190,1440,0.13194444444444445
KRW-APT,2026-09-10,938,1440,0.6513888888888889
KRW-ARB,2026-09-10,1101,1440,0.7645833333333333
KRW-ARDR,2026-09-10,938,1440,0.6513888888888889
KRW-ARK,2026-09-10,769,1440,0.5340277777777778
KRW-ARKM,2026-09-10,211,1440,0.14652777777777778
KRW-ARX,2026-09-10,1069,1440,0.7423611111111111
KRW-ASTR,2026-09-10,239,1440,0.16597222222222222
KRW-ATH,2026-09-10,856,1440,0.5944444444444444
KRW-ATOM,2026-09-10,776,1440,0.5388888888888889
KRW-AUCTION,2026-09-10,303,1440,0.21041666666666667
KRW-AVAX,2026-09-10,904,1440,0.6277777777777778
KRW-AVNT,2026-09-10,605,1440,0.4201388888888889
KRW-AWE,2026-09-10,371,1440,0.25763888888888886
KRW-AXL,2026-09-10,296,1440,0.20555555555555555
KRW-AXS,2026-09-10,610,1440,0.4236111111111111
KRW-AZTEC,2026-09-10,312,1440,0.21666666666666667
KRW-B3,2026-09-10,1111,1440,0.7715277777777778
KRW-BABY,2026-09-10,176,1440,0.12222222222222222
KRW-BARD,2026-09-10,364,1440,0.25277777777777777
KRW-BAT,2026-09-10,247,1440,0.17152777777777778
KRW-BCH,2026-09-10,920,1440,0.6388888888888888
KRW-BEAM,2026-09-10,328,1440,0.22777777777777777
KRW-BERA,2026-09-10,565,1440,0.3923611111111111
KRW-BFC,2026-09-10,610,1440,0.4236111111111111
KRW-BIGTIME,2026-09-10,543,1440,0.3770833333333333
KRW-BIO,2026-09-10,329,1440,0.22847222222222222
KRW-BIRB,2026-09-10,1240,1440,0.8611111111111112
KRW-BLAST,2026-09-10,1087,1440,0.7548611111111111
KRW-BLEND,2026-09-10,507,1440,0.35208333333333336
KRW-BLUR,2026-09-10,478,1440,0.33194444444444443
KRW-BORA,2026-09-10,697,1440,0.4840277777777778
KRW-BOUNTY,2026-09-10,285,1440,0.19791666666666666
KRW-BREV,2026-09-10,355,1440,0.2465277777777778
KRW-BSB,2026-09-10,222,1440,0.15416666666666667
KRW-BSV,2026-09-10,392,1440,0.2722222222222222
KRW-BTT,2026-09-10,857,1440,0.5951388888888889
KRW-CAP,2026-09-10,841,1440,0.5840277777777778
KRW-CARV,2026-09-10,357,1440,0.24791666666666667
KRW-CBK,2026-09-10,359,1440,0.24930555555555556
KRW-CC,2026-09-10,349,1440,0.2423611111111111
KRW-CELO,2026-09-10,338,1440,0.23472222222222222
KRW-CFG,2026-09-10,793,1440,0.5506944444444445
KRW-CFX,2026-09-10,106,1440,0.07361111111111111
KRW-CHIP,2026-09-10,1101,1440,0.7645833333333333
KRW-CHZ,2026-09-10,553,1440,0.3840277777777778
KRW-CKB,2026-09-10,723,1440,0.5020833333333333
KRW-COMP,2026-09-10,154,1440,0.10694444444444444
KRW-COW,2026-09-10,161,1440,0.11180555555555556
KRW-CP,2026-09-10,1343,1440,0.9326388888888889
KRW-CPOOL,2026-09-10,711,1440,0.49375
KRW-CRO,2026-09-10,818,1440,0.5680555555555555
KRW-CRV,2026-09-10,466,1440,0.3236111111111111
KRW-CTC,2026-09-10,364,1440,0.25277777777777777
KRW-CVC,2026-09-10,712,1440,0.49444444444444446
KRW-CYBER,2026-09-10,265,1440,0.1840277777777778
KRW-DATA,2026-09-10,942,1440,0.6541666666666667
KRW-DEEP,2026-09-10,377,1440,0.26180555555555557
KRW-DKA,2026-09-10,446,1440,0.30972222222222223
KRW-DOOD,2026-09-10,769,1440,0.5340277777777778
KRW-DOS,2026-09-10,894,1440,0.6208333333333333
KRW-DOT,2026-09-10,842,1440,0.5847222222222223
KRW-DRV,2026-09-10,535,1440,0.3715277777777778
KRW-EDGE,2026-09-10,476,1440,0.33055555555555555
KRW-EGLD,2026-09-10,867,1440,0.6020833333333333
KRW-ELF,2026-09-10,230,1440,0.1597222222222222
KRW-ELSA,2026-09-10,511,1440,0.3548611111111111
KRW-ENA,2026-09-10,1185,1440,0.8229166666666666
KRW-ENS,2026-09-10,1062,1440,0.7375
KRW-ENSO,2026-09-10,406,1440,0.28194444444444444
KRW-ERA,2026-09-10,583,1440,0.4048611111111111
KRW-ESP,2026-09-10,137,1440,0.09513888888888888
KRW-ETC,2026-09-10,1039,1440,0.7215277777777778
KRW-ETHFI,2026-09-10,588,1440,0.4083333333333333
KRW-EUL,2026-09-10,427,1440,0.2965277777777778
KRW-EURC,2026-09-10,105,1440,0.07291666666666667
KRW-F,2026-09-10,530,1440,0.3680555555555556
KRW-FCT2,2026-09-10,322,1440,0.22361111111111112
KRW-FF,2026-09-10,653,1440,0.4534722222222222
KRW-FIL,2026-09-10,610,1440,0.4236111111111111
KRW-FLOCK,2026-09-10,1412,1440,0.9805555555555555
KRW-FLUID,2026-09-10,223,1440,0.15486111111111112
KRW-FOLD,2026-09-10,834,1440,0.5791666666666667
KRW-G,2026-09-10,819,1440,0.56875
KRW-GAME2,2026-09-10,445,1440,0.3090277777777778
KRW-GAS,2026-09-10,564,1440,0.39166666666666666
KRW-GEOD,2026-09-10,210,1440,0.14583333333333334
KRW-GLM,2026-09-10,359,1440,0.24930555555555556
KRW-GMT,2026-09-10,408,1440,0.2833333333333333
KRW-GRT,2026-09-10,315,1440,0.21875
KRW-GRVT,2026-09-10,698,1440,0.4847222222222222
KRW-HBAR,2026-09-10,827,1440,0.5743055555555555
KRW-HIVE,2026-09-10,483,1440,0.33541666666666664
KRW-HOLO,2026-09-10,570,1440,0.3958333333333333
KRW-HOME,2026-09-10,582,1440,0.4041666666666667
KRW-HP,2026-09-10,310,1440,0.2152777777777778
KRW-HUNT,2026-09-10,177,1440,0.12291666666666666
KRW-HYPER,2026-09-10,611,1440,0.42430555555555555
KRW-ICP,2026-09-10,345,1440,0.23958333333333334
KRW-ICX,2026-09-10,500,1440,0.3472222222222222
KRW-ID,2026-09-10,495,1440,0.34375
KRW-IMX,2026-09-10,180,1440,0.125
KRW-IN,2026-09-10,704,1440,0.4888888888888889
KRW-INJ,2026-09-10,400,1440,0.2777777777777778
KRW-IO,2026-09-10,131,1440,0.09097222222222222
KRW-IOST,2026-09-10,1440,1440,1.0
KRW-IOTA,2026-09-10,588,1440,0.4083333333333333
KRW-IQ,2026-09-10,876,1440,0.6083333333333333
KRW-IRYS,2026-09-10,530,1440,0.3680555555555556
KRW-JPYC,2026-09-10,0,1440,0.0
KRW-JST,2026-09-10,105,1440,0.07291666666666667
KRW-JTO,2026-09-10,729,1440,0.50625
KRW-JUP,2026-09-10,636,1440,0.44166666666666665
KRW-KAITO,2026-09-10,632,1440,0.4388888888888889
KRW-KAT,2026-09-10,1430,1440,0.9930555555555556
KRW-KAVA,2026-09-10,479,1440,0.3326388888888889
KRW-KERNEL,2026-09-10,198,1440,0.1375
KRW-KITE,2026-09-10,471,1440,0.32708333333333334
KRW-KMNO,2026-09-10,127,1440,0.08819444444444445
KRW-KNC,2026-09-10,182,1440,0.12638888888888888
KRW-LA,2026-09-10,1284,1440,0.8916666666666667
KRW-LAYER,2026-09-10,560,1440,0.3888888888888889
KRW-LINEA,2026-09-10,247,1440,0.17152777777777778
KRW-LINK,2026-09-10,1226,1440,0.8513888888888889
KRW-LIT,2026-09-10,864,1440,0.6
KRW-LPT,2026-09-10,284,1440,0.19722222222222222
KRW-LSK,2026-09-10,854,1440,0.5930555555555556
KRW-MANA,2026-09-10,368,1440,0.25555555555555554
KRW-MANTRA,2026-09-10,635,1440,0.4409722222222222
KRW-MASK,2026-09-10,192,1440,0.13333333333333333
KRW-MBL,2026-09-10,500,1440,0.3472222222222222
KRW-ME,2026-09-10,576,1440,0.4
KRW-MED,2026-09-10,365,1440,0.2534722222222222
KRW-MEGA,2026-09-10,805,1440,0.5590277777777778
KRW-MET2,2026-09-10,364,1440,0.25277777777777777
KRW-META,2026-09-10,184,1440,0.12777777777777777
KRW-META2,2026-09-10,513,1440,0.35625
KRW-MEW,2026-09-10,448,1440,0.3111111111111111
KRW-MINA,2026-09-10,820,1440,0.5694444444444444
KRW-MIRA,2026-09-10,1273,1440,0.8840277777777777
KRW-MLK,2026-09-10,445,1440,0.3090277777777778
KRW-MMT,2026-09-10,490,1440,0.3402777777777778
KRW-MNT,2026-09-10,273,1440,0.18958333333333333
KRW-MOC,2026-09-10,418,1440,0.2902777777777778
KRW-MOCA,2026-09-10,293,1440,0.20347222222222222
KRW-MON,2026-09-10,501,1440,0.34791666666666665
KRW-MOODENG,2026-09-10,538,1440,0.3736111111111111
KRW-MORPHO,2026-09-10,492,1440,0.3416666666666667
KRW-MOVE,2026-09-10,679,1440,0.47152777777777777
KRW-MTL,2026-09-10,285,1440,0.19791666666666666
KRW-MVL,2026-09-10,379,1440,0.26319444444444445
KRW-NCT,2026-09-10,706,1440,0.49027777777777776
KRW-NEAR,2026-09-10,1381,1440,0.9590277777777778
KRW-NEO,2026-09-10,383,1440,0.2659722222222222
KRW-NEWT,2026-09-10,1010,1440,0.7013888888888888
KRW-NXPC,2026-09-10,368,1440,0.25555555555555554
KRW-O,2026-09-10,316,1440,0.21944444444444444
KRW-ONDO,2026-09-10,1341,1440,0.93125
KRW-ONG,2026-09-10,962,1440,0.6680555555555555
KRW-ONT,2026-09-10,543,1440,0.3770833333333333
KRW-OP,2026-09-10,275,1440,0.1909722222222222
KRW-OPEN,2026-09-10,337,1440,0.23402777777777778
KRW-OPG,2026-09-10,171,1440,0.11875
KRW-ORBS,2026-09-10,628,1440,0.4361111111111111
KRW-ORCA,2026-09-10,1003,1440,0.6965277777777777
KRW-ORDER,2026-09-10,886,1440,0.6152777777777778
KRW-PENDLE,2026-09-10,449,1440,0.31180555555555556
KRW-PENGU,2026-09-10,807,1440,0.5604166666666667
KRW-PEPE,2026-09-10,857,1440,0.5951388888888889
KRW-PIEVERSE,2026-09-10,839,1440,0.5826388888888889
KRW-PLUME,2026-09-10,367,1440,0.2548611111111111
KRW-POKT,2026-09-10,659,1440,0.4576388888888889
KRW-POL,2026-09-10,664,1440,0.46111111111111114
KRW-POLYX,2026-09-10,451,1440,0.31319444444444444
KRW-POWR,2026-09-10,402,1440,0.2791666666666667
KRW-PRL,2026-09-10,797,1440,0.5534722222222223
KRW-PROM,2026-09-10,1095,1440,0.7604166666666666
KRW-PROS,2026-09-10,1140,1440,0.7916666666666666
KRW-PROVE,2026-09-10,281,1440,0.1951388888888889
KRW-PUMP,2026-09-10,1056,1440,0.7333333333333333
KRW-PUNDIX,2026-09-10,296,1440,0.20555555555555555
KRW-PYTH,2026-09-10,542,1440,0.3763888888888889
KRW-PYUSD,2026-09-10,0,1440,0.0
KRW-QKC,2026-09-10,1058,1440,0.7347222222222223
KRW-QTUM,2026-09-10,356,1440,0.24722222222222223
KRW-QUID,2026-09-10,821,1440,0.5701388888888889
KRW-RAY,2026-09-10,1371,1440,0.9520833333333333
KRW-RE,2026-09-10,1149,1440,0.7979166666666667
KRW-RED,2026-09-10,327,1440,0.22708333333333333
KRW-RENDER,2026-09-10,611,1440,0.42430555555555555
KRW-RLUSD,2026-09-10,75,1440,0.052083333333333336
KRW-RVN,2026-09-10,862,1440,0.5986111111111111
KRW-SAFE,2026-09-10,216,1440,0.15
KRW-SAHARA,2026-09-10,1300,1440,0.9027777777777778
KRW-SAND,2026-09-10,1043,1440,0.7243055555555555
KRW-SC,2026-09-10,1343,1440,0.9326388888888889
KRW-SEI,2026-09-10,872,1440,0.6055555555555555
KRW-SENT,2026-09-10,319,1440,0.22152777777777777
KRW-SHIB,2026-09-10,1328,1440,0.9222222222222223
KRW-SIGN,2026-09-10,499,1440,0.34652777777777777
KRW-SKR,2026-09-10,1046,1440,0.7263888888888889
KRW-SKY,2026-09-10,349,1440,0.2423611111111111
KRW-SLX,2026-09-10,1138,1440,0.7902777777777777
KRW-SNT,2026-09-10,401,1440,0.27847222222222223
KRW-SOMI,2026-09-10,165,1440,0.11458333333333333
KRW-SONIC,2026-09-10,447,1440,0.3104166666666667
KRW-SOON,2026-09-10,259,1440,0.1798611111111111
KRW-SOPH,2026-09-10,1368,1440,0.95
KRW-SPK,2026-09-10,401,1440,0.27847222222222223
KRW-SPX,2026-09-10,313,1440,0.21736111111111112
KRW-STEEM,2026-09-10,302,1440,0.20972222222222223
KRW-STRAX,2026-09-10,562,1440,0.3902777777777778
KRW-STX,2026-09-10,769,1440,0.5340277777777778
KRW-SUI,2026-09-10,1281,1440,0.8895833333333333
KRW-SUN,2026-09-10,130,1440,0.09027777777777778
KRW-SUPER,2026-09-10,165,1440,0.11458333333333333
KRW-SYRUP,2026-09-10,335,1440,0.2326388888888889
KRW-T,2026-09-10,649,1440,0.45069444444444445
KRW-TAIKO,2026-09-10,306,1440,0.2125
KRW-TAO,2026-09-10,849,1440,0.5895833333333333
KRW-TFUEL,2026-09-10,327,1440,0.22708333333333333
KRW-THETA,2026-09-10,158,1440,0.10972222222222222
KRW-TIA,2026-09-10,246,1440,0.17083333333333334
KRW-TOKAMAK,2026-09-10,545,1440,0.3784722222222222
KRW-TOSHI,2026-09-10,510,1440,0.3541666666666667
KRW-TRAC,2026-09-10,329,1440,0.22847222222222222
KRW-TREE,2026-09-10,724,1440,0.5027777777777778
KRW-TRUMP,2026-09-10,1401,1440,0.9729166666666667
KRW-TRUST,2026-09-10,474,1440,0.32916666666666666
KRW-UNI,2026-09-10,1107,1440,0.76875
KRW-UP2,2026-09-10,1203,1440,0.8354166666666667
KRW-USD1,2026-09-10,216,1440,0.15
KRW-USDE,2026-09-10,52,1440,0.03611111111111111
KRW-USDG,2026-09-10,14,1440,0.009722222222222222
KRW-USDS,2026-09-10,30,1440,0.020833333333333332
KRW-VANA,2026-09-10,444,1440,0.30833333333333335
KRW-VET,2026-09-10,787,1440,0.5465277777777777
KRW-VIRTUAL,2026-09-10,1085,1440,0.7534722222222222
KRW-VTHO,2026-09-10,994,1440,0.6902777777777778
KRW-VVV,2026-09-10,1419,1440,0.9854166666666667
KRW-W,2026-09-10,333,1440,0.23125
KRW-WAL,2026-09-10,463,1440,0.3215277777777778
KRW-WAVES,2026-09-10,1393,1440,0.9673611111111111
KRW-WAXP,2026-09-10,376,1440,0.2611111111111111
KRW-WCT,2026-09-10,330,1440,0.22916666666666666
KRW-WET,2026-09-10,255,1440,0.17708333333333334
KRW-WIF,2026-09-10,75,1440,0.052083333333333336
KRW-WLD,2026-09-10,1350,1440,0.9375
KRW-WLFI,2026-09-10,617,1440,0.4284722222222222
KRW-XAUT,2026-09-10,311,1440,0.21597222222222223
KRW-XCN,2026-09-10,247,1440,0.17152777777777778
KRW-XEC,2026-09-10,821,1440,0.5701388888888889
KRW-XLM,2026-09-10,1277,1440,0.8868055555555555
KRW-XPL,2026-09-10,783,1440,0.54375
KRW-XTZ,2026-09-10,665,1440,0.4618055555555556
KRW-YGG,2026-09-10,250,1440,0.1736111111111111
KRW-ZAMA,2026-09-10,455,1440,0.3159722222222222
KRW-ZBT,2026-09-10,530,1440,0.3680555555555556
KRW-ZETA,2026-09-10,236,1440,0.1638888888888889
KRW-ZIL,2026-09-10,589,1440,0.40902777777777777
KRW-ZK,2026-09-10,396,1440,0.275
KRW-ZKC,2026-09-10,577,1440,0.40069444444444446
KRW-ZKP,2026-09-10,543,1440,0.3770833333333333
KRW-ZORA,2026-09-10,697,1440,0.4840277777777778
KRW-ZRO,2026-09-10,604,1440,0.41944444444444445
KRW-ZRX,2026-09-10,403,1440,0.2798611111111111
KRW-0G,2026-09-11,737,1440,0.5118055555555555
KRW-1INCH,2026-09-11,174,1440,0.12083333333333333
KRW-2Z,2026-09-11,371,1440,0.25763888888888886
KRW-A,2026-09-11,266,1440,0.18472222222222223
KRW-AAVE,2026-09-11,538,1440,0.3736111111111111
KRW-AERO,2026-09-11,314,1440,0.21805555555555556
KRW-AGLD,2026-09-11,272,1440,0.18888888888888888
KRW-AHT,2026-09-11,232,1440,0.16111111111111112
KRW-AI,2026-09-11,257,1440,0.17847222222222223
KRW-AKT,2026-09-11,409,1440,0.28402777777777777
KRW-ALGO,2026-09-11,588,1440,0.4083333333333333
KRW-ALT,2026-09-11,157,1440,0.10902777777777778
KRW-ANIME,2026-09-11,929,1440,0.6451388888888889
KRW-ANKR,2026-09-11,260,1440,0.18055555555555555
KRW-API3,2026-09-11,104,1440,0.07222222222222222
KRW-APT,2026-09-11,1007,1440,0.6993055555555555
KRW-ARB,2026-09-11,937,1440,0.6506944444444445
KRW-ARDR,2026-09-11,696,1440,0.48333333333333334
KRW-ARK,2026-09-11,540,1440,0.375
KRW-ARKM,2026-09-11,185,1440,0.1284722222222222
KRW-ARX,2026-09-11,862,1440,0.5986111111111111
KRW-ASTR,2026-09-11,214,1440,0.1486111111111111
KRW-ATH,2026-09-11,568,1440,0.39444444444444443
KRW-ATOM,2026-09-11,706,1440,0.49027777777777776
KRW-AUCTION,2026-09-11,255,1440,0.17708333333333334
KRW-AVAX,2026-09-11,827,1440,0.5743055555555555
KRW-AVNT,2026-09-11,373,1440,0.2590277777777778
KRW-AWE,2026-09-11,339,1440,0.23541666666666666
KRW-AXL,2026-09-11,207,1440,0.14375
KRW-AXS,2026-09-11,486,1440,0.3375
KRW-AZTEC,2026-09-11,225,1440,0.15625
KRW-B3,2026-09-11,1228,1440,0.8527777777777777
KRW-BABY,2026-09-11,113,1440,0.07847222222222222
KRW-BARD,2026-09-11,275,1440,0.1909722222222222
KRW-BAT,2026-09-11,216,1440,0.15
KRW-BCH,2026-09-11,1242,1440,0.8625
KRW-BEAM,2026-09-11,308,1440,0.21388888888888888
KRW-BERA,2026-09-11,358,1440,0.24861111111111112
KRW-BFC,2026-09-11,1439,1440,0.9993055555555556
KRW-BIGTIME,2026-09-11,330,1440,0.22916666666666666
KRW-BIO,2026-09-11,231,1440,0.16041666666666668
KRW-BIRB,2026-09-11,1232,1440,0.8555555555555555
KRW-BLAST,2026-09-11,1099,1440,0.7631944444444444
KRW-BLEND,2026-09-11,360,1440,0.25
KRW-BLUR,2026-09-11,844,1440,0.5861111111111111
KRW-BORA,2026-09-11,358,1440,0.24861111111111112
KRW-BOUNTY,2026-09-11,326,1440,0.2263888888888889
KRW-BREV,2026-09-11,302,1440,0.20972222222222223
KRW-BSB,2026-09-11,259,1440,0.1798611111111111
KRW-BSV,2026-09-11,395,1440,0.2743055555555556
KRW-BTT,2026-09-11,565,1440,0.3923611111111111
KRW-CAP,2026-09-11,481,1440,0.33402777777777776
KRW-CARV,2026-09-11,228,1440,0.15833333333333333
KRW-CBK,2026-09-11,277,1440,0.19236111111111112
KRW-CC,2026-09-11,385,1440,0.2673611111111111
KRW-CELO,2026-09-11,202,1440,0.14027777777777778
KRW-CFG,2026-09-11,590,1440,0.4097222222222222
KRW-CFX,2026-09-11,90,1440,0.0625
KRW-CHIP,2026-09-11,917,1440,0.6368055555555555
KRW-CHZ,2026-09-11,402,1440,0.2791666666666667
KRW-CKB,2026-09-11,441,1440,0.30625
KRW-COMP,2026-09-11,158,1440,0.10972222222222222
KRW-COW,2026-09-11,84,1440,0.058333333333333334
KRW-CP,2026-09-11,1182,1440,0.8208333333333333
KRW-CPOOL,2026-09-11,509,1440,0.35347222222222224
KRW-CRO,2026-09-11,444,1440,0.30833333333333335
KRW-CRV,2026-09-11,338,1440,0.23472222222222222
KRW-CTC,2026-09-11,274,1440,0.19027777777777777
KRW-CVC,2026-09-11,519,1440,0.36041666666666666
KRW-CYBER,2026-09-11,210,1440,0.14583333333333334
KRW-DATA,2026-09-11,850,1440,0.5902777777777778
KRW-DEEP,2026-09-11,324,1440,0.225
KRW-DKA,2026-09-11,277,1440,0.19236111111111112
KRW-DOOD,2026-09-11,470,1440,0.3263888888888889
KRW-DOS,2026-09-11,579,1440,0.40208333333333335
KRW-DOT,2026-09-11,865,1440,0.6006944444444444
KRW-DRV,2026-09-11,375,1440,0.2604166666666667
KRW-EDGE,2026-09-11,339,1440,0.23541666666666666
KRW-EGLD,2026-09-11,565,1440,0.3923611111111111
KRW-ELF,2026-09-11,145,1440,0.10069444444444445
KRW-ELSA,2026-09-11,292,1440,0.20277777777777778
KRW-ENA,2026-09-11,1075,1440,0.7465277777777778
KRW-ENS,2026-09-11,886,1440,0.6152777777777778
KRW-ENSO,2026-09-11,335,1440,0.2326388888888889
KRW-ERA,2026-09-11,494,1440,0.34305555555555556
KRW-ESP,2026-09-11,126,1440,0.0875
KRW-ETC,2026-09-11,901,1440,0.6256944444444444
KRW-ETHFI,2026-09-11,1190,1440,0.8263888888888888
KRW-EUL,2026-09-11,342,1440,0.2375
KRW-EURC,2026-09-11,44,1440,0.030555555555555555
KRW-F,2026-09-11,394,1440,0.27361111111111114
KRW-FCT2,2026-09-11,443,1440,0.3076388888888889
KRW-FF,2026-09-11,795,1440,0.5520833333333334
KRW-FIL,2026-09-11,537,1440,0.3729166666666667
KRW-FLOCK,2026-09-11,1286,1440,0.8930555555555556
KRW-FLUID,2026-09-11,262,1440,0.18194444444444444
KRW-FOLD,2026-09-11,764,1440,0.5305555555555556
KRW-G,2026-09-11,459,1440,0.31875
KRW-GAME2,2026-09-11,237,1440,0.16458333333333333
KRW-GAS,2026-09-11,626,1440,0.43472222222222223
KRW-GEOD,2026-09-11,177,1440,0.12291666666666666
KRW-GLM,2026-09-11,250,1440,0.1736111111111111
KRW-GMT,2026-09-11,381,1440,0.26458333333333334
KRW-GRT,2026-09-11,278,1440,0.19305555555555556
KRW-GRVT,2026-09-11,722,1440,0.5013888888888889
KRW-HBAR,2026-09-11,749,1440,0.5201388888888889
KRW-HIVE,2026-09-11,371,1440,0.25763888888888886
KRW-HOLO,2026-09-11,471,1440,0.32708333333333334
KRW-HOME,2026-09-11,372,1440,0.25833333333333336
KRW-HP,2026-09-11,393,1440,0.27291666666666664
KRW-HUNT,2026-09-11,435,1440,0.3020833333333333
KRW-HYPER,2026-09-11,359,1440,0.24930555555555556
KRW-ICP,2026-09-11,309,1440,0.21458333333333332
KRW-ICX,2026-09-11,452,1440,0.3138888888888889
KRW-ID,2026-09-11,375,1440,0.2604166666666667
KRW-IMX,2026-09-11,182,1440,0.12638888888888888
KRW-IN,2026-09-11,489,1440,0.33958333333333335
KRW-INJ,2026-09-11,324,1440,0.225
KRW-IO,2026-09-11,97,1440,0.06736111111111111
KRW-IOST,2026-09-11,1407,1440,0.9770833333333333
KRW-IOTA,2026-09-11,392,1440,0.2722222222222222
KRW-IQ,2026-09-11,649,1440,0.45069444444444445
KRW-IRYS,2026-09-11,382,1440,0.2652777777777778
KRW-JPYC,2026-09-11,0,1440,0.0
KRW-JST,2026-09-11,91,1440,0.06319444444444444
KRW-JTO,2026-09-11,549,1440,0.38125
KRW-JUP,2026-09-11,698,1440,0.4847222222222222
KRW-KAITO,2026-09-11,515,1440,0.3576388888888889
KRW-KAT,2026-09-11,1307,1440,0.9076388888888889
KRW-KAVA,2026-09-11,511,1440,0.3548611111111111
KRW-KERNEL,2026-09-11,130,1440,0.09027777777777778
KRW-KITE,2026-09-11,347,1440,0.24097222222222223
KRW-KMNO,2026-09-11,97,1440,0.06736111111111111
KRW-KNC,2026-09-11,343,1440,0.23819444444444443
KRW-LA,2026-09-11,1185,1440,0.8229166666666666
KRW-LAYER,2026-09-11,358,1440,0.24861111111111112
KRW-LINEA,2026-09-11,197,1440,0.13680555555555557
KRW-LINK,2026-09-11,1141,1440,0.7923611111111111
KRW-LIT,2026-09-11,656,1440,0.45555555555555555
KRW-LPT,2026-09-11,211,1440,0.14652777777777778
KRW-LSK,2026-09-11,992,1440,0.6888888888888889
KRW-MANA,2026-09-11,294,1440,0.20416666666666666
KRW-MANTRA,2026-09-11,507,1440,0.35208333333333336
KRW-MASK,2026-09-11,145,1440,0.10069444444444445
KRW-MBL,2026-09-11,353,1440,0.24513888888888888
KRW-ME,2026-09-11,492,1440,0.3416666666666667
KRW-MED,2026-09-11,219,1440,0.15208333333333332
KRW-MEGA,2026-09-11,460,1440,0.3194444444444444
KRW-MET2,2026-09-11,733,1440,0.5090277777777777
KRW-META,2026-09-11,141,1440,0.09791666666666667
KRW-META2,2026-09-11,377,1440,0.26180555555555557
KRW-MEW,2026-09-11,346,1440,0.24027777777777778
KRW-MINA,2026-09-11,501,1440,0.34791666666666665
KRW-MIRA,2026-09-11,1004,1440,0.6972222222222222
KRW-MLK,2026-09-11,372,1440,0.25833333333333336
KRW-MMT,2026-09-11,489,1440,0.33958333333333335
KRW-MNT,2026-09-11,217,1440,0.15069444444444444
KRW-MOC,2026-09-11,230,1440,0.1597222222222222
KRW-MOCA,2026-09-11,225,1440,0.15625
KRW-MON,2026-09-11,394,1440,0.27361111111111114
KRW-MOODENG,2026-09-11,315,1440,0.21875
KRW-MORPHO,2026-09-11,514,1440,0.35694444444444445
KRW-MOVE,2026-09-11,453,1440,0.3145833333333333
KRW-MTL,2026-09-11,428,1440,0.2972222222222222
KRW-MVL,2026-09-11,230,1440,0.1597222222222222
KRW-NCT,2026-09-11,1050,1440,0.7291666666666666
KRW-NEAR,2026-09-11,1299,1440,0.9020833333333333
KRW-NEO,2026-09-11,348,1440,0.24166666666666667
KRW-NEWT,2026-09-11,1134,1440,0.7875
KRW-NXPC,2026-09-11,284,1440,0.19722222222222222
KRW-O,2026-09-11,219,1440,0.15208333333333332
KRW-ONDO,2026-09-11,1281,1440,0.8895833333333333
KRW-ONG,2026-09-11,992,1440,0.6888888888888889
KRW-ONT,2026-09-11,449,1440,0.31180555555555556
KRW-OP,2026-09-11,240,1440,0.16666666666666666
KRW-OPEN,2026-09-11,234,1440,0.1625
KRW-OPG,2026-09-11,175,1440,0.12152777777777778
KRW-ORBS,2026-09-11,613,1440,0.42569444444444443
KRW-ORCA,2026-09-11,718,1440,0.4986111111111111
KRW-ORDER,2026-09-11,828,1440,0.575
KRW-PENDLE,2026-09-11,420,1440,0.2916666666666667
KRW-PENGU,2026-09-11,587,1440,0.4076388888888889
KRW-PEPE,2026-09-11,737,1440,0.5118055555555555
KRW-PIEVERSE,2026-09-11,664,1440,0.46111111111111114
KRW-PLUME,2026-09-11,611,1440,0.42430555555555555
KRW-POKT,2026-09-11,490,1440,0.3402777777777778
KRW-POL,2026-09-11,583,1440,0.4048611111111111
KRW-POLYX,2026-09-11,344,1440,0.2388888888888889
KRW-POWR,2026-09-11,345,1440,0.23958333333333334
KRW-PRL,2026-09-11,562,1440,0.3902777777777778
KRW-PROM,2026-09-11,830,1440,0.5763888888888888
KRW-PROS,2026-09-11,806,1440,0.5597222222222222
KRW-PROVE,2026-09-11,164,1440,0.11388888888888889
KRW-PUMP,2026-09-11,814,1440,0.5652777777777778
KRW-PUNDIX,2026-09-11,256,1440,0.17777777777777778
KRW-PYTH,2026-09-11,371,1440,0.25763888888888886
KRW-PYUSD,2026-09-11,0,1440,0.0
KRW-QKC,2026-09-11,882,1440,0.6125
KRW-QTUM,2026-09-11,305,1440,0.21180555555555555
KRW-QUID,2026-09-11,611,1440,0.42430555555555555
KRW-RAY,2026-09-11,1379,1440,0.9576388888888889
KRW-RE,2026-09-11,889,1440,0.6173611111111111
KRW-RED,2026-09-11,187,1440,0.12986111111111112
KRW-RENDER,2026-09-11,508,1440,0.3527777777777778
KRW-RLUSD,2026-09-11,83,1440,0.05763888888888889
KRW-RVN,2026-09-11,1144,1440,0.7944444444444444
KRW-SAFE,2026-09-11,127,1440,0.08819444444444445
KRW-SAHARA,2026-09-11,1032,1440,0.7166666666666667
KRW-SAND,2026-09-11,796,1440,0.5527777777777778
KRW-SC,2026-09-11,1137,1440,0.7895833333333333
KRW-SEI,2026-09-11,826,1440,0.5736111111111111
KRW-SENT,2026-09-11,153,1440,0.10625
KRW-SHIB,2026-09-11,1294,1440,0.8986111111111111
KRW-SIGN,2026-09-11,418,1440,0.2902777777777778
KRW-SKR,2026-09-11,919,1440,0.6381944444444444
KRW-SKY,2026-09-11,241,1440,0.1673611111111111
KRW-SLX,2026-09-11,1009,1440,0.7006944444444444
KRW-SNT,2026-09-11,445,1440,0.3090277777777778
KRW-SOMI,2026-09-11,192,1440,0.13333333333333333
KRW-SONIC,2026-09-11,485,1440,0.3368055555555556
KRW-SOON,2026-09-11,249,1440,0.17291666666666666
KRW-SOPH,2026-09-11,1204,1440,0.8361111111111111
KRW-SPK,2026-09-11,234,1440,0.1625
KRW-SPX,2026-09-11,173,1440,0.12013888888888889
KRW-STEEM,2026-09-11,251,1440,0.17430555555555555
KRW-STRAX,2026-09-11,342,1440,0.2375
KRW-STX,2026-09-11,682,1440,0.4736111111111111
KRW-SUI,2026-09-11,1281,1440,0.8895833333333333
KRW-SUN,2026-09-11,105,1440,0.07291666666666667
KRW-SUPER,2026-09-11,67,1440,0.04652777777777778
KRW-SYRUP,2026-09-11,350,1440,0.24305555555555555
KRW-T,2026-09-11,462,1440,0.32083333333333336
KRW-TAIKO,2026-09-11,207,1440,0.14375
KRW-TAO,2026-09-11,783,1440,0.54375
KRW-TFUEL,2026-09-11,954,1440,0.6625
KRW-THETA,2026-09-11,854,1440,0.5930555555555556
KRW-TIA,2026-09-11,218,1440,0.15138888888888888
KRW-TOKAMAK,2026-09-11,425,1440,0.2951388888888889
KRW-TOSHI,2026-09-11,217,1440,0.15069444444444444
KRW-TRAC,2026-09-11,885,1440,0.6145833333333334
KRW-TREE,2026-09-11,569,1440,0.3951388888888889
KRW-TRUMP,2026-09-11,1376,1440,0.9555555555555556
KRW-TRUST,2026-09-11,247,1440,0.17152777777777778
KRW-UNI,2026-09-11,950,1440,0.6597222222222222
KRW-UP2,2026-09-11,1396,1440,0.9694444444444444
KRW-USD1,2026-09-11,206,1440,0.14305555555555555
KRW-USDE,2026-09-11,24,1440,0.016666666666666666
KRW-USDG,2026-09-11,24,1440,0.016666666666666666
KRW-USDS,2026-09-11,16,1440,0.011111111111111112
KRW-VANA,2026-09-11,363,1440,0.2520833333333333
KRW-VET,2026-09-11,667,1440,0.46319444444444446
KRW-VIRTUAL,2026-09-11,843,1440,0.5854166666666667
KRW-VTHO,2026-09-11,1440,1440,1.0
KRW-VVV,2026-09-11,1205,1440,0.8368055555555556
KRW-W,2026-09-11,254,1440,0.1763888888888889
KRW-WAL,2026-09-11,334,1440,0.23194444444444445
KRW-WAVES,2026-09-11,1042,1440,0.7236111111111111
KRW-WAXP,2026-09-11,287,1440,0.19930555555555557
KRW-WCT,2026-09-11,244,1440,0.16944444444444445
KRW-WET,2026-09-11,220,1440,0.1527777777777778
KRW-WIF,2026-09-11,68,1440,0.04722222222222222
KRW-WLD,2026-09-11,1230,1440,0.8541666666666666
KRW-WLFI,2026-09-11,710,1440,0.4930555555555556
KRW-XAUT,2026-09-11,330,1440,0.22916666666666666
KRW-XCN,2026-09-11,891,1440,0.61875
KRW-XEC,2026-09-11,644,1440,0.44722222222222224
KRW-XLM,2026-09-11,1206,1440,0.8375
KRW-XPL,2026-09-11,651,1440,0.45208333333333334
KRW-XTZ,2026-09-11,593,1440,0.41180555555555554
KRW-YGG,2026-09-11,171,1440,0.11875
KRW-ZAMA,2026-09-11,270,1440,0.1875
KRW-ZBT,2026-09-11,495,1440,0.34375
KRW-ZETA,2026-09-11,182,1440,0.12638888888888888
KRW-ZIL,2026-09-11,611,1440,0.42430555555555555
KRW-ZK,2026-09-11,215,1440,0.14930555555555555
KRW-ZKC,2026-09-11,405,1440,0.28125
KRW-ZKP,2026-09-11,403,1440,0.2798611111111111
KRW-ZORA,2026-09-11,564,1440,0.39166666666666666
KRW-ZRO,2026-09-11,455,1440,0.3159722222222222
KRW-ZRX,2026-09-11,193,1440,0.13402777777777777
KRW-0G,2026-09-12,605,1440,0.4201388888888889
KRW-1INCH,2026-09-12,117,1440,0.08125
KRW-2Z,2026-09-12,269,1440,0.18680555555555556
KRW-A,2026-09-12,206,1440,0.14305555555555555
KRW-AAVE,2026-09-12,462,1440,0.32083333333333336
KRW-AERO,2026-09-12,311,1440,0.21597222222222223
KRW-AGLD,2026-09-12,280,1440,0.19444444444444445
KRW-AHT,2026-09-12,206,1440,0.14305555555555555
KRW-AI,2026-09-12,197,1440,0.13680555555555557
KRW-AKT,2026-09-12,356,1440,0.24722222222222223
KRW-ALGO,2026-09-12,393,1440,0.27291666666666664
KRW-ALT,2026-09-12,77,1440,0.05347222222222222
KRW-ANIME,2026-09-12,626,1440,0.43472222222222223
KRW-ANKR,2026-09-12,293,1440,0.20347222222222222
KRW-API3,2026-09-12,234,1440,0.1625
KRW-APT,2026-09-12,858,1440,0.5958333333333333
KRW-ARB,2026-09-12,774,1440,0.5375
KRW-ARDR,2026-09-12,398,1440,0.2763888888888889
KRW-ARK,2026-09-12,672,1440,0.4666666666666667
KRW-ARKM,2026-09-12,151,1440,0.10486111111111111
KRW-ARX,2026-09-12,603,1440,0.41875
KRW-ASTR,2026-09-12,220,1440,0.1527777777777778
KRW-ATH,2026-09-12,444,1440,0.30833333333333335
KRW-ATOM,2026-09-12,697,1440,0.4840277777777778
KRW-AUCTION,2026-09-12,215,1440,0.14930555555555555
KRW-AVAX,2026-09-12,703,1440,0.48819444444444443
KRW-AVNT,2026-09-12,301,1440,0.20902777777777778
KRW-AWE,2026-09-12,153,1440,0.10625
KRW-AXL,2026-09-12,172,1440,0.11944444444444445
KRW-AXS,2026-09-12,414,1440,0.2875
KRW-AZTEC,2026-09-12,161,1440,0.11180555555555556
KRW-B3,2026-09-12,832,1440,0.5777777777777777
KRW-BABY,2026-09-12,235,1440,0.16319444444444445
KRW-BARD,2026-09-12,282,1440,0.19583333333333333
KRW-BAT,2026-09-12,219,1440,0.15208333333333332
KRW-BCH,2026-09-12,876,1440,0.6083333333333333
KRW-BEAM,2026-09-12,364,1440,0.25277777777777777
KRW-BERA,2026-09-12,786,1440,0.5458333333333333
KRW-BFC,2026-09-12,1303,1440,0.9048611111111111
KRW-BIGTIME,2026-09-12,734,1440,0.5097222222222222
KRW-BIO,2026-09-12,167,1440,0.11597222222222223
KRW-BIRB,2026-09-12,805,1440,0.5590277777777778
KRW-BLAST,2026-09-12,764,1440,0.5305555555555556
KRW-BLEND,2026-09-12,230,1440,0.1597222222222222
KRW-BLUR,2026-09-12,1095,1440,0.7604166666666666
KRW-BORA,2026-09-12,201,1440,0.13958333333333334
KRW-BOUNTY,2026-09-12,159,1440,0.11041666666666666
KRW-BREV,2026-09-12,161,1440,0.11180555555555556
KRW-BSB,2026-09-12,341,1440,0.23680555555555555
KRW-BSV,2026-09-12,249,1440,0.17291666666666666
KRW-BTT,2026-09-12,557,1440,0.38680555555555557
KRW-CAP,2026-09-12,447,1440,0.3104166666666667
KRW-CARV,2026-09-12,251,1440,0.17430555555555555
KRW-CBK,2026-09-12,243,1440,0.16875
KRW-CC,2026-09-12,239,1440,0.16597222222222222
KRW-CELO,2026-09-12,244,1440,0.16944444444444445
KRW-CFG,2026-09-12,357,1440,0.24791666666666667
KRW-CFX,2026-09-12,71,1440,0.049305555555555554
KRW-CHIP,2026-09-12,703,1440,0.48819444444444443
KRW-CHZ,2026-09-12,798,1440,0.5541666666666667
KRW-CKB,2026-09-12,308,1440,0.21388888888888888
KRW-COMP,2026-09-12,92,1440,0.06388888888888888
KRW-COW,2026-09-12,248,1440,0.17222222222222222
KRW-CP,2026-09-12,1154,1440,0.8013888888888889
KRW-CPOOL,2026-09-12,261,1440,0.18125
KRW-CRO,2026-09-12,438,1440,0.30416666666666664
KRW-CRV,2026-09-12,202,1440,0.14027777777777778
KRW-CTC,2026-09-12,379,1440,0.26319444444444445
KRW-CVC,2026-09-12,578,1440,0.4013888888888889
KRW-CYBER,2026-09-12,481,1440,0.33402777777777776
KRW-DATA,2026-09-12,628,1440,0.4361111111111111
KRW-DEEP,2026-09-12,158,1440,0.10972222222222222
KRW-DKA,2026-09-12,231,1440,0.16041666666666668
KRW-DOOD,2026-09-12,480,1440,0.3333333333333333
KRW-DOS,2026-09-12,576,1440,0.4
KRW-DOT,2026-09-12,543,1440,0.3770833333333333
KRW-DRV,2026-09-12,261,1440,0.18125
KRW-EDGE,2026-09-12,236,1440,0.1638888888888889
KRW-EGLD,2026-09-12,404,1440,0.28055555555555556
KRW-ELF,2026-09-12,151,1440,0.10486111111111111
KRW-ELSA,2026-09-12,296,1440,0.20555555555555555
KRW-ENA,2026-09-12,1076,1440,0.7472222222222222
KRW-ENS,2026-09-12,781,1440,0.5423611111111111
KRW-ENSO,2026-09-12,563,1440,0.3909722222222222
KRW-ERA,2026-09-12,691,1440,0.4798611111111111
KRW-ESP,2026-09-12,233,1440,0.16180555555555556
KRW-ETC,2026-09-12,723,1440,0.5020833333333333
KRW-ETHFI,2026-09-12,1193,1440,0.8284722222222223
KRW-EUL,2026-09-12,308,1440,0.21388888888888888
KRW-EURC,2026-09-12,12,1440,0.008333333333333333
KRW-F,2026-09-12,324,1440,0.225
KRW-FCT2,2026-09-12,197,1440,0.13680555555555557
KRW-FF,2026-09-12,456,1440,0.31666666666666665
KRW-FIL,2026-09-12,489,1440,0.33958333333333335
KRW-FLOCK,2026-09-12,1180,1440,0.8194444444444444
KRW-FLUID,2026-09-12,126,1440,0.0875
KRW-FOLD,2026-09-12,526,1440,0.36527777777777776
KRW-G,2026-09-12,390,1440,0.2708333333333333
KRW-GAME2,2026-09-12,254,1440,0.1763888888888889
KRW-GAS,2026-09-12,429,1440,0.29791666666666666
KRW-GEOD,2026-09-12,126,1440,0.0875
KRW-GLM,2026-09-12,226,1440,0.15694444444444444
KRW-GMT,2026-09-12,300,1440,0.20833333333333334
KRW-GRT,2026-09-12,270,1440,0.1875
KRW-GRVT,2026-09-12,570,1440,0.3958333333333333
KRW-HBAR,2026-09-12,624,1440,0.43333333333333335
KRW-HIVE,2026-09-12,401,1440,0.27847222222222223
KRW-HOLO,2026-09-12,332,1440,0.23055555555555557
KRW-HOME,2026-09-12,367,1440,0.2548611111111111
KRW-HP,2026-09-12,258,1440,0.17916666666666667
KRW-HUNT,2026-09-12,309,1440,0.21458333333333332
KRW-HYPER,2026-09-12,315,1440,0.21875
KRW-ICP,2026-09-12,179,1440,0.12430555555555556
KRW-ICX,2026-09-12,195,1440,0.13541666666666666
KRW-ID,2026-09-12,301,1440,0.20902777777777778
KRW-IMX,2026-09-12,181,1440,0.12569444444444444
KRW-IN,2026-09-12,361,1440,0.25069444444444444
KRW-INJ,2026-09-12,221,1440,0.15347222222222223
KRW-IO,2026-09-12,52,1440,0.03611111111111111
KRW-IOST,2026-09-12,1287,1440,0.89375
KRW-IOTA,2026-09-12,296,1440,0.20555555555555555
KRW-IQ,2026-09-12,907,1440,0.6298611111111111
KRW-IRYS,2026-09-12,227,1440,0.15763888888888888
KRW-JPYC,2026-09-12,0,1440,0.0
KRW-JST,2026-09-12,166,1440,0.11527777777777778
KRW-JTO,2026-09-12,640,1440,0.4444444444444444
KRW-JUP,2026-09-12,556,1440,0.3861111111111111
KRW-KAITO,2026-09-12,420,1440,0.2916666666666667
KRW-KAT,2026-09-12,1090,1440,0.7569444444444444
KRW-KAVA,2026-09-12,485,1440,0.3368055555555556
KRW-KERNEL,2026-09-12,171,1440,0.11875
KRW-KITE,2026-09-12,384,1440,0.26666666666666666
KRW-KMNO,2026-09-12,52,1440,0.03611111111111111
KRW-KNC,2026-09-12,534,1440,0.37083333333333335
KRW-LA,2026-09-12,999,1440,0.69375
KRW-LAYER,2026-09-12,247,1440,0.17152777777777778
KRW-LINEA,2026-09-12,186,1440,0.12916666666666668
KRW-LINK,2026-09-12,1018,1440,0.7069444444444445
KRW-LIT,2026-09-12,469,1440,0.32569444444444445
KRW-LPT,2026-09-12,112,1440,0.07777777777777778
KRW-LSK,2026-09-12,1281,1440,0.8895833333333333
KRW-MANA,2026-09-12,167,1440,0.11597222222222223
KRW-MANTRA,2026-09-12,272,1440,0.18888888888888888
KRW-MASK,2026-09-12,207,1440,0.14375
KRW-MBL,2026-09-12,244,1440,0.16944444444444445
KRW-ME,2026-09-12,354,1440,0.24583333333333332
KRW-MED,2026-09-12,223,1440,0.15486111111111112
KRW-MEGA,2026-09-12,332,1440,0.23055555555555557
KRW-MET2,2026-09-12,1307,1440,0.9076388888888889
KRW-META,2026-09-12,88,1440,0.06111111111111111
KRW-META2,2026-09-12,293,1440,0.20347222222222222
KRW-MEW,2026-09-12,256,1440,0.17777777777777778
KRW-MINA,2026-09-12,964,1440,0.6694444444444444
KRW-MIRA,2026-09-12,716,1440,0.49722222222222223
KRW-MLK,2026-09-12,308,1440,0.21388888888888888
KRW-MMT,2026-09-12,232,1440,0.16111111111111112
KRW-MNT,2026-09-12,122,1440,0.08472222222222223
KRW-MOC,2026-09-12,146,1440,0.10138888888888889
KRW-MOCA,2026-09-12,203,1440,0.14097222222222222
KRW-MON,2026-09-12,278,1440,0.19305555555555556
KRW-MOODENG,2026-09-12,206,1440,0.14305555555555555
KRW-MORPHO,2026-09-12,323,1440,0.22430555555555556
KRW-MOVE,2026-09-12,358,1440,0.24861111111111112
KRW-MTL,2026-09-12,937,1440,0.6506944444444445
KRW-MVL,2026-09-12,164,1440,0.11388888888888889
KRW-NCT,2026-09-12,357,1440,0.24791666666666667
KRW-NEAR,2026-09-12,1338,1440,0.9291666666666667
KRW-NEO,2026-09-12,276,1440,0.19166666666666668
KRW-NEWT,2026-09-12,716,1440,0.49722222222222223
KRW-NXPC,2026-09-12,206,1440,0.14305555555555555
KRW-O,2026-09-12,180,1440,0.125
KRW-ONDO,2026-09-12,1207,1440,0.8381944444444445
KRW-ONG,2026-09-12,705,1440,0.4895833333333333
KRW-ONT,2026-09-12,342,1440,0.2375
KRW-OP,2026-09-12,196,1440,0.1361111111111111
KRW-OPEN,2026-09-12,362,1440,0.2513888888888889
KRW-OPG,2026-09-12,172,1440,0.11944444444444445
KRW-ORBS,2026-09-12,257,1440,0.17847222222222223
KRW-ORCA,2026-09-12,566,1440,0.39305555555555555
KRW-ORDER,2026-09-12,318,1440,0.22083333333333333
KRW-PENDLE,2026-09-12,587,1440,0.4076388888888889
KRW-PENGU,2026-09-12,785,1440,0.5451388888888888
KRW-PEPE,2026-09-12,681,1440,0.47291666666666665
KRW-PIEVERSE,2026-09-12,484,1440,0.33611111111111114
KRW-PLUME,2026-09-12,693,1440,0.48125
KRW-POKT,2026-09-12,337,1440,0.23402777777777778
KRW-POL,2026-09-12,378,1440,0.2625
KRW-POLYX,2026-09-12,277,1440,0.19236111111111112
KRW-POWR,2026-09-12,501,1440,0.34791666666666665
KRW-PRL,2026-09-12,461,1440,0.32013888888888886
KRW-PROM,2026-09-12,1059,1440,0.7354166666666667
KRW-PROS,2026-09-12,377,1440,0.26180555555555557
KRW-PROVE,2026-09-12,148,1440,0.10277777777777777
KRW-PUMP,2026-09-12,684,1440,0.475
KRW-PUNDIX,2026-09-12,783,1440,0.54375
KRW-PYTH,2026-09-12,377,1440,0.26180555555555557
KRW-PYUSD,2026-09-12,0,1440,0.0
KRW-QKC,2026-09-12,515,1440,0.3576388888888889
KRW-QTUM,2026-09-12,342,1440,0.2375
KRW-QUID,2026-09-12,589,1440,0.40902777777777777
KRW-RAY,2026-09-12,1409,1440,0.9784722222222222
KRW-RE,2026-09-12,706,1440,0.49027777777777776
KRW-RED,2026-09-12,209,1440,0.1451388888888889
KRW-RENDER,2026-09-12,383,1440,0.2659722222222222
KRW-RLUSD,2026-09-12,40,1440,0.027777777777777776
KRW-RVN,2026-09-12,789,1440,0.5479166666666667
KRW-SAFE,2026-09-12,120,1440,0.08333333333333333
KRW-SAHARA,2026-09-12,684,1440,0.475
KRW-SAND,2026-09-12,486,1440,0.3375
KRW-SC,2026-09-12,1179,1440,0.81875
KRW-SEI,2026-09-12,637,1440,0.4423611111111111
KRW-SENT,2026-09-12,165,1440,0.11458333333333333
KRW-SHIB,2026-09-12,1205,1440,0.8368055555555556
KRW-SIGN,2026-09-12,287,1440,0.19930555555555557
KRW-SKR,2026-09-12,719,1440,0.49930555555555556
KRW-SKY,2026-09-12,207,1440,0.14375
KRW-SLX,2026-09-12,723,1440,0.5020833333333333
KRW-SNT,2026-09-12,250,1440,0.1736111111111111
KRW-SOMI,2026-09-12,429,1440,0.29791666666666666
KRW-SONIC,2026-09-12,627,1440,0.4354166666666667
KRW-SOON,2026-09-12,163,1440,0.11319444444444444
KRW-SOPH,2026-09-12,1392,1440,0.9666666666666667
KRW-SPK,2026-09-12,211,1440,0.14652777777777778
KRW-SPX,2026-09-12,150,1440,0.10416666666666667
KRW-STEEM,2026-09-12,441,1440,0.30625
KRW-STRAX,2026-09-12,332,1440,0.23055555555555557
KRW-STX,2026-09-12,772,1440,0.5361111111111111
KRW-SUI,2026-09-12,1310,1440,0.9097222222222222
KRW-SUN,2026-09-12,69,1440,0.04791666666666667
KRW-SUPER,2026-09-12,139,1440,0.09652777777777778
KRW-SYRUP,2026-09-12,191,1440,0.1326388888888889
KRW-T,2026-09-12,379,1440,0.26319444444444445
KRW-TAIKO,2026-09-12,209,1440,0.1451388888888889
KRW-TAO,2026-09-12,675,1440,0.46875
KRW-TFUEL,2026-09-12,1270,1440,0.8819444444444444
KRW-THETA,2026-09-12,735,1440,0.5104166666666666
KRW-TIA,2026-09-12,252,1440,0.175
KRW-TOKAMAK,2026-09-12,397,1440,0.27569444444444446
KRW-TOSHI,2026-09-12,154,1440,0.10694444444444444
KRW-TRAC,2026-09-12,735,1440,0.5104166666666666
KRW-TREE,2026-09-12,1004,1440,0.6972222222222222
KRW-TRUMP,2026-09-12,1336,1440,0.9277777777777778
KRW-TRUST,2026-09-12,327,1440,0.22708333333333333
KRW-UNI,2026-09-12,977,1440,0.6784722222222223
KRW-UP2,2026-09-12,1090,1440,0.7569444444444444
KRW-USD1,2026-09-12,137,1440,0.09513888888888888
KRW-USDE,2026-09-12,11,1440,0.007638888888888889
KRW-USDG,2026-09-12,9,1440,0.00625
KRW-USDS,2026-09-12,22,1440,0.015277777777777777
KRW-VANA,2026-09-12,259,1440,0.1798611111111111
KRW-VET,2026-09-12,472,1440,0.3277777777777778
KRW-VIRTUAL,2026-09-12,739,1440,0.5131944444444444
KRW-VTHO,2026-09-12,1406,1440,0.9763888888888889
KRW-VVV,2026-09-12,883,1440,0.6131944444444445
KRW-W,2026-09-12,209,1440,0.1451388888888889
KRW-WAL,2026-09-12,362,1440,0.2513888888888889
KRW-WAVES,2026-09-12,890,1440,0.6180555555555556
KRW-WAXP,2026-09-12,336,1440,0.23333333333333334
KRW-WCT,2026-09-12,346,1440,0.24027777777777778
KRW-WET,2026-09-12,195,1440,0.13541666666666666
KRW-WIF,2026-09-12,86,1440,0.059722222222222225
KRW-WLD,2026-09-12,1166,1440,0.8097222222222222
KRW-WLFI,2026-09-12,851,1440,0.5909722222222222
KRW-XAUT,2026-09-12,201,1440,0.13958333333333334
KRW-XCN,2026-09-12,994,1440,0.6902777777777778
KRW-XEC,2026-09-12,522,1440,0.3625
KRW-XLM,2026-09-12,1081,1440,0.7506944444444444
KRW-XPL,2026-09-12,598,1440,0.4152777777777778
KRW-XTZ,2026-09-12,368,1440,0.25555555555555554
KRW-YGG,2026-09-12,157,1440,0.10902777777777778
KRW-ZAMA,2026-09-12,198,1440,0.1375
KRW-ZBT,2026-09-12,454,1440,0.31527777777777777
KRW-ZETA,2026-09-12,168,1440,0.11666666666666667
KRW-ZIL,2026-09-12,515,1440,0.3576388888888889
KRW-ZK,2026-09-12,232,1440,0.16111111111111112
KRW-ZKC,2026-09-12,420,1440,0.2916666666666667
KRW-ZKP,2026-09-12,346,1440,0.24027777777777778
KRW-ZORA,2026-09-12,455,1440,0.3159722222222222
KRW-ZRO,2026-09-12,518,1440,0.3597222222222222
KRW-ZRX,2026-09-12,292,1440,0.20277777777777778
KRW-0G,2026-09-13,803,1440,0.5576388888888889
KRW-1INCH,2026-09-13,281,1440,0.1951388888888889
KRW-2Z,2026-09-13,557,1440,0.38680555555555557
KRW-A,2026-09-13,449,1440,0.31180555555555556
KRW-AAVE,2026-09-13,443,1440,0.3076388888888889
KRW-AERO,2026-09-13,190,1440,0.13194444444444445
KRW-AGLD,2026-09-13,631,1440,0.43819444444444444
KRW-AHT,2026-09-13,404,1440,0.28055555555555556
KRW-AI,2026-09-13,281,1440,0.1951388888888889
KRW-AKT,2026-09-13,394,1440,0.27361111111111114
KRW-ALGO,2026-09-13,440,1440,0.3055555555555556
KRW-ALT,2026-09-13,160,1440,0.1111111111111111
KRW-ANIME,2026-09-13,727,1440,0.5048611111111111
KRW-ANKR,2026-09-13,596,1440,0.41388888888888886
KRW-API3,2026-09-13,666,1440,0.4625
KRW-APT,2026-09-13,808,1440,0.5611111111111111
KRW-ARB,2026-09-13,745,1440,0.5173611111111112
KRW-ARDR,2026-09-13,1024,1440,0.7111111111111111
KRW-ARK,2026-09-13,1120,1440,0.7777777777777778
KRW-ARKM,2026-09-13,166,1440,0.11527777777777778
KRW-ARX,2026-09-13,739,1440,0.5131944444444444
KRW-ASTR,2026-09-13,350,1440,0.24305555555555555
KRW-ATH,2026-09-13,578,1440,0.4013888888888889
KRW-ATOM,2026-09-13,694,1440,0.48194444444444445
KRW-AUCTION,2026-09-13,335,1440,0.2326388888888889
KRW-AVAX,2026-09-13,734,1440,0.5097222222222222
KRW-AVNT,2026-09-13,353,1440,0.24513888888888888
KRW-AWE,2026-09-13,336,1440,0.23333333333333334
KRW-AXL,2026-09-13,307,1440,0.21319444444444444
KRW-AXS,2026-09-13,623,1440,0.4326388888888889
KRW-AZTEC,2026-09-13,255,1440,0.17708333333333334
KRW-B3,2026-09-13,1142,1440,0.7930555555555555
KRW-BABY,2026-09-13,353,1440,0.24513888888888888
KRW-BARD,2026-09-13,331,1440,0.2298611111111111
KRW-BAT,2026-09-13,477,1440,0.33125
KRW-BCH,2026-09-13,945,1440,0.65625
KRW-BEAM,2026-09-13,412,1440,0.2861111111111111
KRW-BERA,2026-09-13,1012,1440,0.7027777777777777
KRW-BFC,2026-09-13,1188,1440,0.825
KRW-BIGTIME,2026-09-13,783,1440,0.54375
KRW-BIO,2026-09-13,145,1440,0.10069444444444445
KRW-BIRB,2026-09-13,959,1440,0.6659722222222222
KRW-BLAST,2026-09-13,1079,1440,0.7493055555555556
KRW-BLEND,2026-09-13,419,1440,0.29097222222222224
KRW-BLUR,2026-09-13,867,1440,0.6020833333333333
KRW-BORA,2026-09-13,605,1440,0.4201388888888889
KRW-BOUNTY,2026-09-13,360,1440,0.25
KRW-BREV,2026-09-13,251,1440,0.17430555555555555
KRW-BSB,2026-09-13,746,1440,0.5180555555555556
KRW-BSV,2026-09-13,424,1440,0.29444444444444445
KRW-BTT,2026-09-13,574,1440,0.39861111111111114
KRW-CAP,2026-09-13,730,1440,0.5069444444444444
KRW-CARV,2026-09-13,347,1440,0.24097222222222223
KRW-CBK,2026-09-13,727,1440,0.5048611111111111
KRW-CC,2026-09-13,357,1440,0.24791666666666667
KRW-CELO,2026-09-13,477,1440,0.33125
KRW-CFG,2026-09-13,448,1440,0.3111111111111111
KRW-CFX,2026-09-13,130,1440,0.09027777777777778
KRW-CHIP,2026-09-13,728,1440,0.5055555555555555
KRW-CHZ,2026-09-13,1045,1440,0.7256944444444444
KRW-CKB,2026-09-13,470,1440,0.3263888888888889
KRW-COMP,2026-09-13,140,1440,0.09722222222222222
KRW-COW,2026-09-13,222,1440,0.15416666666666667
KRW-CP,2026-09-13,1180,1440,0.8194444444444444
KRW-CPOOL,2026-09-13,326,1440,0.2263888888888889
KRW-CRO,2026-09-13,724,1440,0.5027777777777778
KRW-CRV,2026-09-13,373,1440,0.2590277777777778
KRW-CTC,2026-09-13,527,1440,0.3659722222222222
KRW-CVC,2026-09-13,1071,1440,0.74375
KRW-CYBER,2026-09-13,590,1440,0.4097222222222222
KRW-DATA,2026-09-13,757,1440,0.5256944444444445
KRW-DEEP,2026-09-13,375,1440,0.2604166666666667
KRW-DKA,2026-09-13,526,1440,0.36527777777777776
KRW-DOOD,2026-09-13,592,1440,0.4111111111111111
KRW-DOS,2026-09-13,894,1440,0.6208333333333333
KRW-DOT,2026-09-13,676,1440,0.46944444444444444
KRW-DRV,2026-09-13,185,1440,0.1284722222222222
KRW-EDGE,2026-09-13,406,1440,0.28194444444444444
KRW-EGLD,2026-09-13,517,1440,0.3590277777777778
KRW-ELF,2026-09-13,817,1440,0.5673611111111111
KRW-ELSA,2026-09-13,359,1440,0.24930555555555556
KRW-ENA,2026-09-13,851,1440,0.5909722222222222
KRW-ENS,2026-09-13,740,1440,0.5138888888888888
KRW-ENSO,2026-09-13,578,1440,0.4013888888888889
KRW-ERA,2026-09-13,721,1440,0.5006944444444444
KRW-ESP,2026-09-13,376,1440,0.2611111111111111
KRW-ETC,2026-09-13,817,1440,0.5673611111111111
KRW-ETHFI,2026-09-13,1202,1440,0.8347222222222223
KRW-EUL,2026-09-13,509,1440,0.35347222222222224
KRW-EURC,2026-09-13,35,1440,0.024305555555555556
KRW-F,2026-09-13,404,1440,0.28055555555555556
KRW-FCT2,2026-09-13,481,1440,0.33402777777777776
KRW-FF,2026-09-13,447,1440,0.3104166666666667
KRW-FIL,2026-09-13,630,1440,0.4375
KRW-FLOCK,2026-09-13,1429,1440,0.9923611111111111
KRW-FLUID,2026-09-13,201,1440,0.13958333333333334
KRW-FOLD,2026-09-13,677,1440,0.4701388888888889
KRW-G,2026-09-13,477,1440,0.33125
KRW-GAME2,2026-09-13,401,1440,0.27847222222222223
KRW-GAS,2026-09-13,919,1440,0.6381944444444444
KRW-GEOD,2026-09-13,180,1440,0.125
KRW-GLM,2026-09-13,845,1440,0.5868055555555556
KRW-GMT,2026-09-13,656,1440,0.45555555555555555
KRW-GRT,2026-09-13,352,1440,0.24444444444444444
KRW-GRVT,2026-09-13,521,1440,0.36180555555555555
KRW-HBAR,2026-09-13,644,1440,0.44722222222222224
KRW-HIVE,2026-09-13,1033,1440,0.7173611111111111
KRW-HOLO,2026-09-13,363,1440,0.2520833333333333
KRW-HOME,2026-09-13,362,1440,0.2513888888888889
KRW-HP,2026-09-13,397,1440,0.27569444444444446
KRW-HUNT,2026-09-13,819,1440,0.56875
KRW-HYPER,2026-09-13,647,1440,0.44930555555555557
KRW-ICP,2026-09-13,234,1440,0.1625
KRW-ICX,2026-09-13,384,1440,0.26666666666666666
KRW-ID,2026-09-13,580,1440,0.4027777777777778
KRW-IMX,2026-09-13,181,1440,0.12569444444444444
KRW-IN,2026-09-13,496,1440,0.34444444444444444
KRW-INJ,2026-09-13,419,1440,0.29097222222222224
KRW-IO,2026-09-13,93,1440,0.06458333333333334
KRW-IOST,2026-09-13,1228,1440,0.8527777777777777
KRW-IOTA,2026-09-13,615,1440,0.4270833333333333
KRW-IQ,2026-09-13,879,1440,0.6104166666666667
KRW-IRYS,2026-09-13,395,1440,0.2743055555555556
KRW-JPYC,2026-09-13,0,1440,0.0
KRW-JST,2026-09-13,156,1440,0.10833333333333334
KRW-JTO,2026-09-13,461,1440,0.32013888888888886
KRW-JUP,2026-09-13,448,1440,0.3111111111111111
KRW-KAITO,2026-09-13,396,1440,0.275
KRW-KAT,2026-09-13,1011,1440,0.7020833333333333
KRW-KAVA,2026-09-13,927,1440,0.64375
KRW-KERNEL,2026-09-13,233,1440,0.16180555555555556
KRW-KITE,2026-09-13,455,1440,0.3159722222222222
KRW-KMNO,2026-09-13,79,1440,0.05486111111111111
KRW-KNC,2026-09-13,756,1440,0.525
KRW-LA,2026-09-13,1079,1440,0.7493055555555556
KRW-LAYER,2026-09-13,419,1440,0.29097222222222224
KRW-LINEA,2026-09-13,203,1440,0.14097222222222222
KRW-LINK,2026-09-13,976,1440,0.6777777777777778
KRW-LIT,2026-09-13,440,1440,0.3055555555555556
KRW-LPT,2026-09-13,236,1440,0.1638888888888889
KRW-LSK,2026-09-13,1440,1440,1.0
KRW-MANA,2026-09-13,377,1440,0.26180555555555557
KRW-MANTRA,2026-09-13,574,1440,0.39861111111111114
KRW-MASK,2026-09-13,209,1440,0.1451388888888889
KRW-MBL,2026-09-13,478,1440,0.33194444444444443
KRW-ME,2026-09-13,699,1440,0.48541666666666666
KRW-MED,2026-09-13,405,1440,0.28125
KRW-MEGA,2026-09-13,425,1440,0.2951388888888889
KRW-MET2,2026-09-13,1025,1440,0.7118055555555556
KRW-META,2026-09-13,362,1440,0.2513888888888889
KRW-META2,2026-09-13,413,1440,0.28680555555555554
KRW-MEW,2026-09-13,332,1440,0.23055555555555557
KRW-MINA,2026-09-13,703,1440,0.48819444444444443
KRW-MIRA,2026-09-13,868,1440,0.6027777777777777
KRW-MLK,2026-09-13,681,1440,0.47291666666666665
KRW-MMT,2026-09-13,352,1440,0.24444444444444444
KRW-MNT,2026-09-13,195,1440,0.13541666666666666
KRW-MOC,2026-09-13,536,1440,0.37222222222222223
KRW-MOCA,2026-09-13,364,1440,0.25277777777777777
KRW-MON,2026-09-13,338,1440,0.23472222222222222
KRW-MOODENG,2026-09-13,285,1440,0.19791666666666666
KRW-MORPHO,2026-09-13,520,1440,0.3611111111111111
KRW-MOVE,2026-09-13,584,1440,0.40555555555555556
KRW-MTL,2026-09-13,1419,1440,0.9854166666666667
KRW-MVL,2026-09-13,285,1440,0.19791666666666666
KRW-NCT,2026-09-13,510,1440,0.3541666666666667
KRW-NEAR,2026-09-13,1190,1440,0.8263888888888888
KRW-NEO,2026-09-13,560,1440,0.3888888888888889
KRW-NEWT,2026-09-13,800,1440,0.5555555555555556
KRW-NXPC,2026-09-13,324,1440,0.225
KRW-O,2026-09-13,230,1440,0.1597222222222222
KRW-ONDO,2026-09-13,1208,1440,0.8388888888888889
KRW-ONG,2026-09-13,941,1440,0.6534722222222222
KRW-ONT,2026-09-13,613,1440,0.42569444444444443
KRW-OP,2026-09-13,222,1440,0.15416666666666667
KRW-OPEN,2026-09-13,574,1440,0.39861111111111114
KRW-OPG,2026-09-13,238,1440,0.16527777777777777
KRW-ORBS,2026-09-13,467,1440,0.32430555555555557
KRW-ORCA,2026-09-13,617,1440,0.4284722222222222
KRW-ORDER,2026-09-13,456,1440,0.31666666666666665
KRW-PENDLE,2026-09-13,513,1440,0.35625
KRW-PENGU,2026-09-13,695,1440,0.4826388888888889
KRW-PEPE,2026-09-13,570,1440,0.3958333333333333
KRW-PIEVERSE,2026-09-13,483,1440,0.33541666666666664
KRW-PLUME,2026-09-13,689,1440,0.47847222222222224
KRW-POKT,2026-09-13,431,1440,0.29930555555555555
KRW-POL,2026-09-13,421,1440,0.2923611111111111
KRW-POLYX,2026-09-13,993,1440,0.6895833333333333
KRW-POWR,2026-09-13,988,1440,0.6861111111111111
KRW-PRL,2026-09-13,574,1440,0.39861111111111114
KRW-PROM,2026-09-13,1199,1440,0.8326388888888889
KRW-PROS,2026-09-13,374,1440,0.25972222222222224
KRW-PROVE,2026-09-13,218,1440,0.15138888888888888
KRW-PUMP,2026-09-13,678,1440,0.4708333333333333
KRW-PUNDIX,2026-09-13,1264,1440,0.8777777777777778
KRW-PYTH,2026-09-13,587,1440,0.4076388888888889
KRW-PYUSD,2026-09-13,0,1440,0.0
KRW-QKC,2026-09-13,641,1440,0.44513888888888886
KRW-QTUM,2026-09-13,725,1440,0.5034722222222222
KRW-QUID,2026-09-13,623,1440,0.4326388888888889
KRW-RAY,2026-09-13,1259,1440,0.8743055555555556
KRW-RE,2026-09-13,650,1440,0.4513888888888889
KRW-RED,2026-09-13,236,1440,0.1638888888888889
KRW-RENDER,2026-09-13,428,1440,0.2972222222222222
KRW-RLUSD,2026-09-13,33,1440,0.022916666666666665
KRW-RVN,2026-09-13,805,1440,0.5590277777777778
KRW-SAFE,2026-09-13,286,1440,0.1986111111111111
KRW-SAHARA,2026-09-13,831,1440,0.5770833333333333
KRW-SAND,2026-09-13,601,1440,0.4173611111111111
KRW-SC,2026-09-13,1203,1440,0.8354166666666667
KRW-SEI,2026-09-13,716,1440,0.49722222222222223
KRW-SENT,2026-09-13,184,1440,0.12777777777777777
KRW-SHIB,2026-09-13,1165,1440,0.8090277777777778
KRW-SIGN,2026-09-13,421,1440,0.2923611111111111
KRW-SKR,2026-09-13,762,1440,0.5291666666666667
KRW-SKY,2026-09-13,151,1440,0.10486111111111111
KRW-SLX,2026-09-13,1032,1440,0.7166666666666667
KRW-SNT,2026-09-13,597,1440,0.41458333333333336
KRW-SOMI,2026-09-13,363,1440,0.2520833333333333
KRW-SONIC,2026-09-13,790,1440,0.5486111111111112
KRW-SOON,2026-09-13,294,1440,0.20416666666666666
KRW-SOPH,2026-09-13,1358,1440,0.9430555555555555
KRW-SPK,2026-09-13,317,1440,0.22013888888888888
KRW-SPX,2026-09-13,105,1440,0.07291666666666667
KRW-STEEM,2026-09-13,1133,1440,0.7868055555555555
KRW-STRAX,2026-09-13,898,1440,0.6236111111111111
KRW-STX,2026-09-13,850,1440,0.5902777777777778
KRW-SUI,2026-09-13,1270,1440,0.8819444444444444
KRW-SUN,2026-09-13,170,1440,0.11805555555555555
KRW-SUPER,2026-09-13,88,1440,0.06111111111111111
KRW-SYRUP,2026-09-13,205,1440,0.1423611111111111
KRW-T,2026-09-13,644,1440,0.44722222222222224
KRW-TAIKO,2026-09-13,397,1440,0.27569444444444446
KRW-TAO,2026-09-13,590,1440,0.4097222222222222
KRW-TFUEL,2026-09-13,956,1440,0.6638888888888889
KRW-THETA,2026-09-13,606,1440,0.42083333333333334
KRW-TIA,2026-09-13,297,1440,0.20625
KRW-TOKAMAK,2026-09-13,754,1440,0.5236111111111111
KRW-TOSHI,2026-09-13,354,1440,0.24583333333333332
KRW-TRAC,2026-09-13,484,1440,0.33611111111111114
KRW-TREE,2026-09-13,1348,1440,0.9361111111111111
KRW-TRUMP,2026-09-13,1257,1440,0.8729166666666667
KRW-TRUST,2026-09-13,416,1440,0.28888888888888886
KRW-UNI,2026-09-13,953,1440,0.6618055555555555
KRW-UP2,2026-09-13,1124,1440,0.7805555555555556
KRW-USD1,2026-09-13,181,1440,0.12569444444444444
KRW-USDE,2026-09-13,28,1440,0.019444444444444445
KRW-USDG,2026-09-13,20,1440,0.013888888888888888
KRW-USDS,2026-09-13,32,1440,0.022222222222222223
KRW-VANA,2026-09-13,569,1440,0.3951388888888889
KRW-VET,2026-09-13,568,1440,0.39444444444444443
KRW-VIRTUAL,2026-09-13,850,1440,0.5902777777777778
KRW-VTHO,2026-09-13,1424,1440,0.9888888888888889
KRW-VVV,2026-09-13,816,1440,0.5666666666666667
KRW-W,2026-09-13,339,1440,0.23541666666666666
KRW-WAL,2026-09-13,289,1440,0.20069444444444445
KRW-WAVES,2026-09-13,1218,1440,0.8458333333333333
KRW-WAXP,2026-09-13,837,1440,0.58125
KRW-WCT,2026-09-13,460,1440,0.3194444444444444
KRW-WET,2026-09-13,286,1440,0.1986111111111111
KRW-WIF,2026-09-13,71,1440,0.049305555555555554
KRW-WLD,2026-09-13,1153,1440,0.8006944444444445
KRW-WLFI,2026-09-13,768,1440,0.5333333333333333
KRW-XAUT,2026-09-13,243,1440,0.16875
KRW-XCN,2026-09-13,481,1440,0.33402777777777776
KRW-XEC,2026-09-13,566,1440,0.39305555555555555
KRW-XLM,2026-09-13,1075,1440,0.7465277777777778
KRW-XPL,2026-09-13,871,1440,0.6048611111111111
KRW-XTZ,2026-09-13,494,1440,0.34305555555555556
KRW-YGG,2026-09-13,277,1440,0.19236111111111112
KRW-ZAMA,2026-09-13,206,1440,0.14305555555555555
KRW-ZBT,2026-09-13,407,1440,0.2826388888888889
KRW-ZETA,2026-09-13,502,1440,0.3486111111111111
KRW-ZIL,2026-09-13,852,1440,0.5916666666666667
KRW-ZK,2026-09-13,361,1440,0.25069444444444444
KRW-ZKC,2026-09-13,583,1440,0.4048611111111111
KRW-ZKP,2026-09-13,479,1440,0.3326388888888889
KRW-ZORA,2026-09-13,783,1440,0.54375
KRW-ZRO,2026-09-13,422,1440,0.29305555555555557
KRW-ZRX,2026-09-13,660,1440,0.4583333333333333
KRW-0G,2026-09-14,838,1440,0.5819444444444445
KRW-1INCH,2026-09-14,377,1440,0.26180555555555557
KRW-2Z,2026-09-14,514,1440,0.35694444444444445
KRW-A,2026-09-14,398,1440,0.2763888888888889
KRW-AAVE,2026-09-14,504,1440,0.35
KRW-AERO,2026-09-14,284,1440,0.19722222222222222
KRW-AGLD,2026-09-14,536,1440,0.37222222222222223
KRW-AHT,2026-09-14,488,1440,0.3388888888888889
KRW-AI,2026-09-14,335,1440,0.2326388888888889
KRW-AKT,2026-09-14,513,1440,0.35625
KRW-ALGO,2026-09-14,634,1440,0.44027777777777777
KRW-ALT,2026-09-14,852,1440,0.5916666666666667
KRW-ANIME,2026-09-14,588,1440,0.4083333333333333
KRW-ANKR,2026-09-14,804,1440,0.5583333333333333
KRW-API3,2026-09-14,923,1440,0.6409722222222223
KRW-APT,2026-09-14,804,1440,0.5583333333333333
KRW-ARB,2026-09-14,781,1440,0.5423611111111111
KRW-ARDR,2026-09-14,1358,1440,0.9430555555555555
KRW-ARK,2026-09-14,1415,1440,0.9826388888888888
KRW-ARKM,2026-09-14,186,1440,0.12916666666666668
KRW-ARX,2026-09-14,660,1440,0.4583333333333333
KRW-ASTR,2026-09-14,414,1440,0.2875
KRW-ATH,2026-09-14,660,1440,0.4583333333333333
KRW-ATOM,2026-09-14,623,1440,0.4326388888888889
KRW-AUCTION,2026-09-14,407,1440,0.2826388888888889
KRW-AVAX,2026-09-14,830,1440,0.5763888888888888
KRW-AVNT,2026-09-14,425,1440,0.2951388888888889
KRW-AWE,2026-09-14,428,1440,0.2972222222222222
KRW-AXL,2026-09-14,265,1440,0.1840277777777778
KRW-AXS,2026-09-14,659,1440,0.4576388888888889
KRW-AZTEC,2026-09-14,186,1440,0.12916666666666668
KRW-B3,2026-09-14,1423,1440,0.9881944444444445
KRW-BABY,2026-09-14,643,1440,0.4465277777777778
KRW-BARD,2026-09-14,332,1440,0.23055555555555557
KRW-BAT,2026-09-14,570,1440,0.3958333333333333
KRW-BCH,2026-09-14,967,1440,0.6715277777777777
KRW-BEAM,2026-09-14,518,1440,0.3597222222222222
KRW-BERA,2026-09-14,743,1440,0.5159722222222223
KRW-BFC,2026-09-14,1085,1440,0.7534722222222222
KRW-BIGTIME,2026-09-14,602,1440,0.41805555555555557
KRW-BIO,2026-09-14,289,1440,0.20069444444444445
KRW-BIRB,2026-09-14,1018,1440,0.7069444444444445
KRW-BLAST,2026-09-14,1035,1440,0.71875
KRW-BLEND,2026-09-14,265,1440,0.1840277777777778
KRW-BLUR,2026-09-14,809,1440,0.5618055555555556
KRW-BORA,2026-09-14,940,1440,0.6527777777777778
KRW-BOUNTY,2026-09-14,384,1440,0.26666666666666666
KRW-BREV,2026-09-14,277,1440,0.19236111111111112
KRW-BSB,2026-09-14,224,1440,0.15555555555555556
KRW-BSV,2026-09-14,525,1440,0.3645833333333333
KRW-BTT,2026-09-14,536,1440,0.37222222222222223
KRW-CAP,2026-09-14,768,1440,0.5333333333333333
KRW-CARV,2026-09-14,429,1440,0.29791666666666666
KRW-CBK,2026-09-14,913,1440,0.6340277777777777
KRW-CC,2026-09-14,398,1440,0.2763888888888889
KRW-CELO,2026-09-14,405,1440,0.28125
KRW-CFG,2026-09-14,435,1440,0.3020833333333333
KRW-CFX,2026-09-14,189,1440,0.13125
KRW-CHIP,2026-09-14,870,1440,0.6041666666666666
KRW-CHZ,2026-09-14,1045,1440,0.7256944444444444
KRW-CKB,2026-09-14,391,1440,0.27152777777777776
KRW-COMP,2026-09-14,158,1440,0.10972222222222222
KRW-COW,2026-09-14,125,1440,0.08680555555555555
KRW-CP,2026-09-14,883,1440,0.6131944444444445
KRW-CPOOL,2026-09-14,949,1440,0.6590277777777778
KRW-CRO,2026-09-14,561,1440,0.38958333333333334
KRW-CRV,2026-09-14,310,1440,0.2152777777777778
KRW-CTC,2026-09-14,729,1440,0.50625
KRW-CVC,2026-09-14,1440,1440,1.0
KRW-CYBER,2026-09-14,432,1440,0.3
KRW-DATA,2026-09-14,749,1440,0.5201388888888889
KRW-DEEP,2026-09-14,363,1440,0.2520833333333333
KRW-DKA,2026-09-14,624,1440,0.43333333333333335
KRW-DOOD,2026-09-14,392,1440,0.2722222222222222
KRW-DOS,2026-09-14,624,1440,0.43333333333333335
KRW-DOT,2026-09-14,578,1440,0.4013888888888889
KRW-DRV,2026-09-14,161,1440,0.11180555555555556
KRW-EDGE,2026-09-14,335,1440,0.2326388888888889
KRW-EGLD,2026-09-14,410,1440,0.2847222222222222
KRW-ELF,2026-09-14,861,1440,0.5979166666666667
KRW-ELSA,2026-09-14,377,1440,0.26180555555555557
KRW-ENA,2026-09-14,948,1440,0.6583333333333333
KRW-ENS,2026-09-14,784,1440,0.5444444444444444
KRW-ENSO,2026-09-14,393,1440,0.27291666666666664
KRW-ERA,2026-09-14,547,1440,0.3798611111111111
KRW-ESP,2026-09-14,391,1440,0.27152777777777776
KRW-ETC,2026-09-14,801,1440,0.55625
KRW-ETHFI,2026-09-14,859,1440,0.5965277777777778
KRW-EUL,2026-09-14,417,1440,0.28958333333333336
KRW-EURC,2026-09-14,738,1440,0.5125
KRW-F,2026-09-14,393,1440,0.27291666666666664
KRW-FCT2,2026-09-14,588,1440,0.4083333333333333
KRW-FF,2026-09-14,403,1440,0.2798611111111111
KRW-FIL,2026-09-14,1408,1440,0.9777777777777777
KRW-FLOCK,2026-09-14,1389,1440,0.9645833333333333
KRW-FLUID,2026-09-14,205,1440,0.1423611111111111
KRW-FOLD,2026-09-14,755,1440,0.5243055555555556
KRW-G,2026-09-14,620,1440,0.4305555555555556
KRW-GAME2,2026-09-14,479,1440,0.3326388888888889
KRW-GAS,2026-09-14,920,1440,0.6388888888888888
KRW-GEOD,2026-09-14,138,1440,0.09583333333333334
KRW-GLM,2026-09-14,1156,1440,0.8027777777777778
KRW-GMT,2026-09-14,506,1440,0.35138888888888886
KRW-GRT,2026-09-14,449,1440,0.31180555555555556
KRW-GRVT,2026-09-14,491,1440,0.34097222222222223
KRW-HBAR,2026-09-14,721,1440,0.5006944444444444
KRW-HIVE,2026-09-14,1270,1440,0.8819444444444444
KRW-HOLO,2026-09-14,531,1440,0.36875
KRW-HOME,2026-09-14,337,1440,0.23402777777777778
KRW-HP,2026-09-14,530,1440,0.3680555555555556
KRW-HUNT,2026-09-14,749,1440,0.5201388888888889
KRW-HYPER,2026-09-14,700,1440,0.4861111111111111
KRW-ICP,2026-09-14,355,1440,0.2465277777777778
KRW-ICX,2026-09-14,384,1440,0.26666666666666666
KRW-ID,2026-09-14,601,1440,0.4173611111111111
KRW-IMX,2026-09-14,242,1440,0.16805555555555557
KRW-IN,2026-09-14,497,1440,0.3451388888888889
KRW-INJ,2026-09-14,504,1440,0.35
KRW-IO,2026-09-14,173,1440,0.12013888888888889
KRW-IOST,2026-09-14,1158,1440,0.8041666666666667
KRW-IOTA,2026-09-14,803,1440,0.5576388888888889
KRW-IQ,2026-09-14,949,1440,0.6590277777777778
KRW-IRYS,2026-09-14,317,1440,0.22013888888888888
KRW-JPYC,2026-09-14,0,1440,0.0
KRW-JST,2026-09-14,206,1440,0.14305555555555555
KRW-JTO,2026-09-14,652,1440,0.4527777777777778
KRW-JUP,2026-09-14,509,1440,0.35347222222222224
KRW-KAITO,2026-09-14,384,1440,0.26666666666666666
KRW-KAT,2026-09-14,911,1440,0.6326388888888889
KRW-KAVA,2026-09-14,821,1440,0.5701388888888889
KRW-KERNEL,2026-09-14,365,1440,0.2534722222222222
KRW-KITE,2026-09-14,439,1440,0.30486111111111114
KRW-KMNO,2026-09-14,86,1440,0.059722222222222225
KRW-KNC,2026-09-14,584,1440,0.40555555555555556
KRW-LA,2026-09-14,1221,1440,0.8479166666666667
KRW-LAYER,2026-09-14,338,1440,0.23472222222222222
KRW-LINEA,2026-09-14,309,1440,0.21458333333333332
KRW-LINK,2026-09-14,1060,1440,0.7361111111111112
KRW-LIT,2026-09-14,771,1440,0.5354166666666667
KRW-LPT,2026-09-14,428,1440,0.2972222222222222
KRW-LSK,2026-09-14,1439,1440,0.9993055555555556
KRW-MANA,2026-09-14,274,1440,0.19027777777777777
KRW-MANTRA,2026-09-14,403,1440,0.2798611111111111
KRW-MASK,2026-09-14,290,1440,0.2013888888888889
KRW-MBL,2026-09-14,739,1440,0.5131944444444444
KRW-ME,2026-09-14,714,1440,0.49583333333333335
KRW-MED,2026-09-14,1198,1440,0.8319444444444445
KRW-MEGA,2026-09-14,520,1440,0.3611111111111111
KRW-MET2,2026-09-14,483,1440,0.33541666666666664
KRW-META,2026-09-14,597,1440,0.41458333333333336
KRW-META2,2026-09-14,416,1440,0.28888888888888886
KRW-MEW,2026-09-14,376,1440,0.2611111111111111
KRW-MINA,2026-09-14,663,1440,0.46041666666666664
KRW-MIRA,2026-09-14,837,1440,0.58125
KRW-MLK,2026-09-14,649,1440,0.45069444444444445
KRW-MMT,2026-09-14,389,1440,0.2701388888888889
KRW-MNT,2026-09-14,169,1440,0.11736111111111111
KRW-MOC,2026-09-14,616,1440,0.42777777777777776
KRW-MOCA,2026-09-14,430,1440,0.2986111111111111
KRW-MON,2026-09-14,375,1440,0.2604166666666667
KRW-MOODENG,2026-09-14,340,1440,0.2361111111111111
KRW-MORPHO,2026-09-14,439,1440,0.30486111111111114
KRW-MOVE,2026-09-14,563,1440,0.3909722222222222
KRW-MTL,2026-09-14,1315,1440,0.9131944444444444
KRW-MVL,2026-09-14,284,1440,0.19722222222222222
KRW-NCT,2026-09-14,368,1440,0.25555555555555554
KRW-NEAR,2026-09-14,1205,1440,0.8368055555555556
KRW-NEO,2026-09-14,541,1440,0.37569444444444444
KRW-NEWT,2026-09-14,570,1440,0.3958333333333333
KRW-NXPC,2026-09-14,296,1440,0.20555555555555555
KRW-O,2026-09-14,344,1440,0.2388888888888889
KRW-ONDO,2026-09-14,1278,1440,0.8875
KRW-ONG,2026-09-14,781,1440,0.5423611111111111
KRW-ONT,2026-09-14,589,1440,0.40902777777777777
KRW-OP,2026-09-14,339,1440,0.23541666666666666
KRW-OPEN,2026-09-14,347,1440,0.24097222222222223
KRW-OPG,2026-09-14,134,1440,0.09305555555555556
KRW-ORBS,2026-09-14,415,1440,0.2881944444444444
KRW-ORCA,2026-09-14,485,1440,0.3368055555555556
KRW-ORDER,2026-09-14,512,1440,0.35555555555555557
KRW-PENDLE,2026-09-14,651,1440,0.45208333333333334
KRW-PENGU,2026-09-14,840,1440,0.5833333333333334
KRW-PEPE,2026-09-14,566,1440,0.39305555555555555
KRW-PIEVERSE,2026-09-14,616,1440,0.42777777777777776
KRW-PLUME,2026-09-14,586,1440,0.40694444444444444
KRW-POKT,2026-09-14,758,1440,0.5263888888888889
KRW-POL,2026-09-14,458,1440,0.31805555555555554
KRW-POLYX,2026-09-14,1312,1440,0.9111111111111111
KRW-POWR,2026-09-14,1371,1440,0.9520833333333333
KRW-PRL,2026-09-14,659,1440,0.4576388888888889
KRW-PROM,2026-09-14,803,1440,0.5576388888888889
KRW-PROS,2026-09-14,447,1440,0.3104166666666667
KRW-PROVE,2026-09-14,256,1440,0.17777777777777778
KRW-PUMP,2026-09-14,584,1440,0.40555555555555556
KRW-PUNDIX,2026-09-14,1360,1440,0.9444444444444444
KRW-PYTH,2026-09-14,613,1440,0.42569444444444443
KRW-PYUSD,2026-09-14,0,1440,0.0
KRW-QKC,2026-09-14,782,1440,0.5430555555555555
KRW-QTUM,2026-09-14,582,1440,0.4041666666666667
KRW-QUID,2026-09-14,797,1440,0.5534722222222223
KRW-RAY,2026-09-14,932,1440,0.6472222222222223
KRW-RE,2026-09-14,661,1440,0.45902777777777776
KRW-RED,2026-09-14,614,1440,0.4263888888888889
KRW-RENDER,2026-09-14,453,1440,0.3145833333333333
KRW-RLUSD,2026-09-14,78,1440,0.05416666666666667
KRW-RVN,2026-09-14,842,1440,0.5847222222222223
KRW-SAFE,2026-09-14,259,1440,0.1798611111111111
KRW-SAHARA,2026-09-14,825,1440,0.5729166666666666
KRW-SAND,2026-09-14,738,1440,0.5125
KRW-SC,2026-09-14,923,1440,0.6409722222222223
KRW-SEI,2026-09-14,789,1440,0.5479166666666667
KRW-SENT,2026-09-14,349,1440,0.2423611111111111
KRW-SHIB,2026-09-14,1203,1440,0.8354166666666667
KRW-SIGN,2026-09-14,488,1440,0.3388888888888889
KRW-SKR,2026-09-14,703,1440,0.48819444444444443
KRW-SKY,2026-09-14,197,1440,0.13680555555555557
KRW-SLX,2026-09-14,1122,1440,0.7791666666666667
KRW-SNT,2026-09-14,1043,1440,0.7243055555555555
KRW-SOMI,2026-09-14,334,1440,0.23194444444444445
KRW-SONIC,2026-09-14,576,1440,0.4
KRW-SOON,2026-09-14,306,1440,0.2125
KRW-SOPH,2026-09-14,1270,1440,0.8819444444444444
KRW-SPK,2026-09-14,349,1440,0.2423611111111111
KRW-SPX,2026-09-14,140,1440,0.09722222222222222
KRW-STEEM,2026-09-14,1433,1440,0.9951388888888889
KRW-STRAX,2026-09-14,1253,1440,0.8701388888888889
KRW-STX,2026-09-14,877,1440,0.6090277777777777
KRW-SUI,2026-09-14,1300,1440,0.9027777777777778
KRW-SUN,2026-09-14,124,1440,0.08611111111111111
KRW-SUPER,2026-09-14,169,1440,0.11736111111111111
KRW-SYRUP,2026-09-14,251,1440,0.17430555555555555
KRW-T,2026-09-14,904,1440,0.6277777777777778
KRW-TAIKO,2026-09-14,254,1440,0.1763888888888889
KRW-TAO,2026-09-14,691,1440,0.4798611111111111
KRW-TFUEL,2026-09-14,647,1440,0.44930555555555557
KRW-THETA,2026-09-14,453,1440,0.3145833333333333
KRW-TIA,2026-09-14,261,1440,0.18125
KRW-TOKAMAK,2026-09-14,787,1440,0.5465277777777777
KRW-TOSHI,2026-09-14,352,1440,0.24444444444444444
KRW-TRAC,2026-09-14,346,1440,0.24027777777777778
KRW-TREE,2026-09-14,1030,1440,0.7152777777777778
KRW-TRUMP,2026-09-14,1253,1440,0.8701388888888889
KRW-TRUST,2026-09-14,569,1440,0.3951388888888889
KRW-UNI,2026-09-14,889,1440,0.6173611111111111
KRW-UP2,2026-09-14,974,1440,0.6763888888888889
KRW-USD1,2026-09-14,206,1440,0.14305555555555555
KRW-USDE,2026-09-14,45,1440,0.03125
KRW-USDG,2026-09-14,124,1440,0.08611111111111111
KRW-USDS,2026-09-14,35,1440,0.024305555555555556
KRW-VANA,2026-09-14,605,1440,0.4201388888888889
KRW-VET,2026-09-14,456,1440,0.31666666666666665
KRW-VIRTUAL,2026-09-14,827,1440,0.5743055555555555
KRW-VTHO,2026-09-14,1385,1440,0.9618055555555556
KRW-VVV,2026-09-14,789,1440,0.5479166666666667
KRW-W,2026-09-14,314,1440,0.21805555555555556
KRW-WAL,2026-09-14,812,1440,0.5638888888888889
KRW-WAVES,2026-09-14,974,1440,0.6763888888888889
KRW-WAXP,2026-09-14,1122,1440,0.7791666666666667
KRW-WCT,2026-09-14,431,1440,0.29930555555555555
KRW-WET,2026-09-14,257,1440,0.17847222222222223
KRW-WIF,2026-09-14,115,1440,0.0798611111111111
KRW-WLD,2026-09-14,1184,1440,0.8222222222222222
KRW-WLFI,2026-09-14,507,1440,0.35208333333333336
KRW-XAUT,2026-09-14,363,1440,0.2520833333333333
KRW-XCN,2026-09-14,303,1440,0.21041666666666667
KRW-XEC,2026-09-14,520,1440,0.3611111111111111
KRW-XLM,2026-09-14,1204,1440,0.8361111111111111
KRW-XPL,2026-09-14,708,1440,0.49166666666666664
KRW-XTZ,2026-09-14,726,1440,0.5041666666666667
KRW-YGG,2026-09-14,256,1440,0.17777777777777778
KRW-ZAMA,2026-09-14,177,1440,0.12291666666666666
KRW-ZBT,2026-09-14,396,1440,0.275
KRW-ZETA,2026-09-14,601,1440,0.4173611111111111
KRW-ZIL,2026-09-14,863,1440,0.5993055555555555
KRW-ZK,2026-09-14,348,1440,0.24166666666666667
KRW-ZKC,2026-09-14,491,1440,0.34097222222222223
KRW-ZKP,2026-09-14,367,1440,0.2548611111111111
KRW-ZORA,2026-09-14,634,1440,0.44027777777777777
KRW-ZRO,2026-09-14,581,1440,0.40347222222222223
KRW-ZRX,2026-09-14,456,1440,0.31666666666666665
KRW-0G,2026-09-15,646,1440,0.4486111111111111
KRW-1INCH,2026-09-15,281,1440,0.1951388888888889
KRW-2Z,2026-09-15,426,1440,0.29583333333333334
KRW-A,2026-09-15,346,1440,0.24027777777777778
KRW-AAVE,2026-09-15,685,1440,0.4756944444444444
KRW-AERO,2026-09-15,282,1440,0.19583333333333333
KRW-AGLD,2026-09-15,386,1440,0.26805555555555555
KRW-AHT,2026-09-15,239,1440,0.16597222222222222
KRW-AI,2026-09-15,368,1440,0.25555555555555554
KRW-AKT,2026-09-15,491,1440,0.34097222222222223
KRW-ALGO,2026-09-15,541,1440,0.37569444444444444
KRW-ALT,2026-09-15,767,1440,0.5326388888888889
KRW-ANIME,2026-09-15,559,1440,0.38819444444444445
KRW-ANKR,2026-09-15,514,1440,0.35694444444444445
KRW-API3,2026-09-15,594,1440,0.4125
KRW-APT,2026-09-15,755,1440,0.5243055555555556
KRW-ARB,2026-09-15,909,1440,0.63125
KRW-ARDR,2026-09-15,994,1440,0.6902777777777778
KRW-ARK,2026-09-15,1316,1440,0.9138888888888889
KRW-ARKM,2026-09-15,130,1440,0.09027777777777778
KRW-ARX,2026-09-15,577,1440,0.40069444444444446
KRW-ASTR,2026-09-15,995,1440,0.6909722222222222
KRW-ATH,2026-09-15,607,1440,0.4215277777777778
KRW-ATOM,2026-09-15,686,1440,0.47638888888888886
KRW-AUCTION,2026-09-15,567,1440,0.39375
KRW-AVAX,2026-09-15,849,1440,0.5895833333333333
KRW-AVNT,2026-09-15,347,1440,0.24097222222222223
KRW-AWE,2026-09-15,693,1440,0.48125
KRW-AXL,2026-09-15,804,1440,0.5583333333333333
KRW-AXS,2026-09-15,620,1440,0.4305555555555556
KRW-AZTEC,2026-09-15,244,1440,0.16944444444444445
KRW-B3,2026-09-15,1232,1440,0.8555555555555555
KRW-BABY,2026-09-15,451,1440,0.31319444444444444
KRW-BARD,2026-09-15,271,1440,0.18819444444444444
KRW-BAT,2026-09-15,422,1440,0.29305555555555557
KRW-BCH,2026-09-15,931,1440,0.6465277777777778
KRW-BEAM,2026-09-15,442,1440,0.30694444444444446
KRW-BERA,2026-09-15,622,1440,0.43194444444444446
KRW-BFC,2026-09-15,901,1440,0.6256944444444444
KRW-BIGTIME,2026-09-15,690,1440,0.4791666666666667
KRW-BIO,2026-09-15,225,1440,0.15625
KRW-BIRB,2026-09-15,888,1440,0.6166666666666667
KRW-BLAST,2026-09-15,740,1440,0.5138888888888888
KRW-BLEND,2026-09-15,326,1440,0.2263888888888889
KRW-BLUR,2026-09-15,498,1440,0.3458333333333333
KRW-BORA,2026-09-15,635,1440,0.4409722222222222
KRW-BOUNTY,2026-09-15,294,1440,0.20416666666666666
KRW-BREV,2026-09-15,252,1440,0.175
KRW-BSB,2026-09-15,216,1440,0.15
KRW-BSV,2026-09-15,384,1440,0.26666666666666666
KRW-BTT,2026-09-15,496,1440,0.34444444444444444
KRW-CAP,2026-09-15,1438,1440,0.9986111111111111
KRW-CARV,2026-09-15,446,1440,0.30972222222222223
KRW-CBK,2026-09-15,629,1440,0.43680555555555556
KRW-CC,2026-09-15,313,1440,0.21736111111111112
KRW-CELO,2026-09-15,484,1440,0.33611111111111114
KRW-CFG,2026-09-15,455,1440,0.3159722222222222
KRW-CFX,2026-09-15,126,1440,0.0875
KRW-CHIP,2026-09-15,616,1440,0.42777777777777776
KRW-CHZ,2026-09-15,754,1440,0.5236111111111111
KRW-CKB,2026-09-15,292,1440,0.20277777777777778
KRW-COMP,2026-09-15,158,1440,0.10972222222222222
KRW-COW,2026-09-15,150,1440,0.10416666666666667
KRW-CP,2026-09-15,752,1440,0.5222222222222223
KRW-CPOOL,2026-09-15,1389,1440,0.9645833333333333
KRW-CRO,2026-09-15,543,1440,0.3770833333333333
KRW-CRV,2026-09-15,331,1440,0.2298611111111111
KRW-CTC,2026-09-15,729,1440,0.50625
KRW-CVC,2026-09-15,1401,1440,0.9729166666666667
KRW-CYBER,2026-09-15,329,1440,0.22847222222222222
KRW-DATA,2026-09-15,741,1440,0.5145833333333333
KRW-DEEP,2026-09-15,338,1440,0.23472222222222222
KRW-DKA,2026-09-15,503,1440,0.34930555555555554
KRW-DOOD,2026-09-15,327,1440,0.22708333333333333
KRW-DOS,2026-09-15,548,1440,0.38055555555555554
KRW-DOT,2026-09-15,594,1440,0.4125
KRW-DRV,2026-09-15,191,1440,0.1326388888888889
KRW-EDGE,2026-09-15,344,1440,0.2388888888888889
KRW-EGLD,2026-09-15,436,1440,0.30277777777777776
KRW-ELF,2026-09-15,498,1440,0.3458333333333333
KRW-ELSA,2026-09-15,631,1440,0.43819444444444444
KRW-ENA,2026-09-15,1035,1440,0.71875
KRW-ENS,2026-09-15,771,1440,0.5354166666666667
KRW-ENSO,2026-09-15,406,1440,0.28194444444444444
KRW-ERA,2026-09-15,538,1440,0.3736111111111111
KRW-ESP,2026-09-15,162,1440,0.1125
KRW-ETC,2026-09-15,895,1440,0.6215277777777778
KRW-ETHFI,2026-09-15,576,1440,0.4
KRW-EUL,2026-09-15,945,1440,0.65625
KRW-EURC,2026-09-15,593,1440,0.41180555555555554
KRW-F,2026-09-15,508,1440,0.3527777777777778
KRW-FCT2,2026-09-15,557,1440,0.38680555555555557
KRW-FF,2026-09-15,898,1440,0.6236111111111111
KRW-FIL,2026-09-15,1006,1440,0.6986111111111111
KRW-FLOCK,2026-09-15,1298,1440,0.9013888888888889
KRW-FLUID,2026-09-15,191,1440,0.1326388888888889
KRW-FOLD,2026-09-15,679,1440,0.47152777777777777
KRW-G,2026-09-15,767,1440,0.5326388888888889
KRW-GAME2,2026-09-15,178,1440,0.12361111111111112
KRW-GAS,2026-09-15,761,1440,0.5284722222222222
KRW-GEOD,2026-09-15,169,1440,0.11736111111111111
KRW-GLM,2026-09-15,654,1440,0.45416666666666666
KRW-GMT,2026-09-15,388,1440,0.26944444444444443
KRW-GRT,2026-09-15,346,1440,0.24027777777777778
KRW-GRVT,2026-09-15,471,1440,0.32708333333333334
KRW-HBAR,2026-09-15,916,1440,0.6361111111111111
KRW-HIVE,2026-09-15,1120,1440,0.7777777777777778
KRW-HOLO,2026-09-15,520,1440,0.3611111111111111
KRW-HOME,2026-09-15,427,1440,0.2965277777777778
KRW-HP,2026-09-15,341,1440,0.23680555555555555
KRW-HUNT,2026-09-15,809,1440,0.5618055555555556
KRW-HYPER,2026-09-15,565,1440,0.3923611111111111
KRW-ICP,2026-09-15,327,1440,0.22708333333333333
KRW-ICX,2026-09-15,331,1440,0.2298611111111111
KRW-ID,2026-09-15,716,1440,0.49722222222222223
KRW-IMX,2026-09-15,232,1440,0.16111111111111112
KRW-IN,2026-09-15,564,1440,0.39166666666666666
KRW-INJ,2026-09-15,380,1440,0.2638888888888889
KRW-IO,2026-09-15,143,1440,0.09930555555555555
KRW-IOST,2026-09-15,922,1440,0.6402777777777777
KRW-IOTA,2026-09-15,1024,1440,0.7111111111111111
KRW-IQ,2026-09-15,702,1440,0.4875
KRW-IRYS,2026-09-15,324,1440,0.225
KRW-JPYC,2026-09-15,0,1440,0.0
KRW-JST,2026-09-15,308,1440,0.21388888888888888
KRW-JTO,2026-09-15,727,1440,0.5048611111111111
KRW-JUP,2026-09-15,510,1440,0.3541666666666667
KRW-KAITO,2026-09-15,500,1440,0.3472222222222222
KRW-KAT,2026-09-15,703,1440,0.48819444444444443
KRW-KAVA,2026-09-15,742,1440,0.5152777777777777
KRW-KERNEL,2026-09-15,360,1440,0.25
KRW-KITE,2026-09-15,331,1440,0.2298611111111111
KRW-KMNO,2026-09-15,95,1440,0.06597222222222222
KRW-KNC,2026-09-15,564,1440,0.39166666666666666
KRW-LA,2026-09-15,1378,1440,0.9569444444444445
KRW-LAYER,2026-09-15,366,1440,0.25416666666666665
KRW-LINEA,2026-09-15,238,1440,0.16527777777777777
KRW-LINK,2026-09-15,1184,1440,0.8222222222222222
KRW-LIT,2026-09-15,511,1440,0.3548611111111111
KRW-LPT,2026-09-15,232,1440,0.16111111111111112
KRW-LSK,2026-09-15,1440,1440,1.0
KRW-MANA,2026-09-15,335,1440,0.2326388888888889
KRW-MANTRA,2026-09-15,322,1440,0.22361111111111112
KRW-MASK,2026-09-15,281,1440,0.1951388888888889
KRW-MBL,2026-09-15,307,1440,0.21319444444444444
KRW-ME,2026-09-15,606,1440,0.42083333333333334
KRW-MED,2026-09-15,805,1440,0.5590277777777778
KRW-MEGA,2026-09-15,387,1440,0.26875
KRW-MET2,2026-09-15,401,1440,0.27847222222222223
KRW-META,2026-09-15,291,1440,0.20208333333333334
KRW-META2,2026-09-15,505,1440,0.3506944444444444
KRW-MEW,2026-09-15,324,1440,0.225
KRW-MINA,2026-09-15,647,1440,0.44930555555555557
KRW-MIRA,2026-09-15,1023,1440,0.7104166666666667
KRW-MLK,2026-09-15,763,1440,0.5298611111111111
KRW-MMT,2026-09-15,254,1440,0.1763888888888889
KRW-MNT,2026-09-15,196,1440,0.1361111111111111
KRW-MOC,2026-09-15,340,1440,0.2361111111111111
KRW-MOCA,2026-09-15,422,1440,0.29305555555555557
KRW-MON,2026-09-15,359,1440,0.24930555555555556
KRW-MOODENG,2026-09-15,248,1440,0.17222222222222222
KRW-MORPHO,2026-09-15,445,1440,0.3090277777777778
KRW-MOVE,2026-09-15,482,1440,0.3347222222222222
KRW-MTL,2026-09-15,1301,1440,0.9034722222222222
KRW-MVL,2026-09-15,192,1440,0.13333333333333333
KRW-NCT,2026-09-15,403,1440,0.2798611111111111
KRW-NEAR,2026-09-15,1240,1440,0.8611111111111112
KRW-NEO,2026-09-15,388,1440,0.26944444444444443
KRW-NEWT,2026-09-15,443,1440,0.3076388888888889
KRW-NXPC,2026-09-15,361,1440,0.25069444444444444
KRW-O,2026-09-15,234,1440,0.1625
KRW-ONDO,2026-09-15,1274,1440,0.8847222222222222
KRW-ONG,2026-09-15,700,1440,0.4861111111111111
KRW-ONT,2026-09-15,419,1440,0.29097222222222224
KRW-OP,2026-09-15,417,1440,0.28958333333333336
KRW-OPEN,2026-09-15,520,1440,0.3611111111111111
KRW-OPG,2026-09-15,313,1440,0.21736111111111112
KRW-ORBS,2026-09-15,315,1440,0.21875
KRW-ORCA,2026-09-15,496,1440,0.34444444444444444
KRW-ORDER,2026-09-15,424,1440,0.29444444444444445
KRW-PENDLE,2026-09-15,840,1440,0.5833333333333334
KRW-PENGU,2026-09-15,798,1440,0.5541666666666667
KRW-PEPE,2026-09-15,651,1440,0.45208333333333334
KRW-PIEVERSE,2026-09-15,551,1440,0.38263888888888886
KRW-PLUME,2026-09-15,356,1440,0.24722222222222223
KRW-POKT,2026-09-15,727,1440,0.5048611111111111
KRW-POL,2026-09-15,484,1440,0.33611111111111114
KRW-POLYX,2026-09-15,1066,1440,0.7402777777777778
KRW-POWR,2026-09-15,1131,1440,0.7854166666666667
KRW-PRL,2026-09-15,454,1440,0.31527777777777777
KRW-PROM,2026-09-15,731,1440,0.5076388888888889
KRW-PROS,2026-09-15,338,1440,0.23472222222222222
KRW-PROVE,2026-09-15,360,1440,0.25
KRW-PUMP,2026-09-15,467,1440,0.32430555555555557
KRW-PUNDIX,2026-09-15,949,1440,0.6590277777777778
KRW-PYTH,2026-09-15,435,1440,0.3020833333333333
KRW-PYUSD,2026-09-15,0,1440,0.0
KRW-QKC,2026-09-15,992,1440,0.6888888888888889
KRW-QTUM,2026-09-15,435,1440,0.3020833333333333
KRW-QUID,2026-09-15,721,1440,0.5006944444444444
KRW-RAY,2026-09-15,810,1440,0.5625
KRW-RE,2026-09-15,671,1440,0.46597222222222223
KRW-RED,2026-09-15,792,1440,0.55
KRW-RENDER,2026-09-15,465,1440,0.3229166666666667
KRW-RLUSD,2026-09-15,111,1440,0.07708333333333334
KRW-RVN,2026-09-15,735,1440,0.5104166666666666
KRW-SAFE,2026-09-15,222,1440,0.15416666666666667
KRW-SAHARA,2026-09-15,713,1440,0.4951388888888889
KRW-SAND,2026-09-15,751,1440,0.5215277777777778
KRW-SC,2026-09-15,645,1440,0.4479166666666667
KRW-SEI,2026-09-15,771,1440,0.5354166666666667
KRW-SENT,2026-09-15,645,1440,0.4479166666666667
KRW-SHIB,2026-09-15,1265,1440,0.8784722222222222
KRW-SIGN,2026-09-15,451,1440,0.31319444444444444
KRW-SKR,2026-09-15,692,1440,0.48055555555555557
KRW-SKY,2026-09-15,188,1440,0.13055555555555556
KRW-SLX,2026-09-15,1050,1440,0.7291666666666666
KRW-SNT,2026-09-15,678,1440,0.4708333333333333
KRW-SOMI,2026-09-15,337,1440,0.23402777777777778
KRW-SONIC,2026-09-15,469,1440,0.32569444444444445
KRW-SOON,2026-09-15,220,1440,0.1527777777777778
KRW-SOPH,2026-09-15,1150,1440,0.7986111111111112
KRW-SPK,2026-09-15,282,1440,0.19583333333333333
KRW-SPX,2026-09-15,148,1440,0.10277777777777777
KRW-STEEM,2026-09-15,1308,1440,0.9083333333333333
KRW-STRAX,2026-09-15,785,1440,0.5451388888888888
KRW-STX,2026-09-15,679,1440,0.47152777777777777
KRW-SUI,2026-09-15,1324,1440,0.9194444444444444
KRW-SUN,2026-09-15,123,1440,0.08541666666666667
KRW-SUPER,2026-09-15,129,1440,0.08958333333333333
KRW-SYRUP,2026-09-15,292,1440,0.20277777777777778
KRW-T,2026-09-15,1343,1440,0.9326388888888889
KRW-TAIKO,2026-09-15,257,1440,0.17847222222222223
KRW-TAO,2026-09-15,755,1440,0.5243055555555556
KRW-TFUEL,2026-09-15,494,1440,0.34305555555555556
KRW-THETA,2026-09-15,381,1440,0.26458333333333334
KRW-TIA,2026-09-15,262,1440,0.18194444444444444
KRW-TOKAMAK,2026-09-15,583,1440,0.4048611111111111
KRW-TOSHI,2026-09-15,241,1440,0.1673611111111111
KRW-TRAC,2026-09-15,342,1440,0.2375
KRW-TREE,2026-09-15,1097,1440,0.7618055555555555
KRW-TRUMP,2026-09-15,1308,1440,0.9083333333333333
KRW-TRUST,2026-09-15,393,1440,0.27291666666666664
KRW-UNI,2026-09-15,1145,1440,0.7951388888888888
KRW-UP2,2026-09-15,695,1440,0.4826388888888889
KRW-USD1,2026-09-15,224,1440,0.15555555555555556
KRW-USDE,2026-09-15,120,1440,0.08333333333333333
KRW-USDG,2026-09-15,74,1440,0.05138888888888889
KRW-USDS,2026-09-15,22,1440,0.015277777777777777
KRW-VANA,2026-09-15,786,1440,0.5458333333333333
KRW-VET,2026-09-15,383,1440,0.2659722222222222
KRW-VIRTUAL,2026-09-15,805,1440,0.5590277777777778
KRW-VTHO,2026-09-15,1361,1440,0.9451388888888889
KRW-VVV,2026-09-15,590,1440,0.4097222222222222
KRW-W,2026-09-15,265,1440,0.1840277777777778
KRW-WAL,2026-09-15,632,1440,0.4388888888888889
KRW-WAVES,2026-09-15,718,1440,0.4986111111111111
KRW-WAXP,2026-09-15,998,1440,0.6930555555555555
KRW-WCT,2026-09-15,299,1440,0.2076388888888889
KRW-WET,2026-09-15,244,1440,0.16944444444444445
KRW-WIF,2026-09-15,147,1440,0.10208333333333333
KRW-WLD,2026-09-15,1218,1440,0.8458333333333333
KRW-WLFI,2026-09-15,493,1440,0.3423611111111111
KRW-XAUT,2026-09-15,342,1440,0.2375
KRW-XCN,2026-09-15,782,1440,0.5430555555555555
KRW-XEC,2026-09-15,492,1440,0.3416666666666667
KRW-XLM,2026-09-15,1407,1440,0.9770833333333333
KRW-XPL,2026-09-15,669,1440,0.46458333333333335
KRW-XTZ,2026-09-15,414,1440,0.2875
KRW-YGG,2026-09-15,180,1440,0.125
KRW-ZAMA,2026-09-15,241,1440,0.1673611111111111
KRW-ZBT,2026-09-15,382,1440,0.2652777777777778
KRW-ZETA,2026-09-15,491,1440,0.34097222222222223
KRW-ZIL,2026-09-15,850,1440,0.5902777777777778
KRW-ZK,2026-09-15,248,1440,0.17222222222222222
KRW-ZKC,2026-09-15,443,1440,0.3076388888888889
KRW-ZKP,2026-09-15,384,1440,0.26666666666666666
KRW-ZORA,2026-09-15,664,1440,0.46111111111111114
KRW-ZRO,2026-09-15,598,1440,0.4152777777777778
KRW-ZRX,2026-09-15,279,1440,0.19375
KRW-0G,2026-09-16,511,1440,0.3548611111111111
KRW-1INCH,2026-09-16,230,1440,0.1597222222222222
KRW-2Z,2026-09-16,433,1440,0.30069444444444443
KRW-A,2026-09-16,329,1440,0.22847222222222222
KRW-AAVE,2026-09-16,752,1440,0.5222222222222223
KRW-AERO,2026-09-16,329,1440,0.22847222222222222
KRW-AGLD,2026-09-16,308,1440,0.21388888888888888
KRW-AHT,2026-09-16,226,1440,0.15694444444444444
KRW-AI,2026-09-16,491,1440,0.34097222222222223
KRW-AKT,2026-09-16,534,1440,0.37083333333333335
KRW-ALGO,2026-09-16,647,1440,0.44930555555555557
KRW-ALT,2026-09-16,456,1440,0.31666666666666665
KRW-ANIME,2026-09-16,383,1440,0.2659722222222222
KRW-ANKR,2026-09-16,314,1440,0.21805555555555556
KRW-API3,2026-09-16,354,1440,0.24583333333333332
KRW-APT,2026-09-16,909,1440,0.63125
KRW-ARB,2026-09-16,1385,1440,0.9618055555555556
KRW-ARDR,2026-09-16,789,1440,0.5479166666666667
KRW-ARK,2026-09-16,1125,1440,0.78125
KRW-ARKM,2026-09-16,171,1440,0.11875
KRW-ARX,2026-09-16,595,1440,0.4131944444444444
KRW-ASTR,2026-09-16,1380,1440,0.9583333333333334
KRW-ATH,2026-09-16,608,1440,0.4222222222222222
KRW-ATOM,2026-09-16,621,1440,0.43125
KRW-AUCTION,2026-09-16,389,1440,0.2701388888888889
KRW-AVAX,2026-09-16,858,1440,0.5958333333333333
KRW-AVNT,2026-09-16,305,1440,0.21180555555555555
KRW-AWE,2026-09-16,632,1440,0.4388888888888889
KRW-AXL,2026-09-16,886,1440,0.6152777777777778
KRW-AXS,2026-09-16,556,1440,0.3861111111111111
KRW-AZTEC,2026-09-16,183,1440,0.12708333333333333
KRW-B3,2026-09-16,948,1440,0.6583333333333333
KRW-BABY,2026-09-16,245,1440,0.1701388888888889
KRW-BARD,2026-09-16,289,1440,0.20069444444444445
KRW-BAT,2026-09-16,359,1440,0.24930555555555556
KRW-BCH,2026-09-16,915,1440,0.6354166666666666
KRW-BEAM,2026-09-16,389,1440,0.2701388888888889
KRW-BERA,2026-09-16,562,1440,0.3902777777777778
KRW-BFC,2026-09-16,1012,1440,0.7027777777777777
KRW-BIGTIME,2026-09-16,625,1440,0.4340277777777778
KRW-BIO,2026-09-16,211,1440,0.14652777777777778
KRW-BIRB,2026-09-16,762,1440,0.5291666666666667
KRW-BLAST,2026-09-16,746,1440,0.5180555555555556
KRW-BLEND,2026-09-16,332,1440,0.23055555555555557
KRW-BLUR,2026-09-16,414,1440,0.2875
KRW-BORA,2026-09-16,383,1440,0.2659722222222222
KRW-BOUNTY,2026-09-16,221,1440,0.15347222222222223
KRW-BREV,2026-09-16,253,1440,0.17569444444444443
KRW-BSB,2026-09-16,170,1440,0.11805555555555555
KRW-BSV,2026-09-16,402,1440,0.2791666666666667
KRW-BTT,2026-09-16,582,1440,0.4041666666666667
KRW-CAP,2026-09-16,1410,1440,0.9791666666666666
KRW-CARV,2026-09-16,299,1440,0.2076388888888889
KRW-CBK,2026-09-16,351,1440,0.24375
KRW-CC,2026-09-16,368,1440,0.25555555555555554
KRW-CELO,2026-09-16,398,1440,0.2763888888888889
KRW-CFG,2026-09-16,513,1440,0.35625
KRW-CFX,2026-09-16,135,1440,0.09375
KRW-CHIP,2026-09-16,887,1440,0.6159722222222223
KRW-CHZ,2026-09-16,586,1440,0.40694444444444444
KRW-CKB,2026-09-16,267,1440,0.18541666666666667
KRW-COMP,2026-09-16,140,1440,0.09722222222222222
KRW-COW,2026-09-16,118,1440,0.08194444444444444
KRW-CP,2026-09-16,865,1440,0.6006944444444444
KRW-CPOOL,2026-09-16,1168,1440,0.8111111111111111
KRW-CRO,2026-09-16,553,1440,0.3840277777777778
KRW-CRV,2026-09-16,285,1440,0.19791666666666666
KRW-CTC,2026-09-16,564,1440,0.39166666666666666
KRW-CVC,2026-09-16,1286,1440,0.8930555555555556
KRW-CYBER,2026-09-16,316,1440,0.21944444444444444
KRW-DATA,2026-09-16,793,1440,0.5506944444444445
KRW-DEEP,2026-09-16,280,1440,0.19444444444444445
KRW-DKA,2026-09-16,289,1440,0.20069444444444445
KRW-DOOD,2026-09-16,327,1440,0.22708333333333333
KRW-DOS,2026-09-16,608,1440,0.4222222222222222
KRW-DOT,2026-09-16,583,1440,0.4048611111111111
KRW-DRV,2026-09-16,749,1440,0.5201388888888889
KRW-EDGE,2026-09-16,371,1440,0.25763888888888886
KRW-EGLD,2026-09-16,280,1440,0.19444444444444445
KRW-ELF,2026-09-16,841,1440,0.5840277777777778
KRW-ELSA,2026-09-16,492,1440,0.3416666666666667
KRW-ENA,2026-09-16,1080,1440,0.75
KRW-ENS,2026-09-16,868,1440,0.6027777777777777
KRW-ENSO,2026-09-16,350,1440,0.24305555555555555
KRW-ERA,2026-09-16,515,1440,0.3576388888888889
KRW-ESP,2026-09-16,168,1440,0.11666666666666667
KRW-ETC,2026-09-16,939,1440,0.6520833333333333
KRW-ETHFI,2026-09-16,472,1440,0.3277777777777778
KRW-EUL,2026-09-16,400,1440,0.2777777777777778
KRW-EURC,2026-09-16,260,1440,0.18055555555555555
KRW-F,2026-09-16,295,1440,0.2048611111111111
KRW-FCT2,2026-09-16,380,1440,0.2638888888888889
KRW-FF,2026-09-16,922,1440,0.6402777777777777
KRW-FIL,2026-09-16,869,1440,0.6034722222222222
KRW-FLOCK,2026-09-16,1065,1440,0.7395833333333334
KRW-FLUID,2026-09-16,233,1440,0.16180555555555556
KRW-FOLD,2026-09-16,1194,1440,0.8291666666666667
KRW-G,2026-09-16,1368,1440,0.95
KRW-GAME2,2026-09-16,223,1440,0.15486111111111112
KRW-GAS,2026-09-16,547,1440,0.3798611111111111
KRW-GEOD,2026-09-16,594,1440,0.4125
KRW-GLM,2026-09-16,490,1440,0.3402777777777778
KRW-GMT,2026-09-16,449,1440,0.31180555555555556
KRW-GRT,2026-09-16,286,1440,0.1986111111111111
KRW-GRVT,2026-09-16,462,1440,0.32083333333333336
KRW-HBAR,2026-09-16,841,1440,0.5840277777777778
KRW-HIVE,2026-09-16,1099,1440,0.7631944444444444
KRW-HOLO,2026-09-16,515,1440,0.3576388888888889
KRW-HOME,2026-09-16,524,1440,0.3638888888888889
KRW-HP,2026-09-16,278,1440,0.19305555555555556
KRW-HUNT,2026-09-16,343,1440,0.23819444444444443
KRW-HYPER,2026-09-16,433,1440,0.30069444444444443
KRW-ICP,2026-09-16,309,1440,0.21458333333333332
KRW-ICX,2026-09-16,466,1440,0.3236111111111111
KRW-ID,2026-09-16,672,1440,0.4666666666666667
KRW-IMX,2026-09-16,242,1440,0.16805555555555557
KRW-IN,2026-09-16,565,1440,0.3923611111111111
KRW-INJ,2026-09-16,530,1440,0.3680555555555556
KRW-IO,2026-09-16,147,1440,0.10208333333333333
KRW-IOST,2026-09-16,1168,1440,0.8111111111111111
KRW-IOTA,2026-09-16,708,1440,0.49166666666666664
KRW-IQ,2026-09-16,631,1440,0.43819444444444444
KRW-IRYS,2026-09-16,294,1440,0.20416666666666666
KRW-JPYC,2026-09-16,0,1440,0.0
KRW-JST,2026-09-16,279,1440,0.19375
KRW-JTO,2026-09-16,560,1440,0.3888888888888889
KRW-JUP,2026-09-16,557,1440,0.38680555555555557
KRW-KAITO,2026-09-16,497,1440,0.3451388888888889
KRW-KAT,2026-09-16,775,1440,0.5381944444444444
KRW-KAVA,2026-09-16,343,1440,0.23819444444444443
KRW-KERNEL,2026-09-16,292,1440,0.20277777777777778
KRW-KITE,2026-09-16,392,1440,0.2722222222222222
KRW-KMNO,2026-09-16,127,1440,0.08819444444444445
KRW-KNC,2026-09-16,349,1440,0.2423611111111111
KRW-LA,2026-09-16,1363,1440,0.9465277777777777
KRW-LAYER,2026-09-16,364,1440,0.25277777777777777
KRW-LINEA,2026-09-16,195,1440,0.13541666666666666
KRW-LINK,2026-09-16,1183,1440,0.8215277777777777
KRW-LIT,2026-09-16,601,1440,0.4173611111111111
KRW-LPT,2026-09-16,187,1440,0.12986111111111112
KRW-LSK,2026-09-16,1427,1440,0.9909722222222223
KRW-MANA,2026-09-16,337,1440,0.23402777777777778
KRW-MANTRA,2026-09-16,566,1440,0.39305555555555555
KRW-MASK,2026-09-16,217,1440,0.15069444444444444
KRW-MBL,2026-09-16,363,1440,0.2520833333333333
KRW-ME,2026-09-16,651,1440,0.45208333333333334
KRW-MED,2026-09-16,490,1440,0.3402777777777778
KRW-MEGA,2026-09-16,332,1440,0.23055555555555557
KRW-MET2,2026-09-16,293,1440,0.20347222222222222
KRW-META,2026-09-16,165,1440,0.11458333333333333
KRW-META2,2026-09-16,366,1440,0.25416666666666665
KRW-MEW,2026-09-16,322,1440,0.22361111111111112
KRW-MINA,2026-09-16,555,1440,0.3854166666666667
KRW-MIRA,2026-09-16,877,1440,0.6090277777777777
KRW-MLK,2026-09-16,583,1440,0.4048611111111111
KRW-MMT,2026-09-16,713,1440,0.4951388888888889
KRW-MNT,2026-09-16,159,1440,0.11041666666666666
KRW-MOC,2026-09-16,236,1440,0.1638888888888889
KRW-MOCA,2026-09-16,315,1440,0.21875
KRW-MON,2026-09-16,429,1440,0.29791666666666666
KRW-MOODENG,2026-09-16,277,1440,0.19236111111111112
KRW-MORPHO,2026-09-16,455,1440,0.3159722222222222
KRW-MOVE,2026-09-16,479,1440,0.3326388888888889
KRW-MTL,2026-09-16,1240,1440,0.8611111111111112
KRW-MVL,2026-09-16,169,1440,0.11736111111111111
KRW-NCT,2026-09-16,479,1440,0.3326388888888889
KRW-NEAR,2026-09-16,1255,1440,0.8715277777777778
KRW-NEO,2026-09-16,409,1440,0.28402777777777777
KRW-NEWT,2026-09-16,433,1440,0.30069444444444443
KRW-NXPC,2026-09-16,328,1440,0.22777777777777777
KRW-O,2026-09-16,243,1440,0.16875
KRW-ONDO,2026-09-16,1371,1440,0.9520833333333333
KRW-ONG,2026-09-16,663,1440,0.46041666666666664
KRW-ONT,2026-09-16,357,1440,0.24791666666666667
KRW-OP,2026-09-16,341,1440,0.23680555555555555
KRW-OPEN,2026-09-16,531,1440,0.36875
KRW-OPG,2026-09-16,312,1440,0.21666666666666667
KRW-ORBS,2026-09-16,235,1440,0.16319444444444445
KRW-ORCA,2026-09-16,317,1440,0.22013888888888888
KRW-ORDER,2026-09-16,488,1440,0.3388888888888889
KRW-PENDLE,2026-09-16,536,1440,0.37222222222222223
KRW-PENGU,2026-09-16,757,1440,0.5256944444444445
KRW-PEPE,2026-09-16,618,1440,0.42916666666666664
KRW-PIEVERSE,2026-09-16,680,1440,0.4722222222222222
KRW-PLUME,2026-09-16,368,1440,0.25555555555555554
KRW-POKT,2026-09-16,390,1440,0.2708333333333333
KRW-POL,2026-09-16,617,1440,0.4284722222222222
KRW-POLYX,2026-09-16,835,1440,0.5798611111111112
KRW-POWR,2026-09-16,1210,1440,0.8402777777777778
KRW-PRL,2026-09-16,539,1440,0.37430555555555556
KRW-PROM,2026-09-16,667,1440,0.46319444444444446
KRW-PROS,2026-09-16,350,1440,0.24305555555555555
KRW-PROVE,2026-09-16,219,1440,0.15208333333333332
KRW-PUMP,2026-09-16,576,1440,0.4
KRW-PUNDIX,2026-09-16,917,1440,0.6368055555555555
KRW-PYTH,2026-09-16,393,1440,0.27291666666666664
KRW-PYUSD,2026-09-16,0,1440,0.0
KRW-QKC,2026-09-16,544,1440,0.37777777777777777
KRW-QTUM,2026-09-16,354,1440,0.24583333333333332
KRW-QUID,2026-09-16,879,1440,0.6104166666666667
KRW-RAY,2026-09-16,992,1440,0.6888888888888889
KRW-RE,2026-09-16,792,1440,0.55
KRW-RED,2026-09-16,554,1440,0.38472222222222224
KRW-RENDER,2026-09-16,515,1440,0.3576388888888889
KRW-RLUSD,2026-09-16,91,1440,0.06319444444444444
KRW-RVN,2026-09-16,734,1440,0.5097222222222222
KRW-SAFE,2026-09-16,203,1440,0.14097222222222222
KRW-SAHARA,2026-09-16,707,1440,0.4909722222222222
KRW-SAND,2026-09-16,841,1440,0.5840277777777778
KRW-SC,2026-09-16,902,1440,0.6263888888888889
KRW-SEI,2026-09-16,720,1440,0.5
KRW-SENT,2026-09-16,299,1440,0.2076388888888889
KRW-SHIB,2026-09-16,1353,1440,0.9395833333333333
KRW-SIGN,2026-09-16,503,1440,0.34930555555555554
KRW-SKR,2026-09-16,703,1440,0.48819444444444443
KRW-SKY,2026-09-16,200,1440,0.1388888888888889
KRW-SLX,2026-09-16,1043,1440,0.7243055555555555
KRW-SNT,2026-09-16,479,1440,0.3326388888888889
KRW-SOMI,2026-09-16,464,1440,0.32222222222222224
KRW-SONIC,2026-09-16,568,1440,0.39444444444444443
KRW-SOON,2026-09-16,192,1440,0.13333333333333333
KRW-SOPH,2026-09-16,1193,1440,0.8284722222222223
KRW-SPK,2026-09-16,201,1440,0.13958333333333334
KRW-SPX,2026-09-16,159,1440,0.11041666666666666
KRW-STEEM,2026-09-16,1273,1440,0.8840277777777777
KRW-STRAX,2026-09-16,591,1440,0.41041666666666665
KRW-STX,2026-09-16,860,1440,0.5972222222222222
KRW-SUI,2026-09-16,1302,1440,0.9041666666666667
KRW-SUN,2026-09-16,107,1440,0.07430555555555556
KRW-SUPER,2026-09-16,107,1440,0.07430555555555556
KRW-SYRUP,2026-09-16,184,1440,0.12777777777777777
KRW-T,2026-09-16,984,1440,0.6833333333333333
KRW-TAIKO,2026-09-16,398,1440,0.2763888888888889
KRW-TAO,2026-09-16,694,1440,0.48194444444444445
KRW-TFUEL,2026-09-16,408,1440,0.2833333333333333
KRW-THETA,2026-09-16,222,1440,0.15416666666666667
KRW-TIA,2026-09-16,253,1440,0.17569444444444443
KRW-TOKAMAK,2026-09-16,397,1440,0.27569444444444446
KRW-TOSHI,2026-09-16,247,1440,0.17152777777777778
KRW-TRAC,2026-09-16,303,1440,0.21041666666666667
KRW-TREE,2026-09-16,942,1440,0.6541666666666667
KRW-TRUMP,2026-09-16,1328,1440,0.9222222222222223
KRW-TRUST,2026-09-16,384,1440,0.26666666666666666
KRW-UNI,2026-09-16,1080,1440,0.75
KRW-UP2,2026-09-16,565,1440,0.3923611111111111
KRW-USD1,2026-09-16,234,1440,0.1625
KRW-USDE,2026-09-16,50,1440,0.034722222222222224
KRW-USDG,2026-09-16,41,1440,0.02847222222222222
KRW-USDS,2026-09-16,14,1440,0.009722222222222222
KRW-VANA,2026-09-16,726,1440,0.5041666666666667
KRW-VET,2026-09-16,605,1440,0.4201388888888889
KRW-VIRTUAL,2026-09-16,838,1440,0.5819444444444445
KRW-VTHO,2026-09-16,1403,1440,0.9743055555555555
KRW-VVV,2026-09-16,677,1440,0.4701388888888889
KRW-W,2026-09-16,323,1440,0.22430555555555556
KRW-WAL,2026-09-16,399,1440,0.27708333333333335
KRW-WAVES,2026-09-16,786,1440,0.5458333333333333
KRW-WAXP,2026-09-16,532,1440,0.36944444444444446
KRW-WCT,2026-09-16,324,1440,0.225
KRW-WET,2026-09-16,341,1440,0.23680555555555555
KRW-WIF,2026-09-16,73,1440,0.050694444444444445
KRW-WLD,2026-09-16,1165,1440,0.8090277777777778
KRW-WLFI,2026-09-16,417,1440,0.28958333333333336
KRW-XAUT,2026-09-16,398,1440,0.2763888888888889
KRW-XCN,2026-09-16,890,1440,0.6180555555555556
KRW-XEC,2026-09-16,676,1440,0.46944444444444444
KRW-XLM,2026-09-16,1400,1440,0.9722222222222222
KRW-XPL,2026-09-16,490,1440,0.3402777777777778
KRW-XTZ,2026-09-16,371,1440,0.25763888888888886
KRW-YGG,2026-09-16,161,1440,0.11180555555555556
KRW-ZAMA,2026-09-16,190,1440,0.13194444444444445
KRW-ZBT,2026-09-16,347,1440,0.24097222222222223
KRW-ZETA,2026-09-16,321,1440,0.22291666666666668
KRW-ZIL,2026-09-16,1124,1440,0.7805555555555556
KRW-ZK,2026-09-16,268,1440,0.18611111111111112
KRW-ZKC,2026-09-16,1071,1440,0.74375
KRW-ZKP,2026-09-16,341,1440,0.23680555555555555
KRW-ZORA,2026-09-16,494,1440,0.34305555555555556
KRW-ZRO,2026-09-16,483,1440,0.33541666666666664
KRW-ZRX,2026-09-16,270,1440,0.1875
KRW-0G,2026-09-17,688,1440,0.4777777777777778
KRW-1INCH,2026-09-17,143,1440,0.09930555555555555
KRW-2Z,2026-09-17,291,1440,0.20208333333333334
KRW-A,2026-09-17,283,1440,0.19652777777777777
KRW-AAVE,2026-09-17,858,1440,0.5958333333333333
KRW-AERO,2026-09-17,292,1440,0.20277777777777778
KRW-AGLD,2026-09-17,262,1440,0.18194444444444444
KRW-AHT,2026-09-17,142,1440,0.09861111111111111
KRW-AI,2026-09-17,317,1440,0.22013888888888888
KRW-AKT,2026-09-17,323,1440,0.22430555555555556
KRW-ALGO,2026-09-17,522,1440,0.3625
KRW-ALT,2026-09-17,377,1440,0.26180555555555557
KRW-ANIME,2026-09-17,497,1440,0.3451388888888889
KRW-ANKR,2026-09-17,174,1440,0.12083333333333333
KRW-API3,2026-09-17,258,1440,0.17916666666666667
KRW-APT,2026-09-17,890,1440,0.6180555555555556
KRW-ARB,2026-09-17,1196,1440,0.8305555555555556
KRW-ARDR,2026-09-17,490,1440,0.3402777777777778
KRW-ARK,2026-09-17,803,1440,0.5576388888888889
KRW-ARKM,2026-09-17,131,1440,0.09097222222222222
KRW-ARX,2026-09-17,654,1440,0.45416666666666666
KRW-ASTR,2026-09-17,1011,1440,0.7020833333333333
KRW-ATH,2026-09-17,451,1440,0.31319444444444444
KRW-ATOM,2026-09-17,594,1440,0.4125
KRW-AUCTION,2026-09-17,247,1440,0.17152777777777778
KRW-AVAX,2026-09-17,846,1440,0.5875
KRW-AVNT,2026-09-17,281,1440,0.1951388888888889
KRW-AWE,2026-09-17,417,1440,0.28958333333333336
KRW-AXL,2026-09-17,538,1440,0.3736111111111111
KRW-AXS,2026-09-17,496,1440,0.34444444444444444
KRW-AZTEC,2026-09-17,181,1440,0.12569444444444444
KRW-B3,2026-09-17,871,1440,0.6048611111111111
KRW-BABY,2026-09-17,210,1440,0.14583333333333334
KRW-BARD,2026-09-17,248,1440,0.17222222222222222
KRW-BAT,2026-09-17,213,1440,0.14791666666666667
KRW-BCH,2026-09-17,844,1440,0.5861111111111111
KRW-BEAM,2026-09-17,294,1440,0.20416666666666666
KRW-BERA,2026-09-17,544,1440,0.37777777777777777
KRW-BFC,2026-09-17,1000,1440,0.6944444444444444
KRW-BIGTIME,2026-09-17,409,1440,0.28402777777777777
KRW-BIO,2026-09-17,211,1440,0.14652777777777778
KRW-BIRB,2026-09-17,711,1440,0.49375
KRW-BLAST,2026-09-17,507,1440,0.35208333333333336
KRW-BLEND,2026-09-17,206,1440,0.14305555555555555
KRW-BLUR,2026-09-17,316,1440,0.21944444444444444
KRW-BORA,2026-09-17,339,1440,0.23541666666666666
KRW-BOUNTY,2026-09-17,155,1440,0.1076388888888889
KRW-BREV,2026-09-17,176,1440,0.12222222222222222
KRW-BSB,2026-09-17,135,1440,0.09375
KRW-BSV,2026-09-17,332,1440,0.23055555555555557
KRW-BTT,2026-09-17,415,1440,0.2881944444444444
KRW-CAP,2026-09-17,1259,1440,0.8743055555555556
KRW-CARV,2026-09-17,182,1440,0.12638888888888888
KRW-CBK,2026-09-17,208,1440,0.14444444444444443
KRW-CC,2026-09-17,538,1440,0.3736111111111111
KRW-CELO,2026-09-17,214,1440,0.1486111111111111
KRW-CFG,2026-09-17,573,1440,0.39791666666666664
KRW-CFX,2026-09-17,69,1440,0.04791666666666667
KRW-CHIP,2026-09-17,781,1440,0.5423611111111111
KRW-CHZ,2026-09-17,429,1440,0.29791666666666666
KRW-CKB,2026-09-17,134,1440,0.09305555555555556
KRW-COMP,2026-09-17,108,1440,0.075
KRW-COW,2026-09-17,96,1440,0.06666666666666667
KRW-CP,2026-09-17,771,1440,0.5354166666666667
KRW-CPOOL,2026-09-17,762,1440,0.5291666666666667
KRW-CRO,2026-09-17,499,1440,0.34652777777777777
KRW-CRV,2026-09-17,278,1440,0.19305555555555556
KRW-CTC,2026-09-17,389,1440,0.2701388888888889
KRW-CVC,2026-09-17,1090,1440,0.7569444444444444
KRW-CYBER,2026-09-17,211,1440,0.14652777777777778
KRW-DATA,2026-09-17,586,1440,0.40694444444444444
KRW-DEEP,2026-09-17,269,1440,0.18680555555555556
KRW-DKA,2026-09-17,252,1440,0.175
KRW-DOOD,2026-09-17,341,1440,0.23680555555555555
KRW-DOS,2026-09-17,1030,1440,0.7152777777777778
KRW-DOT,2026-09-17,620,1440,0.4305555555555556
KRW-DRV,2026-09-17,1312,1440,0.9111111111111111
KRW-EDGE,2026-09-17,201,1440,0.13958333333333334
KRW-EGLD,2026-09-17,268,1440,0.18611111111111112
KRW-ELF,2026-09-17,498,1440,0.3458333333333333
KRW-ELSA,2026-09-17,338,1440,0.23472222222222222
KRW-ENA,2026-09-17,1098,1440,0.7625
KRW-ENS,2026-09-17,787,1440,0.5465277777777777
KRW-ENSO,2026-09-17,273,1440,0.18958333333333333
KRW-ERA,2026-09-17,454,1440,0.31527777777777777
KRW-ESP,2026-09-17,114,1440,0.07916666666666666
KRW-ETC,2026-09-17,814,1440,0.5652777777777778
KRW-ETHFI,2026-09-17,482,1440,0.3347222222222222
KRW-EUL,2026-09-17,311,1440,0.21597222222222223
KRW-EURC,2026-09-17,176,1440,0.12222222222222222
KRW-F,2026-09-17,255,1440,0.17708333333333334
KRW-FCT2,2026-09-17,244,1440,0.16944444444444445
KRW-FF,2026-09-17,401,1440,0.27847222222222223
KRW-FIL,2026-09-17,708,1440,0.49166666666666664
KRW-FLOCK,2026-09-17,996,1440,0.6916666666666667
KRW-FLUID,2026-09-17,133,1440,0.09236111111111112
KRW-FOLD,2026-09-17,1335,1440,0.9270833333333334
KRW-G,2026-09-17,466,1440,0.3236111111111111
KRW-GAME2,2026-09-17,141,1440,0.09791666666666667
KRW-GAS,2026-09-17,456,1440,0.31666666666666665
KRW-GEOD,2026-09-17,546,1440,0.37916666666666665
KRW-GLM,2026-09-17,281,1440,0.1951388888888889
KRW-GMT,2026-09-17,342,1440,0.2375
KRW-GRT,2026-09-17,217,1440,0.15069444444444444
KRW-GRVT,2026-09-17,594,1440,0.4125
KRW-HBAR,2026-09-17,784,1440,0.5444444444444444
KRW-HIVE,2026-09-17,748,1440,0.5194444444444445
KRW-HOLO,2026-09-17,535,1440,0.3715277777777778
KRW-HOME,2026-09-17,353,1440,0.24513888888888888
KRW-HP,2026-09-17,589,1440,0.40902777777777777
KRW-HUNT,2026-09-17,211,1440,0.14652777777777778
KRW-HYPER,2026-09-17,320,1440,0.2222222222222222
KRW-ICP,2026-09-17,200,1440,0.1388888888888889
KRW-ICX,2026-09-17,324,1440,0.225
KRW-ID,2026-09-17,434,1440,0.3013888888888889
KRW-IMX,2026-09-17,164,1440,0.11388888888888889
KRW-IN,2026-09-17,539,1440,0.37430555555555556
KRW-INJ,2026-09-17,372,1440,0.25833333333333336
KRW-IO,2026-09-17,709,1440,0.49236111111111114
KRW-IOST,2026-09-17,1269,1440,0.88125
KRW-IOTA,2026-09-17,684,1440,0.475
KRW-IQ,2026-09-17,372,1440,0.25833333333333336
KRW-IRYS,2026-09-17,265,1440,0.1840277777777778
KRW-JPYC,2026-09-17,266,1440,0.18472222222222223
KRW-JST,2026-09-17,219,1440,0.15208333333333332
KRW-JTO,2026-09-17,547,1440,0.3798611111111111
KRW-JUP,2026-09-17,651,1440,0.45208333333333334
KRW-KAITO,2026-09-17,437,1440,0.3034722222222222
KRW-KAT,2026-09-17,658,1440,0.45694444444444443
KRW-KAVA,2026-09-17,315,1440,0.21875
KRW-KERNEL,2026-09-17,304,1440,0.2111111111111111
KRW-KITE,2026-09-17,573,1440,0.39791666666666664
KRW-KMNO,2026-09-17,308,1440,0.21388888888888888
KRW-KNC,2026-09-17,178,1440,0.12361111111111112
KRW-LA,2026-09-17,1203,1440,0.8354166666666667
KRW-LAYER,2026-09-17,367,1440,0.2548611111111111
KRW-LINEA,2026-09-17,187,1440,0.12986111111111112
KRW-LINK,2026-09-17,1051,1440,0.7298611111111111
KRW-LIT,2026-09-17,812,1440,0.5638888888888889
KRW-LPT,2026-09-17,124,1440,0.08611111111111111
KRW-LSK,2026-09-17,1351,1440,0.9381944444444444
KRW-MANA,2026-09-17,245,1440,0.1701388888888889
KRW-MANTRA,2026-09-17,569,1440,0.3951388888888889
KRW-MASK,2026-09-17,158,1440,0.10972222222222222
KRW-MBL,2026-09-17,232,1440,0.16111111111111112
KRW-ME,2026-09-17,432,1440,0.3
KRW-MED,2026-09-17,287,1440,0.19930555555555557
KRW-MEGA,2026-09-17,298,1440,0.20694444444444443
KRW-MET2,2026-09-17,337,1440,0.23402777777777778
KRW-META,2026-09-17,116,1440,0.08055555555555556
KRW-META2,2026-09-17,386,1440,0.26805555555555555
KRW-MEW,2026-09-17,307,1440,0.21319444444444444
KRW-MINA,2026-09-17,591,1440,0.41041666666666665
KRW-MIRA,2026-09-17,651,1440,0.45208333333333334
KRW-MLK,2026-09-17,407,1440,0.2826388888888889
KRW-MMT,2026-09-17,719,1440,0.49930555555555556
KRW-MNT,2026-09-17,167,1440,0.11597222222222223
KRW-MOC,2026-09-17,137,1440,0.09513888888888888
KRW-MOCA,2026-09-17,189,1440,0.13125
KRW-MON,2026-09-17,389,1440,0.2701388888888889
KRW-MOODENG,2026-09-17,677,1440,0.4701388888888889
KRW-MORPHO,2026-09-17,493,1440,0.3423611111111111
KRW-MOVE,2026-09-17,365,1440,0.2534722222222222
KRW-MTL,2026-09-17,963,1440,0.66875
KRW-MVL,2026-09-17,109,1440,0.07569444444444444
KRW-NCT,2026-09-17,493,1440,0.3423611111111111
KRW-NEAR,2026-09-17,1298,1440,0.9013888888888889
KRW-NEO,2026-09-17,240,1440,0.16666666666666666
KRW-NEWT,2026-09-17,333,1440,0.23125
KRW-NXPC,2026-09-17,228,1440,0.15833333333333333
KRW-O,2026-09-17,196,1440,0.1361111111111111
KRW-ONDO,2026-09-17,1255,1440,0.8715277777777778
KRW-ONG,2026-09-17,584,1440,0.40555555555555556
KRW-ONT,2026-09-17,266,1440,0.18472222222222223
KRW-OP,2026-09-17,282,1440,0.19583333333333333
KRW-OPEN,2026-09-17,272,1440,0.18888888888888888
KRW-OPG,2026-09-17,238,1440,0.16527777777777777
KRW-ORBS,2026-09-17,244,1440,0.16944444444444445
KRW-ORCA,2026-09-17,330,1440,0.22916666666666666
KRW-ORDER,2026-09-17,358,1440,0.24861111111111112
KRW-PENDLE,2026-09-17,543,1440,0.3770833333333333
KRW-PENGU,2026-09-17,891,1440,0.61875
KRW-PEPE,2026-09-17,594,1440,0.4125
KRW-PIEVERSE,2026-09-17,535,1440,0.3715277777777778
KRW-PLUME,2026-09-17,274,1440,0.19027777777777777
KRW-POKT,2026-09-17,343,1440,0.23819444444444443
KRW-POL,2026-09-17,440,1440,0.3055555555555556
KRW-POLYX,2026-09-17,460,1440,0.3194444444444444
KRW-POWR,2026-09-17,859,1440,0.5965277777777778
KRW-PRL,2026-09-17,354,1440,0.24583333333333332
KRW-PROM,2026-09-17,623,1440,0.4326388888888889
KRW-PROS,2026-09-17,337,1440,0.23402777777777778
KRW-PROVE,2026-09-17,223,1440,0.15486111111111112
KRW-PUMP,2026-09-17,880,1440,0.6111111111111112
KRW-PUNDIX,2026-09-17,724,1440,0.5027777777777778
KRW-PYTH,2026-09-17,430,1440,0.2986111111111111
KRW-PYUSD,2026-09-17,626,1440,0.43472222222222223
KRW-QKC,2026-09-17,341,1440,0.23680555555555555
KRW-QTUM,2026-09-17,267,1440,0.18541666666666667
KRW-QUID,2026-09-17,1057,1440,0.7340277777777777
KRW-RAY,2026-09-17,1126,1440,0.7819444444444444
KRW-RE,2026-09-17,594,1440,0.4125
KRW-RED,2026-09-17,284,1440,0.19722222222222222
KRW-RENDER,2026-09-17,520,1440,0.3611111111111111
KRW-RLUSD,2026-09-17,66,1440,0.04583333333333333
KRW-RVN,2026-09-17,575,1440,0.3993055555555556
KRW-SAFE,2026-09-17,148,1440,0.10277777777777777
KRW-SAHARA,2026-09-17,619,1440,0.42986111111111114
KRW-SAND,2026-09-17,624,1440,0.43333333333333335
KRW-SC,2026-09-17,541,1440,0.37569444444444444
KRW-SEI,2026-09-17,628,1440,0.4361111111111111
KRW-SENT,2026-09-17,255,1440,0.17708333333333334
KRW-SHIB,2026-09-17,1227,1440,0.8520833333333333
KRW-SIGN,2026-09-17,283,1440,0.19652777777777777
KRW-SKR,2026-09-17,614,1440,0.4263888888888889
KRW-SKY,2026-09-17,326,1440,0.2263888888888889
KRW-SLX,2026-09-17,876,1440,0.6083333333333333
KRW-SNT,2026-09-17,244,1440,0.16944444444444445
KRW-SOMI,2026-09-17,599,1440,0.41597222222222224
KRW-SONIC,2026-09-17,358,1440,0.24861111111111112
KRW-SOON,2026-09-17,170,1440,0.11805555555555555
KRW-SOPH,2026-09-17,1297,1440,0.9006944444444445
KRW-SPK,2026-09-17,205,1440,0.1423611111111111
KRW-SPX,2026-09-17,200,1440,0.1388888888888889
KRW-STEEM,2026-09-17,1089,1440,0.75625
KRW-STRAX,2026-09-17,399,1440,0.27708333333333335
KRW-STX,2026-09-17,759,1440,0.5270833333333333
KRW-SUI,2026-09-17,1210,1440,0.8402777777777778
KRW-SUN,2026-09-17,78,1440,0.05416666666666667
KRW-SUPER,2026-09-17,93,1440,0.06458333333333334
KRW-SYRUP,2026-09-17,192,1440,0.13333333333333333
KRW-T,2026-09-17,823,1440,0.5715277777777777
KRW-TAIKO,2026-09-17,203,1440,0.14097222222222222
KRW-TAO,2026-09-17,621,1440,0.43125
KRW-TFUEL,2026-09-17,245,1440,0.1701388888888889
KRW-THETA,2026-09-17,195,1440,0.13541666666666666
KRW-TIA,2026-09-17,198,1440,0.1375
KRW-TOKAMAK,2026-09-17,334,1440,0.23194444444444445
KRW-TOSHI,2026-09-17,306,1440,0.2125
KRW-TRAC,2026-09-17,907,1440,0.6298611111111111
KRW-TREE,2026-09-17,657,1440,0.45625
KRW-TRUMP,2026-09-17,1221,1440,0.8479166666666667
KRW-TRUST,2026-09-17,252,1440,0.175
KRW-UNI,2026-09-17,1095,1440,0.7604166666666666
KRW-UP2,2026-09-17,529,1440,0.36736111111111114
KRW-USD1,2026-09-17,202,1440,0.14027777777777778
KRW-USDE,2026-09-17,56,1440,0.03888888888888889
KRW-USDG,2026-09-17,25,1440,0.017361111111111112
KRW-USDS,2026-09-17,39,1440,0.027083333333333334
KRW-VANA,2026-09-17,412,1440,0.2861111111111111
KRW-VET,2026-09-17,429,1440,0.29791666666666666
KRW-VIRTUAL,2026-09-17,836,1440,0.5805555555555556
KRW-VTHO,2026-09-17,1262,1440,0.8763888888888889
KRW-VVV,2026-09-17,866,1440,0.6013888888888889
KRW-W,2026-09-17,240,1440,0.16666666666666666
KRW-WAL,2026-09-17,236,1440,0.1638888888888889
KRW-WAVES,2026-09-17,796,1440,0.5527777777777778
KRW-WAXP,2026-09-17,367,1440,0.2548611111111111
KRW-WCT,2026-09-17,278,1440,0.19305555555555556
KRW-WET,2026-09-17,214,1440,0.1486111111111111
KRW-WIF,2026-09-17,75,1440,0.052083333333333336
KRW-WLD,2026-09-17,1095,1440,0.7604166666666666
KRW-WLFI,2026-09-17,540,1440,0.375
KRW-XAUT,2026-09-17,340,1440,0.2361111111111111
KRW-XCN,2026-09-17,427,1440,0.2965277777777778
KRW-XEC,2026-09-17,484,1440,0.33611111111111114
KRW-XLM,2026-09-17,1265,1440,0.8784722222222222
KRW-XPL,2026-09-17,641,1440,0.44513888888888886
KRW-XTZ,2026-09-17,213,1440,0.14791666666666667
KRW-YGG,2026-09-17,149,1440,0.10347222222222222
KRW-ZAMA,2026-09-17,444,1440,0.30833333333333335
KRW-ZBT,2026-09-17,228,1440,0.15833333333333333
KRW-ZETA,2026-09-17,197,1440,0.13680555555555557
KRW-ZIL,2026-09-17,1130,1440,0.7847222222222222
KRW-ZK,2026-09-17,261,1440,0.18125
KRW-ZKC,2026-09-17,741,1440,0.5145833333333333
KRW-ZKP,2026-09-17,403,1440,0.2798611111111111
KRW-ZORA,2026-09-17,388,1440,0.26944444444444443
KRW-ZRO,2026-09-17,499,1440,0.34652777777777777
KRW-ZRX,2026-09-17,230,1440,0.1597222222222222
